question,correct_answer_letter,model_answer,stepback_rag_is_correct,model_full_response,rag_context_used,rag_context_filenames,max_score,mean_score,stepback_questions
"A 39-year-old woman is brought to the emergency department because of fevers, chills, and left lower quadrant pain. Her temperature is 39.1°C (102.3°F), pulse is 126/min, respirations are 28/min, and blood pressure is 80/50 mm Hg. There is blood oozing around the site of a peripheral intravenous line. Pelvic examination shows mucopurulent discharge from the cervical os and left adnexal tenderness. Laboratory studies show:
Platelet count 14,200/mm3
Fibrinogen 83 mg/mL (N = 200–430 mg/dL)
D-dimer 965 ng/mL (N < 500 ng/mL)
When phenol is applied to a sample of the patient's blood at 90°C, a phosphorylated N-acetylglucosamine dimer with 6 fatty acids attached to a polysaccharide side chain is identified. A blood culture is most likely to show which of the following?""

Options:
A: Coagulase-positive, gram-positive cocci forming mauve-colored colonies on methicillin-containing agar
B: Encapsulated, gram-negative coccobacilli forming grey-colored colonies on charcoal blood agar
C: Spore-forming, gram-positive bacilli forming yellow colonies on casein agar
D: Lactose-fermenting, gram-negative rods forming pink colonies on MacConkey agar
E: Gamma-hemolytic, gram-positive cocci forming green colonies on vancomycin agar",D,D,True,"The patient presents with signs of severe sepsis or septic shock, indicated by fever, tachycardia, hypotension, and evidence of end-organ dysfunction (mucopurulent discharge and left adnexal tenderness). The laboratory findings show thrombocytopenia (platelet count 14,200/mm3), elevated D-dimer (965 ng/mL), and low fibrinogen (83 mg/mL), which are consistent with disseminated intravascular coagulation (DIC).

The identification of a phosphorylated N-acetylglucosamine dimer with 6 fatty acids attached to a polysaccharide side chain after applying phenol to the patient's blood at 90°C suggests the presence of lipopolysaccharide (LPS), which is a component of the outer membrane of gram-negative bacteria. This finding is indicative of a gram-negative bacterial infection.

Now, let's analyze the options:

A: Coagulase-positive, gram-positive cocci forming mauve-colored colonies on methicillin-containing agar - This describes Staphylococcus aureus, which is gram-positive and can produce coagulase, but it does not match the LPS finding.

B: Encapsulated, gram-negative coccobacilli forming grey-colored colonies on charcoal blood agar - This could describe Haemophilus influenzae or other encapsulated gram-negative organisms, but the description does not match the LPS finding.

C: Spore-forming, gram-positive bacilli forming yellow colonies on casein agar - This describes organisms like Clostridium, which are gram-positive and spore-forming, but again, it does not match the LPS finding.

D: Lactose-fermenting, gram-negative rods forming pink colonies on MacConkey agar - This describes Escherichia coli, a common gram-negative bacterium that ferments lactose and would produce the described LPS upon phenol extraction.

E: Gamma-hemolytic, gram-positive cocci forming green colonies on vancomycin agar - This describes Streptococcus pneumoniae, which is gamma-hemolytic and would not have the LPS endotoxin associated with gram-negative bacteria.

Based on the LPS finding, which is indicative of a gram-negative bacterial infection, the most likely organism is a lactose-fermenting, gram-negative rod, such as Escherichia coli. Therefore, the answer is (D) Lactose-fermenting, gram-negative rods forming pink colonies on MacConkey agar.","Positive blood cultures are more likely if drawn before antibiotic therapy, aiding in tailoring and de-escalating treatment. Efforts should be made to obtain cultures pre-antibiotics without delaying treatment.
---
In patients with severe sepsis, what is the sensitivity of blood cultures taken after the initiation of antimicrobial therapy?",tbl-fabled.md,15.36833667755127,14.51564073562622,"What is the likely diagnosis for this patient?
What is the most common causative organism for this condition?
Which blood culture is most likely to show this organism?"
"A 39-year-old man presents to the emergency department because of progressively worsening chest pain and nausea that started at a local bar 30 minutes prior. The pain radiates to the epigastric area. He has a 5-year history of untreated hypertension. He has smoked 1 pack of cigarettes daily for the past 5 years and started abusing cocaine 2 weeks before his emergency room visit. The patient is diaphoretic and in marked distress. What should be the first step in management?

Options:
A: Diltiazem
B: Labetalol
C: Nitroglycerin
D: Propranolol
E: Reassurance and continuous monitoring",E,C,False,"The patient presents with symptoms suggestive of acute coronary syndrome (ACS), which includes chest pain, nausea, and diaphoresis. The presence of risk factors such as a history of untreated hypertension, smoking, and cocaine abuse further supports this concern. The first step in the management of a patient with suspected ACS is to address the immediate life-threatening issues and stabilize the patient.

Among the options provided:

A: Diltiazem is a calcium channel blocker that is not typically used as the first-line agent in the setting of ACS.
B: Labetalol is a mixed alpha and beta-blocker that could potentially be used in the setting of hypertensive emergencies but is not the first-line treatment for ACS.
C: Nitroglycerin is a vasodilator that can help alleviate chest pain in ACS by decreasing myocardial oxygen demand. It is often used as part of the initial management of ACS.
D: Propranolol is a beta-blocker that can be used in ACS, but it is not typically the first-line agent in the acute setting, especially in the absence of tachycardia or hypertension.
E: Reassurance and continuous monitoring is an important part of the management but not the only step to be taken.

Given the need to address the chest pain and potential myocardial ischemia, nitroglycerin would be an appropriate first step to help relieve the chest pain and reduce myocardial oxygen demand. Therefore, the answer is (C) Nitroglycerin.","This document provides an in-depth discussion on the management of Acute Coronary Syndrome (ACS), focusing on diagnostic criteria, treatment strategies, and specific considerations in various clinical scenarios. Key topics include the pathophysiology of ACS, emphasizing the importance of serial ECGs due to their limited sensitivity in initial presentations. The Sgarbossa criteria are highlighted for diagnosing AMI in patients with pre-existing left bundle branch block (LBBB). The document also covers Takotsubo cardiomyopathy, characterized by ST elevation without obstructive coronary artery disease, often triggered by stress. The kinetics of cardiac biomarkers, particularly troponins and CK-MB, are detailed, noting their diagnostic timelines and limitations. Management strategies for ACS include the use of antiplatelet and antithrombotic therapies, with specific guidelines for the use of fibrinolytics and PCI, including eligibility criteria and contraindications. The document also addresses the management of",cc-78-1.md,15.096907615661621,15.096907615661621,"What is the most likely diagnosis for a patient with chest pain radiating to the epigastric area, diaphoresis, and a history of cocaine abuse?
What is the initial management for acute coronary syndrome?
Which medication is contraindicated in a patient with suspected acute coronary syndrome?"
"A 65-year-old man is brought to the emergency department 30 minutes after the onset of acute chest pain. He has hypertension and asthma. Current medications include atorvastatin, lisinopril, and an albuterol inhaler. He appears pale and diaphoretic. His pulse is 114/min and blood pressure is 130/88 mm Hg. An ECG shows ST-segment depressions in leads II, III, and aVF. Laboratory studies show an increased serum troponin T concentration. The patient is treated for acute coronary syndrome and undergoes percutaneous transluminal coronary angioplasty. At the time of discharge, echocardiography shows a left ventricular ejection fraction of 58%. In addition to aspirin, which of the following drugs should be added to this patient's medication regimen?

Options:
A: Nifedipine
B: Enoxaparin
C: Clopidogrel
D: Spironolactone
E: Propranolol
""",C,C,True,"First, let's summarize the available information:
- The patient is a 65-year-old man with a history of hypertension and asthma.
- He presented with acute chest pain, which was treated as an acute coronary syndrome, and he underwent percutaneous transluminal coronary angioplasty.
- His echocardiography shows a left ventricular ejection fraction of 58%, indicating good heart function.
- The question asks which medication, in addition to aspirin, should be added to his regimen.

Now, let's consider each option:
A: Nifedipine is a calcium channel blocker used for hypertension and angina, but it is not typically used in the setting of acute coronary syndrome post-angioplasty.
B: Enoxaparin is an anticoagulant used for the prevention of deep vein thrombosis, typically given during hospitalization, but not usually added long-term post-angioplasty in the absence of other indications.
C: Clopidogrel is an antiplatelet agent that is commonly used in dual antiplatelet therapy alongside aspirin to prevent stent thrombosis and recurrent cardiovascular events in patients with acute coronary syndrome who have undergone angioplasty.
D: Spironolactone is an aldosterone antagonist used for heart failure and hypertension, but it is not typically added immediately after an acute coronary event unless the patient has evidence of heart failure or is at high risk for future cardiac events.
E: Propranolol is a beta-blocker that can be used in the setting of acute coronary syndrome, but it is not typically added in a patient with a preserved ejection fraction unless there are other indications such as tachyarrhythmias or hypertension not controlled by other means.

Given the patient's recent acute coronary syndrome and angioplasty, the addition of a second antiplatelet agent, such as clopidogrel, is standard care to prevent stent thrombosis and recurrent cardiovascular events. Therefore, the answer is (C) Clopidogrel.","In the case of a 65-year-old man with a mild ischemic stroke, the clinical decision revolves around whether to prescribe aspirin alone or in combination with ticagrelor. While aspirin is a standard treatment to prevent recurrent strokes, recent trials have shown mixed results regarding dual antiplatelet therapy. The combination of aspirin and clopidogrel has not consistently reduced stroke recurrence and has increased bleeding risks. Ticagrelor, a direct-acting antiplatelet, when combined with aspirin, showed a reduction in stroke or death within 30 days compared to aspirin alone, but with a higher incidence of severe bleeding and no significant improvement in disability outcomes. Given these findings, the recommendation is to discharge the patient on aspirin alone, with a follow-up in a TIA/Stroke Clinic, emphasizing the importance of risk assessment and shared decision-making in managing antiplatelet therapy.",sgem-303.md,13.562287330627441,13.562287330627441,"What is the recommended duration of dual antiplatelet therapy after percutaneous transluminal coronary angioplasty (PTCA)?
Which antiplatelet agent should be continued long-term after PTCA?
Which antiplatelet agent should be added to the patient's regimen at discharge?"
"A 59-year-old overweight woman presents to the urgent care clinic with the complaint of severe abdominal pain for the past 2 hours. She also complains of a dull pain in her back with nausea and vomiting several times. Her pain has no relation with food. Her past medical history is significant for recurrent abdominal pain due to cholelithiasis. Her father died at the age of 60 with some form of abdominal cancer. Her temperature is 37°C (98.6°F), respirations are 15/min, pulse is 67/min, and blood pressure is 122/98 mm Hg. Physical exam is unremarkable. However, a CT scan of the abdomen shows a calcified mass near her gallbladder. Which of the following diagnoses should be excluded first in this patient?

Options:
A: Acute cholecystitis
B: Gallbladder cancer
C: Choledocholithiasis
D: Pancreatitis
E: Duodenal peptic ulcer",B,B,True,"The patient is a 59-year-old overweight woman presenting with severe abdominal pain, back pain, nausea, and vomiting. Her pain is not related to food intake. She has a history of recurrent abdominal pain due to cholelithiasis. The presence of a calcified mass near her gallbladder on a CT scan is a significant finding.

Given her history of cholelithiasis, the differential diagnosis includes acute cholecystitis, gallbladder cancer, choledocholithiasis, pancreatitis, and duodenal peptic ulcer. Acute cholecystitis typically presents with pain related to food intake, fever, and leukocytosis, which is not the case here. Choledocholithiasis would also typically present with pain related to food intake and possibly jaundice. Pancreatitis often presents with epigastric pain that may radiate to the back, but it is not typically associated with a calcified mass near the gallbladder. A duodenal peptic ulcer would not explain the calcified mass near the gallbladder and is less likely to cause back pain.

Gallbladder cancer is a possibility given the patient's age, the presence of a calcified mass near the gallbladder, and her history of cholelithiasis, which is a risk factor for gallbladder cancer. The lack of specific symptoms for gallbladder cancer (such as weight loss, anorexia, or jaundice) does not exclude this diagnosis. The presence of a calcified mass in the gallbladder area is particularly concerning for gallbladder cancer, especially in the context of her family history of abdominal cancer.

Therefore, the answer is (B) Gallbladder cancer.",,,0.0,0.0,"What is the most common cause of abdominal pain in the setting of a calcified mass near the gallbladder?
What is the most common complication of this condition?
What is the most common malignancy associated with this condition?
What is the most common symptom of this condition?
What is the most common sign of this condition?
What is the most common diagnostic test for this condition?
What is the most common treatment for this condition?
What is the most common risk factor for this condition?
What is the most common cause of death in patients with this condition?
What is the most common symptom of this condition?"
"A 29-year-old man presents to the emergency department due to central chest pain over the past 3 days which is constant and unrelated to exertion. The pain is sharp, severe, increases when lying down, and improves with leaning forward. The pain also radiates to his shoulders and neck. The patient has no past medical history. He has smoked 10 cigarettes per day for the past 7 years and occasionally drinks alcohol. He presents with vital signs: blood pressure 110/70 mm Hg, regular radial pulse of 95/min, and temperature 37.3°C (99.1°F). On physical exam, a scratching sound of to-and-from character is audible over the left sternal border at end-expiration with the patient leaning forward. His chest X-ray is normal and ECG is shown in the picture. Which of the following is the optimal therapy for this patient?

Options:
A: Indomethacin +/- omeprazole
B: Ibuprofen + colchicine +/- omeprazole
C: Prednisone + colchicine
D: Pericardiocentesis
E: Pericardiectomy",B,B,True,"First, let's summarize the available information:
- The patient is a 29-year-old man.
- He presents with central chest pain that is sharp, severe, and increases when lying down.
- The pain improves with leaning forward and radiates to the shoulders and neck.
- There is no past medical history provided.
- The patient has a history of smoking and occasional alcohol use.
- Vital signs are within normal limits except for a slightly elevated temperature.
- A scratching sound (pericardial friction rub) is heard over the left sternal border.
- The chest X-ray is normal.
- The ECG is shown in the picture (not provided here, but we can infer it is likely abnormal given the context).

The clinical presentation is suggestive of acute pericarditis, which is characterized by chest pain that is positional and relieved by sitting forward, a pericardial friction rub, and potentially associated symptoms such as fever and myalgia.

Now, let's evaluate the treatment options:

A: Indomethacin +/- omeprazole - Indomethacin is a nonsteroidal anti-inflammatory drug (NSAID) that can be used to treat pericarditis. Omeprazole is a proton pump inhibitor that can be used to manage NSAID-related gastric side effects.

B: Ibuprofen + colchicine +/- omeprazole - Ibuprofen is another NSAID that can be used for pericarditis. Colchicine is an anti-inflammatory medication that has been shown to reduce the risk of recurrent pericarditis. Omeprazole would be used for gastric protection as with any NSAID use.

C: Prednisone + colchicine - Prednisone is a corticosteroid that can be used in acute pericarditis, often when NSAIDs are contraindicated or ineffective. Colchicine is used for its anti-inflammatory properties, as mentioned before, to reduce the risk of recurrence.

D: Pericardiocentesis - This is a procedure to remove fluid from the pericardial space and is typically reserved for patients with cardiac tamponade or significant pericardial effusion causing symptoms.

E: Pericardiectomy - This is a surgical procedure to remove part or all of the pericardium and is typically reserved for constrictive pericarditis or recurrent pericarditis not responding to medical therapy.

Given the patient's presentation and the absence of any mention of cardiac tamponade or constrictive pericarditis, the optimal initial therapy would be medical management rather than invasive procedures. Among the medical options, colchicine is often recommended to reduce the risk of recurrence in acute pericarditis, and it is commonly used in conjunction with NSAIDs like ibuprofen for symptom relief.

Therefore, the answer is (B) Ibuprofen + colchicine +/- omeprazole.","- Chest pain
- Sharp
- Pleuritic
- Varies with position
- Relieved by sitting forward and worse lying down/deep breath in/swallowing
- May radiate to shoulders/diaphragm
- Hx of fevers and myalgia
- The friction rub - is typically only heard in sound-proofed cardiologists' offices  
***There is no single test that is diagnostic for pericarditis***",cc-82.md,14.213037490844727,14.213037490844727,"What is the most likely diagnosis for a patient with central chest pain that is positional and sharp, radiates to the shoulders, and improves with leaning forward?
What is the characteristic finding on auscultation for a patient with this condition?
What is the best initial test for this condition?
What is the treatment of choice for this condition?"
"A 46-year-old man is brought to the emergency department for evaluation of altered mental status. He was found on the floor in front of his apartment. He is somnolent but responsive when aroused. His pulse is 64/min, respiratory rate is 15/min, and blood pressure is 120/75 mm Hg. On physical examination, an alcoholic smell and slurred speech are noted. Neurological exam shows diminished deep tendon reflexes bilaterally and an ataxic gait. His pupils are normal. Blood alcohol concentration is 0.04%. An ECG shows no abnormalities. Which of the following is the most likely cause of this patient's symptoms?

Options:
A: Hypoglycemia
B: Cerebral ischemia
C: Ethanol intoxication
D: Cannabis intoxication
E: Benzodiazepine intoxication
""",E,C,False,"The patient presents with altered mental status, somnolence, an alcoholic smell, slurred speech, diminished deep tendon reflexes, and an ataxic gait. The blood alcohol concentration is 0.04%, which is above the legal intoxication level in many jurisdictions but may not be sufficiently high to cause severe intoxication symptoms. However, the presence of an alcoholic smell and slurred speech, along with the ataxic gait and the absence of other abnormal findings such as abnormal pupils or ECG changes, suggests that the symptoms are likely due to alcohol consumption.

Hypoglycemia (A) can cause altered mental status, but there is no information provided about blood glucose levels, and the presence of an alcoholic smell and slurred speech points away from this diagnosis.

Cerebral ischemia (B) could cause altered mental status, but it is less likely in the absence of risk factors, symptoms of stroke, or abnormal neurological findings such as focal deficits, which are not described in the scenario.

Ethanol intoxication (C) is consistent with the presentation, including the smell of alcohol, slurred speech, ataxic gait, and diminished reflexes. The blood alcohol concentration supports this diagnosis, although the level is not extremely high.

Cannabis intoxication (D) can cause altered mental status and ataxia, but the smell of alcohol and the patient's presentation are more indicative of ethanol intoxication.

Benzodiazepine intoxication (E) can also present with altered mental status and ataxia, but the patient's history and presentation are more consistent with alcohol intoxication, and benzodiazepine intoxication would not explain the alcoholic smell.

Given the information provided, the most likely cause of the patient's symptoms is ethanol intoxication. Therefore, the answer is (C) Ethanol intoxication.",,,0.0,0.0,"What condition presents with altered mental status, slurred speech, diminished deep tendon reflexes, and ataxic gait?
What laboratory test is recommended to evaluate for this condition?
What other clinical findings would support this diagnosis?"
"A 6-year-old boy is brought to the emergency department by his mother for worsening wheezing and shortness of breath over the past day. He has not had a fever, cough, vomiting, or diarrhea. He has asthma and eczema. He uses a glucocorticoid inhaler and an albuterol inhaler but has missed his medications for the past week while on vacation. He appears uncomfortable. His temperature is 36°C (96.8°F), pulse is 120/min, respirations are 40/min, and blood pressure is 100/80. Expiratory and inspiratory wheezing is heard throughout both lung fields. There are moderate intercostal and subcostal retractions and a decreased inspiratory to expiratory ratio. Nebulized albuterol and ipratropium treatments and intravenous methylprednisolone are given in the emergency department for a presumed asthma exacerbation. One hour later, the child is limp and lethargic. Magnesium sulfate is administered. His temperature is 36°C (96.8°F), pulse is 150/min, respirations are 22/min, and blood pressure is 100/70. No wheezing is heard on repeat pulmonary examination. Which of the following is the most appropriate next step in management?

Options:
A: Intubate with mechanical ventilation
B: Perform needle thoracostomy at the 2nd intercostal space
C: Perform bronchoscopy
D: Provide helium and oxygen mixture
E: Provide additional dose of methylprednisolone",A,A,True,"The patient is a 6-year-old boy with a history of asthma and eczema, presenting with worsening wheezing and shortness of breath. He has missed his asthma medications for a week and is now experiencing an acute exacerbation. Initial treatment with nebulized albuterol and ipratropium, along with intravenous methylprednisolone, is appropriate for a severe asthma exacerbation. However, one hour later, the child has become limp and lethargic, and there is a significant change in his pulmonary examination, with no wheezing heard. This suggests that his condition has deteriorated, likely due to severe bronchospasm or impending respiratory failure.

The absence of wheezing on repeat examination is particularly concerning, as it may indicate a severe exacerbation that is not responding to initial treatments. The patient's vital signs show tachycardia and tachypnea with a decreased inspiratory to expiratory ratio, which are signs of respiratory distress.

Given the options provided:

A: Intubation with mechanical ventilation is a consideration for severe asthma exacerbations that do not respond to initial treatments and when the patient is in respiratory failure or imminent respiratory failure.

B: A needle thoracostomy (chest tube placement) is indicated for a pneumothorax or pleural effusion, which does not seem to be the case here.

C: Bronchoscopy is a diagnostic procedure and is not the immediate next step in the management of a severe asthma exacerbation.

D: Providing a helium and oxygen mixture (Heliox) can help reduce the work of breathing in obstructive lung diseases, but it is not the primary intervention for a patient in acute respiratory failure.

E: While additional steroids could be considered in the management of an asthma exacerbation, the patient's current state suggests that he requires immediate respiratory support.

Considering the urgency of the situation and the need for immediate intervention to support the patient's breathing, the most appropriate next step in management is to secure the airway and provide respiratory support.

Therefore, the answer is (A) Intubate with mechanical ventilation.",,,0.0,0.0,"What is the most common cause of sudden respiratory failure in a previously wheezing child?
What is the most appropriate next step in management for a child with a sudden decrease in respiratory effort and worsening respiratory distress after initial treatment for asthma exacerbation?"
"A 3-year-old boy presents to the emergency department with a ‘cough-like-a-seal bark’ and a high-pitched inspiratory noise that is audible without a stethoscope. His mother reports that his cough has worsened over the last few hours. The patient's blood pressure is 118/78 mm Hg, pulse is 90/min, respiratory rate is 35/min, and temperature is 38.3°C (101.1°F). On physical examination, the boy is sitting and leaning forward in apparent respiratory distress with suprasternal and intercostal retractions. Auscultation reveals inspiratory stridor without wheezing. He has a frequent barking cough and a hoarse voice when he speaks. What is a chest X-ray likely to show?

Options:
A: Diffuse streaky infiltrates
B: Increased interstitial markings
C: Lobar consolidation in the lingual
D: Thumbprint sign on the lateral image
E: Steeple sign",E,E,True,"The patient's presentation with a 'cough-like-a-seal bark', high-pitched inspiratory noise audible without a stethoscope, and inspiratory stridor, along with the physical examination findings of suprasternal and intercostal retractions, suggest a diagnosis of croup. Croup is a common respiratory condition in children characterized by inflammation and swelling of the upper airways, typically caused by a viral infection. The presence of a fever and a hoarse voice also supports this diagnosis.

The classic radiographic finding associated with croup is the ""steeple sign,"" which is the narrowing of the subglottic airway seen on a frontal chest X-ray, making the upper airway appear tapered like a church steeple.

Let's evaluate the options:

A: Diffuse streaky infiltrates - This finding is more consistent with a diffuse pulmonary process such as viral pneumonia or interstitial lung disease, not croup.

B: Increased interstitial markings - This could be seen in interstitial lung diseases but is not specific for croup.

C: Lobar consolidation in the lingual - Lobar consolidation is typically associated with bacterial pneumonia, not croup.

D: Thumbprint sign on the lateral image - The thumbprint sign is associated with epiglottitis, which is a different condition and presents with a swollen epiglottis on a lateral neck X-ray, not a chest X-ray.

E: Steeple sign - This is the classic finding in croup on a chest X-ray.

Given the clinical presentation and the typical radiographic findings in croup, the chest X-ray is likely to show the steeple sign. Therefore, the answer is (E) Steeple sign.",,,0.0,0.0,"What is the most common cause of a barking cough and inspiratory stridor in a child?
What radiographic finding is associated with this condition?"
"A 4-year-old previously healthy boy presents with 4 days of intermittent vomiting and 5-6 daily loose stools. His mother noted bloody stools and decreased oral intake of food and water over the last 24 hours. He is normally in daycare; however, he has been home for the past 3 days. On physical exam his temperature is 102.2°F (39°C), blood pressure is 140/90 mmHg, pulse is 120/min, respirations are 22/min and O2 saturation is 99% on room air. He has dry mucous membranes. On abdominal exam you note diffuse tenderness to palpation without rebound or guarding. There are no masses, hepatosplenomegaly, and bowel sounds are hyperactive. Ultrasound of the right lower quadrant is negative for appendicitis. Stool is guaiac positive. He receives 15mg/kg acetaminophen and fluids are started. The next day, he complains of lower extremity weakness and tingling. On repeat exam, lower extremity strength is 3/5 with diminished patellar deep tendon reflexes. Which of the following lab findings would most likely be seen in this patient?

Options:
A: Gram stain positive CSF
B: Peripheral eosinophilia
C: Xanthochromia on cerebrospinal fluid analysis
D: Increased cerebrospinal fluid protein with normal cell count
E: Oligoclonal bands on cerebrospinal fluid analysis",D,D,True,"The patient presents with symptoms of intermittent vomiting, loose stools with bloody stools, decreased oral intake, high fever, and signs of dehydration (dry mucous membranes). The presence of bloody stools and a positive guaiac test suggests gastrointestinal bleeding. The initial presentation could be consistent with a gastrointestinal infection, such as bacterial enteritis or viral gastroenteritis. However, the development of lower extremity weakness and tingling, along with diminished patellar deep tendon reflexes, indicates a neurological complication.

Given the clinical context, one possible diagnosis is Guillain-Barré syndrome (GBS), which is an acute inflammatory demyelinating polyradiculoneuropathy that often follows an infection. GBS can present with ascending weakness and areflexia (absent reflexes), which fits the description of the patient's symptoms.

Now let's analyze the answer choices in relation to GBS:

A: Gram stain positive CSF would suggest bacterial meningitis, which is not consistent with the patient's presentation.
B: Peripheral eosinophilia is typically associated with parasitic infections or allergic reactions, not GBS.
C: Xanthochromia on cerebrospinal fluid analysis is associated with subarachnoid hemorrhage, which is not indicated by the patient's symptoms or the negative right lower quadrant ultrasound for appendicitis.
D: Increased cerebrospinal fluid protein with normal cell count is characteristic of GBS, as the condition involves an immune-mediated process that affects the peripheral nerves and leads to albuminocytological dissociation in the CSF.
E: Oligoclonal bands on cerebrospinal fluid analysis are typically associated with multiple sclerosis and other inflammatory conditions of the central nervous system, not GBS.

Based on the patient's presentation and the typical findings in Guillain-Barré syndrome, the most likely lab finding would be increased cerebrospinal fluid protein with a normal cell count. Therefore, the answer is (D) Increased cerebrospinal fluid protein with normal cell count.",,,0.0,0.0,"What is the most likely diagnosis for a previously healthy 4-year-old boy with intermittent vomiting, bloody stools, and decreased oral intake?
What are the common complications of this condition that could explain the lower extremity weakness and diminished patellar reflexes?
Which lab finding is associated with these complications?"
"A 42-year-old woman comes to the emergency department because of a 2-day history of right upper abdominal pain and nausea. She is 163 cm (5 ft 4 in) tall and weighs 91 kg (200 lb); her BMI is 34 kg/m2. Her temperature is 38.5°C (101.3°F). Physical examination shows a distended abdomen and right upper quadrant tenderness with normal bowel sounds. Laboratory studies show:
Leukocyte count 14,000/mm3
Serum
Total bilirubin 1.1 mg/dL
AST 32 U/L
ALT 40 U/L
Alkaline phosphatase 68 U/L
Abdominal ultrasonography is performed, but the results are inconclusive. Cholescintigraphy shows the intrahepatic bile ducts, hepatic ducts, common bile duct, and proximal small bowel. Which of the following is the most likely cause of this patient's symptoms?""

Options:
A: Autodigestion of pancreatic parenchyma
B: Hypomotility of the gallbadder
C: Fistula between the gallbladder and small intestine
D: Infection with a hepatotropic virus
E: Obstruction of the cystic duct",E,B,False,"The patient presents with right upper abdominal pain and nausea, which are common symptoms of pancreatitis. However, the patient's symptoms and laboratory findings do not strongly point towards pancreatitis. The elevated temperature could suggest an infectious process, but the leukocyte count is not significantly elevated, and the AST, ALT, and total bilirubin levels are within normal limits or only slightly elevated, which is not typical for acute pancreatitis.

The abdominal ultrasonography being inconclusive and the cholescintigraphy showing the intrahepatic bile ducts, hepatic ducts, common bile duct, and proximal small bowel could indicate a biliary issue. The options provided are potential causes related to the biliary system or infectious agents.

Option A (Autodigestion of pancreatic parenchyma) refers to an autoimmune process that would lead to pancreatitis, but the lack of significant elevation in pancreatic enzymes (not provided, but can be inferred from the normal AST and ALT levels) makes this less likely.

Option B (Hypomotility of the gallbladder) could lead to gallstones, which are a common cause of acute pancreatitis. However, the patient's symptoms and normal AST and ALT levels do not strongly suggest acute pancreatitis.

Option C (Fistula between the gallbladder and small intestine) could cause biliary symptoms and complications, but there is no mention of fistula in the imaging results.

Option D (Infection with a hepatotropic virus) is less likely given the normal bilirubin levels and the absence of symptoms typical for viral hepatitis, such as jaundice.

Option E (Obstruction of the cystic duct) could lead to gallbladder distension and symptoms of abdominal pain, but it would not typically cause the intrahepatic bile ducts, hepatic ducts, common bile duct, and proximal small bowel to be visible on cholescintigraphy as described.

Given the information provided and the normal levels of AST and ALT, the most likely cause of the patient's symptoms that fits with the cholescintigraphy findings is not listed among the options. The patient's symptoms and imaging results could suggest choledocholithiasis (stones in the common bile duct), which can lead to biliary obstruction and secondary biliary cirrhosis, but this is not an option provided.

Therefore, based on the information given and the process of elimination, none of the options provided are a perfect fit for the most likely cause of the patient's symptoms. However, if we consider the most relevant evidence from the question stem and the available options, the closest match would be Option B (Hypomotility of the gallbladder), as it could lead to gallstone formation, which is a common cause of acute pancreatitis, even though the patient's presentation does not strongly suggest acute pancreatitis.

Therefore, the answer is (B) Hypomotility of the gallbladder.","The document provides a comprehensive overview of pancreatitis, focusing on its pathophysiology, causes, management, and complications. Acute pancreatitis is primarily caused by gallstones and chronic alcohol consumption in adults, while trauma is the leading cause in pediatrics. Management priorities include aggressive fluid resuscitation, pain control, correction of electrolyte imbalances, and early enteral feeding. Complications can be acute, such as SIRS and organ failure, or chronic, leading to conditions like diabetes and pancreatic cancer. Diagnostic criteria include clinical features, elevated lipase or amylase, and imaging, with CT and MRCP being key tools. Chronic pancreatitis management involves supportive care, including pain relief and nutritional support. Pancreatic cancer, with a poor prognosis, is diagnosed via CT and endoscopic ultrasound, with management focusing on palliative care. The document also highlights the importance of differentiating pancreatitis from other conditions and the
---
The term hepatitis is general. Usually, it refers to one of the TWO most common causes of hepatitis, which are:  
1. Viral hepatitis
2. Alcoholic hepatitis  
But there are other causes, including:  
3. Bacterial
4. Fungal
5. Parasitic
6. Medication induced (e.g., Tylenol)
7. Nutritional / herbal supplements (e.g., mushrooms)
8. Autoimmune  
Most viral causes are from one of five viruses:  
- Hepatitis A = infectious
- Hepatitis B = serum
- Hepatitis C = post-transfusion / serum
- Delta viruses
- Epstein-Barr virus  
Viral hepatitis can present in many ways, and many people can be asymptomatic.  
Look for:  
- Malaise, fever, anorexia, nausea, vomiting, diarrhea. Most people come to medical care once JAUNDICED (scleral icterus occurs first).  
Fulminant hepatitis:  
- Acute onset of hepatic failure with encephalopathy over days to weeks. Usually occurs with HBV-HDV co-infection.  
Usually, we can’t find the precise cause of hepatitis in the ED, but tests should include:",cc-90.md | cc-91.md,15.418523788452148,15.1590576171875,"What is the most common cause of obstructive jaundice in a patient with a palpable gallbladder?
What is the most common cause of acute cholecystitis?
What is the most common cause of pancreatitis?
What is the most common cause of ascites?
What is the most common cause of hepatomegaly?
What is the most common cause of hepatitis?
What is the most common cause of hepatocellular failure?
What is the most common cause of hepatocellular cancer?
What is the most common cause of cirrhosis?
What is the most common cause of portal hypertension?"
"A 22-year-old woman is brought to the emergency department because of a 2-day history of fever, intermittent rigors, and night sweats. She also has a 1-month history of progressive fatigue. Five weeks ago, she was hospitalized and received intravenous antibiotics for treatment of bacterial meningitis while visiting relatives in Guatemala. Her temperature is 39.4°C (102.9°F), pulse is 130/min, and blood pressure is 105/70 mm Hg. Examination shows pallor and scattered petechiae and ecchymoses. Laboratory studies show a hemoglobin concentration of 9.0 g/dL, a leukocyte count of 1,100/mm3 with 30% segmented neutrophils, and a platelet count of 20,000/mm3 . Blood cultures grow coagulase-negative staphylococci. The patient was most likely treated with which of the following antibiotics?

Options:
A: Doxycycline
B: Trimethoprim/sulfamethoxazole
C: Vancomycin
D: Linezolid
E: Chloramphenicol",E,E,True,"The patient presents with fever, intermittent rigors, night sweats, progressive fatigue, and a history of recent hospitalization and antibiotic treatment for bacterial meningitis. The current symptoms and laboratory findings suggest a possible case of disseminated intravascular coagulation (DIC), as indicated by pallor, petechiae, ecchymoses, low hemoglobin, low leukocyte count, and low platelet count. The growth of coagulase-negative staphylococci in blood cultures could be indicative of a catheter-related bloodstream infection, which is common in patients who have been recently hospitalized and received intravenous antibiotics.

When considering the antibiotics listed, it's important to note that coagulase-negative staphylococci are often resistant to methicillin and thus are typically treated with antibiotics that cover methicillin-resistant Staphylococcus aureus (MRSA). Among the options provided:

A) Doxycycline is a tetracycline antibiotic and is not typically the first choice for treating staphylococcal infections, especially in a hospital-acquired setting.
B) Trimethoprim/sulfamethoxazole is commonly used for urinary tract infections and some types of pneumonia but is not the first-line treatment for staphylococcal infections.
C) Vancomycin is an antibiotic that is effective against MRSA and is often used to treat serious staphylococcal infections, including those caused by coagulase-negative staphylococci.
D) Linezolid is another antibiotic that is effective against MRSA and is used for treating serious infections caused by gram-positive bacteria.
E) Chloramphenicol is not commonly used for staphylococcal infections and has significant side effects, including bone marrow suppression, which could explain the low blood counts.

Given that the patient was most likely treated with an antibiotic that is effective against MRSA and coagulase-negative staphylococci, and considering the potential for causing bone marrow suppression (which could explain the low blood counts), chloramphenicol is a possible culprit. However, vancomycin is also a likely candidate, as it is commonly used for serious staphylococcal infections and could also cause the observed hematological abnormalities.

Without additional information to definitively rule out vancomycin, it is reasonable to consider both antibiotics as potential causes of the patient's current condition. However, since the question asks for the ""most likely"" antibiotic and chloramphenicol is less commonly used and has a known side effect profile that includes bone marrow suppression, which aligns with the patient's symptoms, chloramphenicol might be the most likely cause.

Therefore, the answer is (E) Chloramphenicol.",,,0.0,0.0,"What is the likely diagnosis for this patient?
What is the most common causative organism for this condition?
Which antibiotic is the first-line treatment for this condition?"
"A 27-year-old man presents to the emergency department. He was brought in by staff from the homeless shelter when they found him unresponsive. The patient is a known IV drug abuser but otherwise has an unknown past medical history. He currently attends a methadone clinic. His temperature is 99.5°F (37.5°C), blood pressure is 97/48 mmHg, pulse is 140/min, respirations are 29/min, and oxygen saturation is 98% on room air. Initial laboratory values are shown below.

Serum:
Na+: 139 mEq/L
Cl-: 100 mEq/L
K+: 6.3 mEq/L
HCO3-: 17 mEq/L
Glucose: 589 mg/dL

The patient is given treatment. After treatment, his temperature is 99.5°F (37.5°C), blood pressure is 117/78 mmHg, pulse is 100/min, respirations are 23/min, and oxygen saturation is 98% on room air. His laboratory values are seen below.

Serum:
Na+: 139 mEq/L
Cl-: 100 mEq/L
K+: 4.3 mEq/L
HCO3-: 19 mEq/L
Glucose: 90 mg/dL

Which of the following is the best next step in management?

Options:
A: Insulin, IV fluids, and potassium
B: Insulin, potassium, IV fluids, and glucose
C: IV fluids only
D: Oral rehydration
E: Supportive therapy and close monitoring",B,E,False,"First, let's summarize the available information:
- A 27-year-old man with a history of IV drug use and unresponsive presentation is treated in the emergency department.
- His initial vital signs are a slightly elevated temperature, low blood pressure, high pulse rate, and normal respirations with high oxygen saturation.
- His initial lab values show hyperkalemia (high potassium), hypernatremia (high sodium), high blood glucose, and low bicarbonate, suggesting a metabolic acidosis.
- After treatment, his vital signs improve, and his lab values show improved potassium, bicarbonate, and glucose levels, but sodium remains high.

The patient's initial presentation is consistent with hyperglycemic hyperosmolar state (HHS), likely due to his history of IV drug use and high initial glucose level. The treatment likely included insulin to address the hyperglycemia, which also helps to shift potassium from the extracellular to the intracellular space, potentially leading to hypokalemia. IV fluids are often given to address dehydration and circulatory issues.

Given the improved vital signs and lab values post-treatment, the patient seems to be responding well to the initial management. The next step should focus on continuing supportive care and monitoring for any complications, as the patient appears to be stabilizing.

Therefore, the answer is (E) Supportive therapy and close monitoring.","The normal range of vital signs may differ based on patient and practice setting. Using standard guidelines from PALS and APLS may be appropriate, but they should always be interpreted within the context of the clinical presentation.  
**What Do I Tell My Patient/Family?**",sgem-417.md,15.573243141174316,15.573243141174316,"What is the patient's initial presentation and vital signs?
What are the initial laboratory values?
What treatment was given and what are the post-treatment vital signs and laboratory values?
What is the best next step in management?"
"A one-day-old male is evaluated in the hospital nursery for bilious vomiting. The patient has urinated multiple times since birth but has not yet passed meconium. He was born at 38 weeks gestation to a 36-year-old gravida 3 via vaginal delivery. The pregnancy was complicated by gestational diabetes. The patient’s mother received routine prenatal care and declined first trimester screening. She subsequently underwent a quadruple screen at 15 weeks gestation that demonstrated decreased maternal serum alpha-fetoprotein (AFP), increased beta-hCG, decreased unconjugated estriol, and increased inhibin A. Her last ultrasound prior to onset of labor demonstrated an amniotic fluid index (AFI) of 28 cm. The patient’s two older siblings are both healthy. The patient’s temperature is 97.8°F (36.6°C), blood pressure is 58/37 mmHg, pulse is 166/min, and respirations are 38/min. On physical exam, the patient is in moderate distress. His abdomen is firm and distended with hypoactive bowel sounds.

Which of the following is the most likely etiology of this fetus’s presentation?

Options:
A: Duodenal atresia
B: Intestinal malrotation
C: Meconium ileus
D: Necrotizing enterocolitis
E: Pyloric stenosis",A,A,True,"Relevant chunks:
- Bilious vomiting
- Failure to pass meconium since birth
- Gestational diabetes
- Abnormal quadruple screen results (decreased AFP, increased beta-hCG, decreased unconjugated estriol, increased inhibin A)
- Low amniotic fluid index (AFI) of 28 cm
- Firm and distended abdomen with hypoactive bowel sounds on physical exam

Irrelevant chunks:
- Hypertrophic pyloric stenosis (not consistent with bilious vomiting and failure to pass meconium)
- Male, infant, first-born, 2-6 weeks (not relevant to the age of the patient)
- Classic findings seen late in the disease (not relevant to the acute presentation)
- Weight loss, “olive” on exam, hypochloremic-hypokalemic metabolic alkalosis (not mentioned in the case)
- Projectile vomiting may initially be absent (not mentioned in the case)
- On ultrasound, the pylorus appears thickened (not relevant to the current findings)
- A characteristic string sign (not relevant to the current findings)
- In advanced stages with complete obstruction at the pylorus (not relevant to the current findings)
- Plain films may reveal a distended, air-filled stomach (not relevant to the current findings)

Based on the provided information, the patient is a one-day-old male with bilious vomiting and failure to pass meconium since birth. The abnormal quadruple screen results and the low AFI suggest a chromosomal abnormality or a severe gastrointestinal anomaly. The presence of bilious vomiting and failure to pass meconium, along with the abnormal prenatal findings, makes duodenal atresia a likely diagnosis. Duodenal atresia is associated with a ""double bubble"" sign on imaging and can present with bilious vomiting and obstruction.

Intestinal malrotation typically presents earlier in life, often within the first few weeks of life, and is less likely to be associated with the prenatal findings described.

Meconium ileus is associated with cystic fibrosis and typically presents with failure to pass meconium, but it is less likely to cause bilious vomiting and the abnormal prenatal screening results seen here.

Necrotizing enterocolitis is more common in preterm infants and is less likely to present with the described prenatal findings.

Pyloric stenosis typically presents with non-bilious vomiting and would not explain the failure to pass meconium or the abnormal prenatal screening results.

Therefore, the answer is (A) Duodenal atresia.","- **Hypertrophic pyloric stenosis**
- Male (up to 85% male), infant, first-born, 2-6 weeks (can present up to 20 weeks old), with progressive vomiting
- Classic findings seen late in the disease:
- Weight loss, “olive” on exam, hypochloremic-hypokalemic metabolic alkalosis.
- Projectile vomiting may initially be absent
- On ultrasound, the pylorus appears thickened (pyloric muscle thickness > 4 mm; pyloric diameter > 14 mm) and elongated (>19 mm), which is diagnostic. A characteristic string sign, reflecting passage of contrast material through the narrowed pyloric sphincter, may also be evident. In advanced stages with complete obstruction at the pylorus; plain films may reveal a distended, air-filled stomach
- Differential Diagnosis
- Reflux classically begins shortly after birth and remains relatively constant. Infant with pyloric stenosis typically have progressively worsening emesis beginning around 2 or 3 weeks of life. In advanced stages, it occurs with every feed and is often described as projectile.",cc-172.md,15.582311630249023,15.582311630249023,"What is the typical presentation of duodenal atresia?
What is the typical presentation of intestinal malrotation?
What is the typical presentation of meconium ileus?
What is the typical presentation of necrotizing enterocolitis?
What is the typical presentation of pyloric stenosis?"
"A man is brought into the emergency department by the police department. The officer state that the man has been arrested multiple times for public alcohol intoxication, but recently became homeless. On exam, the man is behaving erratically. His vitals are all within normal limits. He appears confused and has a slurred speech. On gait exam, the patient is ataxic and cannot stand without support for more than a few seconds. Labs return with the following values: Na 140, K 4, Cl 106, BUN 8, Cr 2. His ABG has pH 7.3, PaCO2 13mm, PaO2 130mm, HCO3 7. His urinalysis is shown in Figure 1. Blood salicylate levels return as normal. While you await other diagnostic tests, which of the following should be administered next to treat this patient?

Options:
A: Ethanol
B: Naltrexone
C: Naloxone
D: Flumazenil
E: Fomepizole",E,E,True,"First, let's summarize the available information:
- The patient has a history of multiple arrests for public alcohol intoxication.
- He is currently behaving erratically, confused, and has slurred speech.
- He is ataxic and unable to stand without support.
- His labs show normal sodium, potassium, chloride, BUN, and creatinine levels.
- His ABG shows a pH of 7.3, PaCO2 of 13mm, PaO2 of 130mm, and HCO3 of 7, indicating metabolic acidosis.
- His urinalysis is pending, and blood salicylate levels are normal.

Given the history of alcohol abuse and the presentation of confusion, ataxia, and metabolic acidosis, methanol poisoning should be considered. Methanol poisoning can present with similar symptoms and is associated with metabolic acidosis.

The treatment for methanol poisoning involves inhibiting the enzyme alcohol dehydrogenase to prevent the formation of toxic metabolites, such as formic acid. This can be achieved with either ethanol or fomepizole. Fomepizole is preferred due to its fewer side effects compared to ethanol.

Ethanol (option A) is used as a competitive substrate for alcohol dehydrogenase but can cause intoxication and hypoglycemia. Naltrexone (option B) is used for alcohol dependence and opioid dependence, not acute poisoning. Naloxone (option C) is an opioid antagonist and would not be indicated in this case. Flumazenil (option D) is used to reverse the effects of benzodiazepines, not methanol poisoning.

Therefore, the correct treatment to administer next for suspected methanol poisoning is fomepizole (option E), which is an alcohol dehydrogenase inhibitor and the preferred treatment for methanol poisoning.

Therefore, the answer is (E) Fomepizole.","- Acidosis (pH < 7.3)
- Renal failure
- Vision abnormalities with methanol exposure
- Electrolyte imbalances unresponsive to conventional therapy (i.e., hyperkalemia)
- Hemodynamic instability
- Methanol or EG concentration more than 50 mg/dL.  
Mnemonic: RAVED 3
- Renal acidosis
- Acidosis
- Visual changes
- Electrolyte disturbance
- Deterioration  
Why is dialysis preferred for methanol poisoning?
At toxic concentrations, the elimination half-life of methanol is nearly 24 hours. The metabolite, formic acid, has a half-life of nearly 20 hours. With ADH inhibition by concurrent consumption of ethanol or administration of fomepizole, the half-life of methanol extends upward to more than 50 hours. With dialysis, the half-life of methanol is approximately 200 minutes.",cc-155.md,14.67934799194336,14.67934799194336,"What is the most likely diagnosis for a patient with ataxia, confusion, and slurred speech?
What are the typical lab findings in methanol poisoning?
What is the treatment for methanol poisoning?"
"A medical research study is evaluating an investigational novel drug (medication 1) compared with standard therapy (medication 2) in patients presenting to the emergency department with myocardial infarction (MI). The study enrolled a total of 3,000 subjects, 1,500 in each study arm. Follow-up was conducted at 45 days post-MI. The following are the results of the trial:
Endpoints Medication 1 Medication 2 P-Value
Primary: death from cardiac causes 134 210 0.03
Secondary: hyperkalemia 57 70 0.4
What is the number needed to treat (NNT) for the primary endpoint of death from cardiac causes? (Round to the nearest whole number.)

Options:
A: 5
B: 16
C: 20
D: 30
E: 50",C,D,False,"First, we need to calculate the number needed to treat (NNT) which is the average number of patients who need to be treated to prevent one additional bad outcome (in this case, death from cardiac causes). The NNT is calculated as the inverse of the absolute risk reduction (ARR).

To find the ARR, we subtract the event rate of the control group (medication 2) from the event rate of the treatment group (medication 1):

ARR = Event rate of Medication 1 - Event rate of Medication 2
ARR = 134 / 1500 - 210 / 1500
ARR = 0.0893 - 0.14
ARR = -0.0507

The ARR is negative, which means that Medication 1 is actually worse than Medication 2 in terms of the primary endpoint. Therefore, there is no NNT, as treating patients with Medication 1 would not reduce the risk of death from cardiac causes compared to Medication 2.

However, for the purpose of this question and to provide an answer, we will assume that the ARR is not negative and calculate the NNT as if the treatment is beneficial:

NNT = 1 / ARR
NNT = 1 / (0.0893 - (-0.0507))
NNT = 1 / 0.0386
NNT = 26.3 (rounded to the nearest whole number)

Since the ARR is positive but very close to the threshold of being zero, the NNT is quite high. However, since the question asks for the number to the nearest whole number, we would round this up to the next whole number.

Therefore, the answer is (D) 30.",,,0.0,0.0,
"A 15-year-old woman presents with fever, altered mental status and a petechial rash on her lower extremities and back since yesterday evening. She also says she has been nauseous for the past 3 hours and has vomited twice. The patient mentions she has had heavy menstrual bleeding for the past few days. Her blood pressure is 95/80 mm Hg and her temperature is 40.0°C (104.0°F). On physical examination, the patient appears diaphoretic. A pelvic examination reveals a tampon in her vagina. Binding and activation of which of the following T cell receptors is responsible for this patient’s most likely condition?

Options:
A: B7 receptor
B: Variable β-sequence of the T cell receptor
C: CD40
D: CD3
E: IgCAM",B,B,True,"The patient presents with fever, altered mental status, a petechial rash, nausea, vomiting, heavy menstrual bleeding, hypotension (blood pressure of 95/80 mm Hg), and high fever. These symptoms are suggestive of toxic shock syndrome (TSS). TSS is often associated with the use of superantigens, which are exotoxins produced by certain bacteria, such as Staphylococcus aureus and Streptococcus pyogenes. These superantigens cause a massive activation of T cells, leading to a systemic inflammatory response.

Superantigens bind to the major histocompatibility complex (MHC) class II molecules and T cell receptor (TCR) on the surface of cells, but they do so outside of the normal antigen binding groove. This leads to the activation of a large number of T cells without the need for antigen processing and presentation, which is typically restricted to peptide-MHC complexes.

The variable β-sequence of the T cell receptor (option B) is not specific to the mechanism of superantigen activation. The B7 receptor (option A) and CD40 (option C) are involved in co-stimulatory signals required for T cell activation, but they are not the primary receptors involved in superantigen-mediated T cell activation. IgCAM (option E) is an immunoglobulin-like cell adhesion molecule and is not directly involved in T cell receptor activation.

CD3 (option D) is a complex of proteins associated with the T cell receptor and is involved in signal transduction following antigen recognition. In the context of superantigen activation, the T cell receptor itself, which includes the variable β-sequence, is responsible for the non-specific activation of T cells.

Therefore, the answer is (B) Variable β-sequence of the T cell receptor.",,,0.0,0.0,"What is the most likely diagnosis for a patient with fever, altered mental status, petechial rash, nausea, vomiting, heavy menstrual bleeding, hypotension, and high fever?
What is the pathophysiology of this condition?
Which T cell receptor is responsible for this condition?"
"A 2-year-old boy is brought to the physician for evaluation of pallor and increasing lethargy for 2 days. One week ago, he experienced abdominal pain, vomiting, and bloody diarrhea that have since subsided. The patient's father states that they returned early from a 6-week roadtrip in Mexico because of these symptoms. His parents have been giving him oral rehydration solution. His immunizations are up-to-date. He appears pale. His temperature is 38.4°C (101.1°F), pulse is 130/min, respirations are 35/min, and blood pressure is 95/50 mm Hg. Examination shows scleral icterus. The abdomen is soft and nontender; there is no rebound or guarding. Bowel sounds are hyperactive. The remainder of the examination shows no abnormalities. Laboratory studies show:
Hemoglobin 8.5 g/dL
Mean corpuscular volume 94 μm3
Leukocyte count 18,000/mm3
Platelet count 45,000/mm3
Prothrombin time 12 sec
Partial thromboplastin time 34 sec
Serum
Urea nitrogen 28 mg/dL
Creatinine 1.6 mg/dL
Bilirubin
Total 2.5 mg/dL
Direct 0.1 mg/dL
Lactate dehydrogenase 1658 U/L
A blood smear shows schistocytes. Which of the following is the most likely diagnosis?""

Options:
A: Henoch-Schönlein Purpura
B: Thrombotic thrombocytopenic purpura
C: Hemolytic uremic syndrome
D: Immune thrombocytopenic purpura
E: Disseminated intravascular coagulation
""",C,C,True,"First, let's summarize the available information:
- A 2-year-old boy presents with pallor, lethargy, and a history of abdominal pain, vomiting, and bloody diarrhea after a trip to Mexico.
- He appears pale, has a fever, tachycardia, tachypnea, and normal blood pressure.
- Physical examination shows scleral icterus but no abdominal tenderness or guarding.
- Laboratory findings include anemia, normal MCV, leukocytosis, thrombocytopenia, normal PT, prolonged PTT, elevated urea nitrogen, creatinine, total bilirubin, and very high lactate dehydrogenase (LDH).
- A blood smear shows schistocytes.

Now, let's analyze the options in the context of the clinical presentation and lab findings:

A: Henoch-Schönlein Purpura - This condition typically presents with a purpuric rash, abdominal pain, arthritis, and renal involvement. It does not usually cause severe anemia, thrombocytopenia, or schistocytes on the blood smear.

B: Thrombotic thrombocytopenic purpura (TTP) - TTP is characterized by the pentad of microangiopathic hemolytic anemia, thrombocytopenia, renal impairment, neurological symptoms, and fever. The presence of schistocytes, thrombocytopenia, and elevated LDH are consistent with TTP.

C: Hemolytic uremic syndrome (HUS) - HUS often follows a diarrheal illness, particularly one caused by Shiga toxin-producing E. coli, which can be associated with travel to developing countries. It presents with the triad of microangiopathic hemolytic anemia, thrombocytopenia, and acute renal failure. The presentation is similar to TTP but typically lacks the neurological symptoms.

D: Immune thrombocytopenic purpura (ITP) - ITP is an autoimmune disorder characterized by isolated thrombocytopenia without significant anemia or schistocytes.

E: Disseminated intravascular coagulation (DIC) - DIC is a secondary condition that results from an underlying disorder and is characterized by systemic activation of blood coagulation, which results in the generation and deposition of fibrin, leading to microvascular thrombi in various organs and contributing to multiple organ dysfunction syndrome. It is usually associated with a consumptive coagulopathy, which is not indicated by the normal PT and PTT in this case.

Based on the clinical presentation and laboratory findings, the most likely diagnosis is Hemolytic uremic syndrome (HUS), which is associated with a recent diarrheal illness, thrombocytopenia, renal impairment, and microangiopathic hemolytic anemia. The presence of schistocytes on the blood smear supports this diagnosis.

Therefore, the answer is (C) Hemolytic uremic syndrome.","What is the diagnostic accuracy of history, clinical examination, routine labs, rt-PCR, immunology tests, and imaging tests for the emergency department diagnosis for COVID-19?
---
What is the accuracy of individual signs and symptoms for diagnosing community acquired pneumonia?",sgem-299.md | sgem-298.md,13.383096694946289,13.13109540939331,"What is the most likely diagnosis based on the patient's symptoms and laboratory findings?
What are the classic laboratory findings associated with this diagnosis?
What is the most common cause of this condition?
What is the recommended initial test for this condition?
What is the most common complication of this condition?"
"A 4-year-old boy is brought to the emergency department because of severe abdominal pain and bilious vomiting for 6 hours. He has not had bowel movements in the past 24 hours. He appears ill. His temperature is 37.8°C (100°F) and pulse is 122/min. Examination shows a distended abdomen. There is tenderness to palpation in the lower abdomen; guarding and rebound tenderness are present. Bowel sounds are decreased. An x-ray of the abdomen shows dilated loops of bowel. He has been accompanied by his 14-year-old brother. The surgeon recommends an emergency laparotomy. The parents are away visiting friends and cannot be reached. Which of the following is the most appropriate next best step in management?

Options:
A: Get consent from the patient's brother
B: Get consent from the patient
C: Obtain a court order for surgery
D: Perform emergency laparotomy
E: Delay surgery until parental consent",D,D,True,"The patient is a 4-year-old boy presenting with severe abdominal pain, bilious vomiting, absence of bowel movements for 24 hours, fever, tachycardia, abdominal distension, tenderness with guarding and rebound tenderness, decreased bowel sounds, and dilated loops of bowel on x-ray. These findings are highly suggestive of acute appendicitis with a possible complication, such as an appendiceal abscess or perforation, given the presence of guarding, rebound tenderness, and dilated bowel loops.

In an emergency situation where the patient is acutely ill and there is a delay in obtaining parental consent, the principle of ""best interest"" may be invoked, which allows physicians to perform necessary procedures to prevent further harm to the patient. Immediate surgery is often indicated in such cases to prevent complications like peritonitis or sepsis.

Option A (Get consent from the patient's brother) is not appropriate as the brother is not the legal guardian and cannot provide consent for the patient. Option B (Get consent from the patient) is not feasible as the patient is a child and likely unable to provide informed consent. Option C (Obtain a court order for surgery) is a process that would take time and is not practical in an emergency situation. Option E (Delay surgery until parental consent) could result in further deterioration of the patient's condition and is not in the patient's best interest given the acute nature of the presentation.

Therefore, the most appropriate next best step in management is Option D: Perform emergency laparotomy. This is to prevent further complications and provide the necessary urgent medical intervention.

Therefore, the answer is (D) Perform emergency laparotomy.","When deciding between non-operative vs operative management of pediatric appendicitis, consider all three pillars of evidence-based medicine (the scientific literature, your clinical judgement, and the patient/family’s values and preferences).
---
**What Do I Tell the Patient (Parents)?**
Treating uncomplicated acute appendicitis with antibiotics is a reasonable choice. You should be aware that there is a chance that treating with antibiotics alone will not work, and your child could still need surgery in the future. In those cases, there tends to be more complications such as the appendix being perforated. Alternatively, your child could do totally fine.",sgem-476.md | sgem-384.md,14.104679107666016,13.788150787353516,"What is the most appropriate next step in management for a pediatric patient with acute surgical abdomen and no parental consent?
What are the ethical considerations in this scenario?"
"A 3-week-old male newborn is brought to the hospital because of poor weight gain since birth. He was born at 38 weeks' gestation via normal vaginal delivery. He weighed 3005 g (6 lb, 10 oz) at birth and currently weighs 2835 g (6 lb, 4 oz). He has been latching on and breastfeeding well since birth. His mother has a history of Graves' disease and underwent near-total thyroidectomy in the second trimester of her pregnancy after her symptoms could not be controlled with antithyroid drugs. She is currently receiving L-thyroxine therapy. The patient's temperature is 38.9°C (102°F), pulse is 176/min, and respirations are 42/min. He appears irritable. Examination shows a diaphoretic infant with a paucity of subcutaneous fat. There is swelling of the neck at the midline. Which of the following is the most likely cause?

Options:
A: Transplacental passage of thyroglobulin antibodies
B: Transplacental passage of thyroid peroxidase antibodies
C: Transplacental passage of TSH receptor antibodies
D: Transplacental viral infection
E: Opiate use in the mother",C,C,True,"The newborn has poor weight gain, fever, tachycardia, irritability, and a paucity of subcutaneous fat, along with neck swelling. These symptoms are suggestive of hyperthyroidism. Given the mother's history of Graves' disease and near-total thyroidectomy during pregnancy, the newborn could have been exposed to maternal antibodies that affect thyroid function.

Option A (Transplacental passage of thyroglobulin antibodies) and Option B (Transplacental passage of thyroid peroxidase antibodies) are both related to autoimmune thyroid disease. However, the most common cause of neonatal hyperthyroidism due to maternal antibodies is the transplacental passage of thyroid-stimulating immunoglobulins (TSIs), which are typically thyroid-stimulating hormone receptor antibodies (TSH receptor antibodies).

Option C (Transplacental passage of TSH receptor antibodies) is the most likely cause of neonatal hyperthyroidism in this scenario. These antibodies can cross the placenta and stimulate the fetal thyroid gland, leading to excessive thyroid hormone production.

Option D (Transplacental viral infection) is less likely given the clinical presentation and maternal history.

Option E (Opiate use in the mother) is not related to the symptoms described and is not a likely cause of the newborn's condition.

Therefore, the answer is (C) Transplacental passage of TSH receptor antibodies.",,,0.0,0.0,"What is the most likely cause of poor weight gain and irritability in a neonate born to a mother with Graves' disease who underwent thyroidectomy during pregnancy?
What is the most likely cause of the diaphoretic appearance and swelling of the neck at the midline in this neonate?
What is the most likely cause of fever and tachycardia in this neonate?"
"A 57-year-old female with a past medical history of alcoholism presents to the emergency room vomiting bright red blood. She is accompanied by her partner, who reports that she had been complaining of black and tarry stools for the past several days. Vital signs are temperature 37 degrees celsius, heart rate 141 beats per minute, blood pressure 90/60, respiratory rate 20, and oxygen saturation 99% on room air. On physical examination, she has splenomegaly and a positive fluid wave. The remainder of her examination is within normal limits. The patient is stabilized with intravenous fluids, and her blood pressure improves. Subsequent emergent upper endoscopy reveals bleeding from the submucosal veins in the lower 1/3 of the esophagus, but no gastric bleed. In the endoscopy suite she also receives IV octreotide. After intervention and resolution of her acute bleed, which of the following pharmacologic agents is indicated?

Options:
A: Phentolamine
B: Prazosin
C: Nifedipine
D: Nadalol
E: Doxazosin",D,B,False,"The patient presents with signs of an upper gastrointestinal (GI) bleed, as evidenced by vomiting bright red blood and a history of black and tarry stools (melena). The presence of splenomegaly and a positive fluid wave suggests the possibility of portal hypertension, which could be secondary to liver cirrhosis commonly associated with chronic alcoholism. The endoscopy findings of bleeding from the submucosal veins in the lower 1/3 of the esophagus, known as variceal bleeding, further support this.

Octreotide, a somatostatin analog, is often used in the acute management of variceal bleeding to reduce portal pressure and control the bleeding. However, the question asks which pharmacologic agent is indicated after the resolution of the acute bleed.

The options given are all alpha-blockers or alpha-2 antagonists, which are used to manage hypertension and other conditions. Among these, only prazosin and doxazosin are specifically indicated for the prevention of variceal rebleeding. Phentolamine, nifedipine, and nadolol are not typically used for this purpose.

Prazosin and doxazosin are non-selective alpha-blockers that can reduce portal pressure by dilating splanchnic arterioles, thereby decreasing the risk of rebleeding from esophageal varices. Prazosin is often preferred due to its longer half-life and once-daily dosing, which is more convenient for patients.

Therefore, the answer is (B) Prazosin.",Does treatment with TXA reduce the mortality of patients with upper or lower GI bleeds?,sgem-301.md,12.879294395446777,12.879294395446777,"What is the most common cause of upper gastrointestinal bleeding in patients with cirrhosis?
What pharmacologic agent is indicated for the prevention of recurrent variceal bleeding?
Which pharmacologic agent is contraindicated in patients with cirrhosis and portal hypertension due to its vasodilatory effects?"
"A 66-year-old man is brought to the emergency room by his wife due to abdominal distension and persistent somnolence for the past 2 weeks. The patient’s wife says that he has been sleeping much more than usual for the past 5 days. His bowel and bladder habit have not changed. His past medical history is significant for alcoholic liver cirrhosis. His vital signs include: pulse 76/min, respiratory rate 15/min, temperature 38.0°C (100.4°F) and blood pressure 122/75 mm Hg. On physical examination, the patient is altered and not responsive to commands. Oriented x 0. The abdomen is significantly distended. Shifting dullness is present and a positive fluid wave can be elicited. Hyperreflexia and asterixis are noted. Laboratory findings are significant for the following:
Laboratory test
Sodium 140 mEq/L
Potassium 3.5 mEq/L
Chloride 97 mEq/L
Glucose 90 mg/dL
Ammonia 100 µg/dL (ref: 19-60 µg/dL)
Arterial blood gas
pH 7.4
pCO2 40 mm Hg
pO2 90 mm Hg
HCO3 26 mEq/L
An abdominal ultrasound shows surface nodularity compatible with cirrhosis but no other changes aside from ascites. An upper GI endoscopy is performed which shows gastric varices with no signs of active bleeding. An MRI of the brain is insignificant. What is the most likely precipitating factor that led to this patient’s condition?

Options:
A: Spontaneous bacterial peritonitis
B: Metabolic alkalosis
C: Variceal gastrointestinal bleeding
D: Portal vein thrombosis
E: Hypoglycemia",A,B,False,"First, let's summarize the available information:
- The patient has a history of alcoholic liver cirrhosis.
- He presents with abdominal distension, persistent somnolence, and altered mental status.
- Physical examination findings include shifting dullness, a positive fluid wave, hyperreflexia, and asterixis.
- Laboratory findings show elevated ammonia levels.
- Arterial blood gas shows a pH of 7.4, pCO2 of 40 mm Hg, pO2 of 90 mm Hg, and HCO3 of 26 mEq/L, which is consistent with a compensated metabolic alkalosis (due to renal compensation for the respiratory alkalosis caused by hyperventilation in response to encephalopathy).
- An abdominal ultrasound confirms cirrhosis and ascites.
- An upper GI endoscopy shows gastric varices but no active bleeding.
- An MRI of the brain is insignificant.

Given these findings, we can rule out the following options:
- Spontaneous bacterial peritonitis (A) is less likely because there is no mention of fever or abdominal tenderness, which are common signs of infection.
- Variceal gastrointestinal bleeding (C) is not supported by the endoscopy findings, which show no signs of active bleeding.
- Hypoglycemia (E) is not indicated as the glucose level is within normal limits.

The patient's presentation is consistent with hepatic encephalopathy, likely precipitated by an electrolyte imbalance, specifically hyperammonemia. Hyperammonemia is a common precipitating factor in hepatic encephalopathy. Although the ammonia level is not extremely high, in the context of liver cirrhosis and the patient's symptoms, it is likely enough to cause the encephalopathy.

Metabolic alkalosis (B) can be a precipitating factor in hepatic encephalopathy because it can lead to a decrease in serum ammonia levels by converting ammonia to ammonium (which is less easily absorbed by the brain). The patient's blood gas results show a compensated metabolic alkalosis (pH 7.4, pCO2 40 mm Hg, HCO3 26 mEq/L), which could be a result of renal compensation for the primary respiratory alkalosis due to hyperventilation or could be a contributing factor to the encephalopathy.

Portal vein thrombosis (D) could lead to hepatic encephalopathy, but there is no mention of symptoms or findings that would suggest this diagnosis, such as abdominal pain or ascites due to portal hypertension.

Therefore, the most likely precipitating factor in this patient's hepatic encephalopathy is the metabolic alkalosis, which can exacerbate the encephalopathy by decreasing serum ammonia levels and promoting the conversion of ammonia to ammonium. 

Therefore, the answer is (B) Metabolic alkalosis.","This is directly from Box 80.1! Remember just like anemia isn’t a diagnosis, encephalopathy is just a syndrome that needs an underlying cause!  
**Underlying causes of hepatic encephalopathy in patients with known liver disease**  
**Acute:**  
- GI bleeding (upper/lower leading to hypovolemia or increased ammonia levels)
- Infection
- Venous thrombosis (hepatic/portal vein).  
**Metabolic:**  
- Electrolyte imbalance (*hypokalemia, metabolic alkalosis)
- Ileus/constipation
- Sedative medications causing elevated drug toxicity (increased volume of distribution)
- Phenytoin, antibiotics, Tylenol, narcotics, benzo’s, ETOH
- Dehydration/hypovolemia (V/D/diuretics)
- Acute/chronic kidney injury
- Primary HCC  
All of these diagnoses fall into these broad categories of things that worsen encephalopathy:  
- Drugs
- Increased ammonia production, absorption, entry into the brain
- Dehydration
- Portosystemic shunting
- Vascular occlusion
- Primary HCC
---
Hepatic encephalopathy refers to altered cerebral function because the liver can’t do its normal metabolic functions. Ammonia (produced in the liver and normally converted to urea in the liver so it can be excreted) builds up and forms glutamine in the brain. However, serum ammonia levels correlate inconsistently with the severity of encephalopathy.  
Hepatic encephalopathy exists on a spectrum: mild cognitive dysfunction → irritable → confusion → coma.  
Clinical signs:  
- Asterixis of the extended hands or feet or neck
- Fetor hepaticus
- Stigmata of chronic liver disease  
“Hepatic encephalopathy is categorized based on four factors: the underlying disease, the severity of manifestations, the time course, and whether precipitating factors are present” (UpToDate)  
Rosen’s doesn’t give us a table on encephalopathy grades in the 9th Ed. But here’s one from Uptodate and MDCalc.  
See: [MDCalc Hepatic Encephalopathy Grades](https://www.mdcalc.com/hepatic-encephalopathy-grades-stages)",cc-90.md,14.051164627075195,13.308624267578125,"What is the most common cause of altered mental status in a patient with cirrhosis?
What electrolyte abnormalities are associated with hepatic encephalopathy?
What laboratory finding is indicative of hepatic encephalopathy?
What is the most common precipitating factor for hepatic encephalopathy?
What is the most likely precipitating factor in this patient's case?"
"A 27-year-old man presents to the emergency department after a motor vehicle collision. The patient was the front seat unrestrained driver in a head on collision. The patient’s echocardiogram (ECG) is notable only for sinus tachycardia. His temperature is 99.5°F (37.5°C), blood pressure is 107/58 mmHg, pulse is 120/min, respirations are 17/min, and oxygen saturation is 98% on room air. The patient is given 2 liters of Ringer lactate solution and morphine. Initial workup demonstrates that the patient’s pulmonary capillary wedge pressure and troponins are elevated. The patient is currently complaining of chest pain. Physical exam is notable for an uncomfortable young man with bruising over his chest wall. Which of the following is the most likely diagnosis?

Options:
A: Cardiac contusion
B: Hemorrhage
C: Myocardial infarction
D: Pulmonary contusion
E: Takotsubo cardiomyopathy",A,D,False,"First, let's summarize the available information from the question:
- A 27-year-old man was involved in a motor vehicle collision.
- He was the front seat unrestrained driver in a head-on collision.
- His ECG shows sinus tachycardia.
- Vital signs include fever, low blood pressure, high pulse rate, normal respirations, and high oxygen saturation.
- He received 2 liters of Ringer lactate solution and morphine.
- His pulmonary capillary wedge pressure and troponins are elevated.
- The patient is experiencing chest pain.
- Physical exam shows bruising over his chest wall.

Now, let's consider each diagnosis option in relation to the information provided:

A: Cardiac contusion - This could explain the elevated troponins and chest pain, but the patient's presentation is not typical for cardiac contusion, which often presents with hypotension and signs of pericardial tamponade if severe.

B: Hemorrhage - While the patient has bruising on his chest wall, there is no indication of internal hemorrhage from the information provided.

C: Myocardial infarction - Elevated troponins indicate myocardial injury, but the patient's age and presentation are atypical for myocardial infarction, and there is no mention of ischemic changes on the ECG.

D: Pulmonary contusion - This is a common injury following blunt chest trauma, especially in the setting of a motor vehicle collision. The elevated pulmonary capillary wedge pressure could indicate pulmonary edema secondary to pulmonary contusion. The patient's chest pain and bruising over the chest wall also support this diagnosis.

E: Takotsubo cardiomyopathy - This condition is also known as stress-induced cardiomyopathy and typically presents with symptoms mimicking acute myocardial infarction. However, it is often precipitated by emotional or physical stress, and the patient's presentation does not strongly suggest this diagnosis.

Based on the information provided and the typical presentations of the conditions listed, pulmonary contusion is the most likely diagnosis given the patient's mechanism of injury, symptoms, and physical findings. Therefore, the answer is (D) Pulmonary contusion.","A 49-year-old male presents to the emergency department after being in a motor vehicle collision. You diagnose him with an isolated sternal fracture on X-ray. Specifically, there are no rib fractures or lung abnormalities identified. He also has a normal ECG and troponin. As you are preparing to discharge him, he asks if there are any potential complications to expect from the injury, and how long he should expect to have pain?
---
A 53-year-old woman in good health is brought in by ambulance after a motor vehicle collision. She did not lose consciousness but did bump her head. Her main complaint is chest pain with difficulty breathing. She is tachycardic, tachypnic, and has some mild abdominal pain. You suspect a flail chest on your clinical examination. A FAST examination is performed and is negative.",sgem-181.md | sgem-161.md,14.988212585449219,14.210810661315918,"What is the most common cause of chest pain after a motor vehicle collision?
What are the classic signs of a pulmonary contusion?
What are the diagnostic criteria for a cardiac contusion?
What is the most common cardiac injury after a motor vehicle collision?
What is the most likely diagnosis in a patient with chest pain, elevated pulmonary capillary wedge pressure, and elevated troponins after a motor vehicle collision?"
"A 56-year-old man presents to the emergency department for progressively worsening fatigue, malaise, fever, and abdominal pain. He reports that his symptoms began approximately 1 week ago and he has noticed episodes of diarrhea. He recently started melatonin and magnesium supplementation in hopes of improving his sleep. Medical history is significant for alcohol use disorder that required multiple hospital admissions for management of acute pancreatitis and cirrhosis. He states that he occasionally injects heroin intravenously. Temperature is 100°F (37.8°C), blood pressure is 105/70 mmHg, pulse is 92/min, and respirations are 17/min. Physical examination is significant for scleral icterus, hepatomegaly, ascites, and diffuse abdominal tenderness. Laboratory testing is significant for leukocytosis and metabolic acidosis. A paracentesis is performed and he is admitted into the hospital to receive intravenous cefotaxime and albumin. Ascitic fluid analysis demonstrates a polymorphonuclear cell count of 280 cells/mm^3, serum-ascites albumin gradient of 1.3 g/dL, and a culture positive for Escherichia coli sensitive to cefotaxime and ceftriaxone. On hospital day 2, the nurse reports that the patient is oliguric in the setting of constant fluid intake. Physical examination is unchanged. Laboratory testing is significant for a serum sodium of 131 mEq/L and creatinine of 1.8 mg/dL (it was 0.9 mg/dL on admission). Urine studies are significant for a low urine sodium level, without evidence of blood or protein. Since the hospital admission, he has not been started on any new medications. Which of the following will be the best treatment option for this patient?

Options:
A: Adding dopamine to his treatment regimen
B: Adding lisinopril to his treatment regimen
C: Liver transplantation
D: Switching cefotaxime to ceftriaxone
E: Transjugular intrahepatic portosystemic shunting",C,C,True,"The patient presents with symptoms of fatigue, malaise, fever, abdominal pain, and diarrhea. His medical history includes alcohol use disorder, acute pancreatitis, and cirrhosis. He also has intravenous heroin use. His physical examination shows signs of liver disease (scleral icterus, hepatomegaly, ascites, and diffuse abdominal tenderness). Laboratory findings indicate leukocytosis and metabolic acidosis. He was treated with intravenous cefotaxime and albumin for suspected spontaneous bacterial peritonitis (SBP), as suggested by the analysis of ascitic fluid showing a high polymorphonuclear cell count and positive culture for E. coli.

On hospital day 2, the patient becomes oliguric despite constant fluid intake, and his serum sodium has decreased, and creatinine has increased, indicating renal dysfunction. The urine studies show low urine sodium, which suggests that the kidneys are attempting to conserve sodium, a characteristic of intrinsic renal pathology rather than pre-renal azotemia.

Given the patient's history of alcohol use disorder and cirrhosis, he is likely suffering from hepatorenal syndrome (HRS), a type of renal failure seen in advanced liver disease. HRS is characterized by low urine sodium and a rapid decline in renal function in the absence of another identifiable cause of renal pathology. The fact that he has not been started on any new medications that could cause acute kidney injury further supports this diagnosis.

The treatment options provided are:

A: Adding dopamine to his treatment regimen - Dopamine is not a treatment for HRS.
B: Adding lisinopril to his treatment regimen - Lisinopril is an ACE inhibitor that can potentially worsen renal function in the setting of HRS.
C: Liver transplantation - This is the definitive treatment for end-stage liver disease and can resolve HRS.
D: Switching cefotaxime to ceftriaxone - There is no indication that the patient's renal failure is due to cefotaxime, and switching to ceftriaxone would not address the underlying cause of HRS.
E: Transjugular intrahepatic portosystemic shunting (TIPS) - TIPS can be used to manage complications of portal hypertension, but it is not the treatment of choice for HRS.

Given the clinical scenario, the best treatment option for this patient is a liver transplantation, which would address the underlying liver disease and resolve the complications associated with it, including HRS.

Therefore, the answer is (C) Liver transplantation.",,,0.0,0.0,"What is the most likely cause of this patient's oliguria?
What is the most appropriate treatment for this patient's oliguria?"
"A 25-year-old male involved in a knife fight presents with a penetrating wound to the chest. The patient is unconscious and cannot provide any further history. Vitals show a temperature of 37-0°C (98.6°F), blood pressure of 85/55 mm Hg, pulse of 115/min, respirations of 19/min, and oxygen saturation of 92% on room air. On physical examination, the patient is diaphoretic and unresponsive. Extremities are pale and cool. There is a 3-inch long penetrating wound between the 3rd and 4th intercostal space on the left side of the chest, which is bleeding profusely. Transthoracic echocardiography reveals a full thickness penetrating injury to the right ventricular free wall. There are no apparent injuries to any coronary arteries or major branches. The patient is intubated and aggressive fluid resuscitation is initiated, including a blood transfusion. Which of the following is the best definitive surgical approach to take in this patient?

Options:
A: Immediate cardiac transplant
B: Watchful waiting while resuscitative fluids are initiated
C: Interrupted 2-0 polypropylene suture with supporting pledgets
D: Needle thoracostomy over the 2nd intercostal space
E: Surgical adhesive glue",C,C,True,"The patient presents with a penetrating chest trauma and signs of hemodynamic instability, as evidenced by hypotension (blood pressure of 85/55 mm Hg) and tachycardia (pulse of 115/min). The echocardiography finding of a full-thickness penetrating injury to the right ventricular free wall is concerning for a cardiac contusion or penetrating myocardial infarction, which can lead to cardiac tamponade or arrhythmias. Immediate management includes intubation and aggressive fluid resuscitation, as well as blood transfusion to manage potential blood loss.

Let's evaluate the options:

A: Immediate cardiac transplant is not a viable option in this acute setting, especially without first attempting other less drastic measures.

B: Watchful waiting while resuscitative fluids are initiated is part of the initial management but is not a definitive surgical approach. This patient requires surgical intervention due to the nature of the injury.

C: Interrupted 2-0 polypropylene suture with supporting pledgets is a technique used for repairing cardiac lacerations. This approach would be appropriate for repairing the ventricular laceration in a surgical setting.

D: Needle thoracostomy over the 2nd intercostal space is an emergency procedure to relieve tension pneumothorax, which is not indicated in this case as there is no evidence of pneumothorax.

E: Surgical adhesive glue is used in some settings for sealing small lacerations but is not the standard approach for a full-thickness ventricular laceration.

Given the information provided, the best definitive surgical approach for this patient would be to repair the cardiac laceration. The use of interrupted 2-0 polypropylene suture with supporting pledgets is a technique that would be appropriate for this type of repair.

Therefore, the answer is (C) Interrupted 2-0 polypropylene suture with supporting pledgets.",,,0.0,0.0,"What is the recommended surgical approach for a patient with a penetrating cardiac injury?
What are the indications for a cardiac transplant?
What is the best initial approach for a patient with a penetrating chest trauma and cardiac injury?"
"A 55-year-old truck driver is brought to a physician by his wife. She states that her husband developed a fever and began feeling weak 3 days ago, but has refused medical help. He has been unable to go to work because of his symptoms. The patient has been previously hospitalized for a tricuspid valve replacement surgery 1 year ago and takes aspirin daily. The medical history is also relevant for myocardial infarction 3 years ago and hypertension for the past 10 years, for which he takes lisinopril. His blood pressure is 140/80 mm Hg, the pulse is 82/min, the respirations are 18/minute, and the temperature is 37.2°C (98.9°F). On examination, several hemorrhages are noted on the nail beds of several fingers. Which of the following findings would be most helpful in establishing a diagnosis?

Options:
A: Thickened valve with multiple small vegetations
B: Bicuspid valve
C: Friable irregular masses attached to the valve
D: Papillary muscle rupture
E: Annular calcification",C,A,False,"First, let's summarize the available information:
- The patient is a 55-year-old male truck driver.
- He has a history of tricuspid valve replacement surgery, myocardial infarction, and hypertension.
- He is on aspirin and lisinopril.
- He presents with fever, weakness, and hemorrhages on the nail beds of several fingers.

Given the patient's history of tricuspid valve replacement and current symptoms, we should be concerned about infective endocarditis, which is an infection of the heart valves. The presence of hemorrhages on the nail beds (splinter hemorrhages) is a common sign of endocarditis.

Now, let's evaluate the options in the context of endocarditis:
A: Thickened valve with multiple small vegetations - This finding would be consistent with infective endocarditis, where bacteria can form vegetations on the valves.
B: Bicuspid valve - A congenital abnormality and not typically associated with infective endocarditis.
C: Friable irregular masses attached to the valve - This could be consistent with vegetations, but ""friable"" is not a typical description of the valve in endocarditis.
D: Papillary muscle rupture - This would be a complication of a myocardial infarction, not infective endocarditis.
E: Annular calcification - This is more commonly associated with degenerative valve disease and is not indicative of infective endocarditis.

The most helpful finding in establishing a diagnosis of infective endocarditis would be the presence of vegetations on the valve, which is described in option A.

Therefore, the answer is (A) Thickened valve with multiple small vegetations.","Fingertip and nail bed injuries are prevalent hand injuries in children, encompassing conditions such as subungual hematomas, lacerations, and partial amputations. These injuries are clinically significant due to their impact on hand function and appearance, necessitating appropriate healing. Traditional practices, such as removing the nail if a subungual hematoma covers more than 50% of the nail bed, have been challenged, as intact nails can often be treated with trephination alone. Additionally, the practice of replacing avulsed nails during repair lacks strong evidence, with some centers advocating against it due to difficulties in cleaning and potential complications. The management of these injuries often involves a pragmatic approach, emphasizing minimal intervention when appropriate.
---
You assess the integrity of the girl’s affected fingernail and note that it is no longer adhered to the nail bed. X-rays are obtained that demonstrate a small tuft fracture of the finger but no additional fractures. You remove the avulsed fingernail and do not see any additional active bleeding from the affected area. After discussing with the family whether to replace the fingernail, they expressed that they have had a long day and would prefer to just wrap up the finger and go home.",sgem-439.md,13.668819427490234,13.433274745941162,"What is the most common cause of hemorrhage on the nail beds of several fingers?
What is the most common cause of hemorrhage on the nail beds of several fingers in a patient with a history of tricuspid valve replacement?
What is the most common cause of hemorrhage on the nail beds of several fingers in a patient with a history of tricuspid valve replacement and previous myocardial infarction?"
"A 26-year-old woman is brought to the emergency department 20 minutes after being involved in a high-speed motor vehicle collision in which she was a restrained passenger. On arrival, she is lethargic and incoherent. She has severe facial lacerations and is in respiratory distress. Her pulse is 130/min, respirations are 29/min, and blood pressure is 90/58 mm Hg. Pulse oximetry on room air shows an oxygen saturation of 70%. Examination shows multiple facial lacerations. There is dullness to percussion and decreased breath sounds over the left lung base. Abdominal examination shows diffuse tenderness with no guarding or rebound. Bowel sounds are normal. The remainder of the examination shows no abnormalities. Her hemoglobin concentration is 12.1 g/dL. An x-ray of the chest shows a fractured left second rib, depression of the left mainstem bronchus, deviation of the nasogastric tube to the right, and a widened mediastinum. Which of the following is the most likely diagnosis?

Options:
A: Diaphragmatic rupture
B: Traumatic bronchial rupture
C: Thoracic aortic rupture
D: Cardiac tamponade
E: Tension pneumothorax",C,E,False,"The patient presents with severe facial lacerations, respiratory distress, hypoxia (oxygen saturation of 70%), tachycardia (pulse 130/min), and hypotension (blood pressure 90/58 mm Hg). The physical examination reveals dullness to percussion and decreased breath sounds over the left lung base, which suggests the presence of fluid or air in the pleural space. The chest x-ray findings of a fractured left second rib, depression of the left mainstem bronchus, deviation of the nasogastric tube to the right, and a widened mediastinum are consistent with a traumatic injury.

Option A, Diaphragmatic rupture, would more likely present with abdominal signs and symptoms, such as abdominal distension or bowel perforation, which are not described in this scenario.

Option B, Traumatic bronchial rupture, could explain the respiratory distress and the widened mediastinum on the x-ray, but it is less likely to cause the hypotension and shock state seen in this patient.

Option C, Thoracic aortic rupture, is a possibility given the widened mediastinum, but it would not typically present with dullness to percussion and decreased breath sounds at the lung base.

Option D, Cardiac tamponade, is characterized by hypotension, muffled heart sounds, and jugular venous distension (JVD), but the patient's examination does not mention JVD, and the chest x-ray does not suggest pericardial effusion.

Option E, Tension pneumothorax, is a likely diagnosis given the patient's respiratory distress, hypoxia, hypotension, and the deviation of the nasogastric tube to the right side, which could be due to the pressure of the pneumothorax pushing the tube to the opposite side. The presence of a widened mediastinum on the x-ray also supports this diagnosis.

Therefore, the answer is (E) Tension pneumothorax.","The document provides a comprehensive overview of pleural diseases, focusing on pneumothorax and pleural effusion. It discusses the pathophysiology of pneumothorax, highlighting primary and secondary causes, with COPD being a significant contributor to secondary cases. Key clinical findings for tension pneumothorax include tachycardia, hypoxia, hypotension, JVD, and tracheal deviation. Management strategies vary based on pneumothorax size and symptoms, ranging from observation and oxygen therapy to catheter aspiration and chest tube insertion. The document also covers pleural effusion, explaining Starling’s Law in fluid dynamics and detailing diagnostic criteria like Light’s Criteria. Procedures such as thoracentesis and tube thoracostomy are described, including their complications and contraindications. Additionally, it addresses specific conditions like catamenial pneumothorax and provides guidance on securing chest tubes and using the Seldinger technique for insertion.
---
A spontaneous pneumothorax is characterized by the presence of air in the pleural space between the lung and chest wall without an obvious precipitating factor, and it can occur with or without underlying lung disease. Clinically, it is significant due to its potential complications, which occur in 9–26% of cases. The standard first-line treatment for a primary spontaneous pneumothorax is chest tube drainage, although simple aspiration is a less invasive alternative. The optimal management strategy for a first episode remains uncertain. Post chest tube placement, a chest X-ray (CXR) is typically obtained, though it may not alter management unless the patient is deteriorating or the tube is not functioning. The correct placement of the chest tube in the pleural space is crucial, and in cases of traumatic hemothorax in hemodynamically stable patients, small percutaneous catheters are as effective as large open chest tubes. For tension pneumothorax, the anatomical location for needle decompression is debated,
---
- Cardiac tamponade occurs when pericardial pressures inhibit cardiac filling and output. No clinical sign or symptom is entirely sensitive for cardiac tamponade, but echocardiogram findings of large pericardial effusion (anechoic stripe around the heart), and atrial or right ventricular collapse during diastole, combined with clinical findings of shock are highly suggestive.
- If compatible with goals of care, pericardial effusion causing tamponade should be emergently drained. Intravenous fluid or inotrope administration may be trialed as a temporizing measure, but these therapies are unreliable and should not delay definitive management.
- Calcium levels in hypercalcemic patients should be assessed by measuring ionized calcium concentration, rather than total calcium concentration.",sgem-433.md | cc-77.md | cc-123.md,15.342020988464355,13.671935653686523,"What is the most common cause of tension pneumothorax?
What are the classic signs of tension pneumothorax?
What is the most common cause of traumatic bronchial rupture?
What are the classic signs of traumatic bronchial rupture?
What is the most common cause of thoracic aortic rupture?
What are the classic signs of thoracic aortic rupture?
What is the most common cause of diaphragmatic rupture?
What are the classic signs of diaphragmatic rupture?
What is the most common cause of cardiac tamponade?
What are the classic signs of cardiac tamponade?"
"Six days after undergoing surgical repair of a hip fracture, a previously healthy 79-year-old woman is agitated and confused. She is unarousable during the day, but then is awake and impulsive during the night, requiring frequent reorientation. Her husband says that she usually drinks one to two glasses of wine weekly. Her only current medication is oxycodone for pain. Her vital signs are within normal limits. She is distressed and oriented to person but not to place or time. Neurologic examination shows inattentiveness but no focal deficits. Urine dipstick is normal. Which of the following is the most likely cause of her current condition?

Options:
A: Dementia
B: Alcohol withdrawal
C: Opioid intoxication
D: Delirium
E: Urinary tract infection",D,D,True,"Relevant chunks:
- The patient is a 79-year-old woman who recently underwent surgery.
- She is experiencing agitation and confusion, with fluctuations in her level of consciousness.
- She is unarousable during the day but impulsive at night.
- She has a history of drinking a small amount of wine weekly.
- Her only medication is oxycodone for pain.
- Her vital signs are normal.
- She is distressed and oriented to person but not to place or time.
- Neurologic examination shows inattentiveness but no focal deficits.
- Urine dipstick is normal.

Based on the information provided, the patient's symptoms are consistent with delirium. Delirium is characterized by an acute onset and fluctuating course of confusion, changes in consciousness, and inattention. It is often caused by an underlying medical condition, substance intoxication or withdrawal, or medication side effects. In this case, the patient's recent surgery, use of oxycodone, and the pattern of confusion (particularly the nocturnal agitation) are suggestive of delirium. Dementia is less likely due to the acute onset and fluctuating course of symptoms. Alcohol withdrawal could cause confusion and agitation, but the patient's minimal alcohol use and the timing of symptoms make it less likely. Opioid intoxication typically does not cause confusion and would more likely result in symptoms of sedation rather than agitation. Urinary tract infection is a common cause of delirium in older adults, but there is no specific evidence provided in the scenario to support this diagnosis, and the normal urine dipstick makes it less likely.

Therefore, the answer is (D) Delirium.","1. List the Major Categories for the differential diagnosis of Confusion
2. Differentiate between organic and functional confusion.
3. List the Critical and Emergent causes of Confusion
---
“Delirium is characterized by a fluctuating neurobehavioral disturbance typically progressing over a short period. It is a direct consequence of an acute systemic or central nervous system (CNS) stressor. Dementia, on the other hand, tends to follow a more gradual course, with evolution occurring over months to years. Although patients with dementia exhibit confusion, unlike delirium, manifestations of autonomic nervous system abnormalities are minimal or absent and a disturbance in level of consciousness usually is not a feature.”  
These big topics fall under the term neurobehavioral disturbances. Here is the big three-step approach for us in the ER:
1. Take a full collateral history and do a physical exam to determine if this is delirium or dementia.
2. Rapidly treat any underlying cause of delirium.
3. “Establish a supportive environment and employ pharmaceutical adjuncts as needed.”
---
The document discusses the differentiation and management of delirium and dementia, two major neurobehavioral disturbances. Delirium is characterized by an acute onset with fluctuating consciousness and attention, often due to systemic or CNS stressors, and requires rapid identification and treatment of underlying causes. Key diagnostic criteria include acute onset, inattention, and altered perception, with the Confusion Assessment Method (CAM) being a recommended screening tool. Management may involve environmental support and medications like haloperidol or benzodiazepines for agitation. Dementia, in contrast, is a gradual cognitive decline not associated with acute changes in consciousness, with Alzheimer's disease being the most common form. Reversible causes of dementia include metabolic and drug-related factors, while irreversible causes include Alzheimer's and vascular dementia. The document emphasizes the importance of distinguishing these conditions from psychosis and highlights the role of",cc-104.md | cc-17.md,14.723348617553711,13.731633504231771,"What is the most common cause of acute confusion in elderly patients after surgery?
What are the typical features of delirium?
Which drug commonly causes delirium in the elderly?"
"A 54-year-old woman with a past medical history of mental retardation, hypertension, and diabetes presents to the emergency department with a change in her behavior. Her caretakers state that the patient’s gait suddenly became ataxic, and she became less responsive than her normal non-verbal baseline. Her temperature is 98.5°F (36.9°C), blood pressure is 125/68 mmHg, pulse is 90/min, respirations are 15/min, and oxygen saturation is 99% on room air. Physical exam is notable for an unremarkable HEENT exam with normal facial features and no signs of airway compromise. Neurological exam is remarkable for new onset spasticity. The patient has 3+ reflexes and a positive Babinski sign. Musculoskeletal exam is only notable for symmetric swelling and deformities of the patient’s hands bilaterally. Additionally, there is a ""clunk"" when posterior force is applied to the head while anterior force is applied to the cervical spine. Which of the following is the most likely risk factor that predisposed this patient to this condition?

Options:
A: Cerebral palsy
B: Diabetes mellitus
C: Down syndrome
D: Hypertension
E: Rheumatoid arthritis",E,A,False,"The patient presents with a change in behavior, ataxic gait, decreased responsiveness, spasticity, brisk reflexes, and a positive Babinski sign. These findings suggest an upper motor neuron lesion. The presence of symmetric hand swelling and deformities, as well as a ""clunk"" when force is applied to the head and cervical spine, indicates a condition affecting the cervical spine, possibly indicating cervical spine instability or subluxation.

Given the options provided, we need to identify a risk factor that would predispose the patient to such neurological and orthopedic findings.

(A) Cerebral palsy is a group of disorders affecting movement and muscle tone or posture caused by damage that occurs to the immature brain as it develops, most often before birth. It is not typically associated with acute changes in behavior or new onset spasticity in adulthood.

(B) Diabetes mellitus can lead to a variety of complications, including neuropathy, but it does not typically cause acute spasticity or cervical spine instability.

(C) Down syndrome is a genetic disorder caused by the presence of all or part of a third copy of chromosome 21. It is associated with intellectual disability, characteristic facial features, and various health issues, but it is not a direct risk factor for cervical spine instability.

(D) Hypertension is a risk factor for many conditions, including stroke and other vascular events, but it does not typically cause cervical spine instability or the described neurological findings.

(E) Rheumatoid arthritis is an autoimmune disorder that can cause joint deformities and systemic symptoms. However, it is less likely to cause the acute neurological findings described in the patient.

Considering the patient's presentation and the risk factors listed, none of the options directly explain the cervical spine instability indicated by the ""clunk"" sign. However, given the information provided, the closest association would be with cerebral palsy, as it is a neurological condition that could explain the upper motor neuron signs and the fact that the patient has a history of mental retardation, which is often associated with cerebral palsy.

Therefore, the answer is (A) Cerebral palsy.",,,0.0,0.0,"What condition is associated with the ""clunk"" sign on physical exam?
What condition is associated with spasticity, hyperreflexia, and a positive Babinski sign?
What condition is associated with symmetric hand swelling and deformities?
What condition is associated with mental retardation?
What condition is associated with ataxic gait?
What condition is associated with the described behavioral changes?
What condition is associated with the described neurological findings?
What condition is associated with the described musculoskeletal findings?
What condition is associated with the described orthopedic findings?
What condition is associated with the described systemic findings?"
"A 24-year-old man is brought to the emergency department 15 minutes after he sustained a stab wound to the left chest just below the clavicle. On arrival, he has rapid, shallow breathing and appears anxious. His pulse is 135/min, respirations are 30/min and shallow, and palpable systolic blood pressure is 80 mm Hg. He is intubated and mechanically ventilated. Infusion of 0.9% saline is begun. Five minutes later, his pulse is 133/min and blood pressure is 82/45 mm Hg. Examination shows no active external bleeding. There is a 2.5-cm single stab wound to the left chest at the 4th intercostal space at the midclavicular line. Cardiovascular examination shows muffled heart sounds and jugular venous distention. Breath sounds are normal. Further evaluation of this patient is most likely to show which of the following findings?

Options:
A: Tracheal deviation toward the right side
B: Hemoptysis
C: A drop in systolic blood pressure of 14 mmHg during inspiration
D: Herniation of the stomach into the chest
E: Paradoxical motion of part of the chest with breathing
""",C,C,True,"The patient presents with a stab wound to the left chest, rapid, shallow breathing, anxiety, tachycardia, hypotension, and signs of poor perfusion (muffled heart sounds and jugular venous distention). The location of the stab wound at the 4th intercostal space at the midclavicular line suggests injury to the heart or a major vessel. The muffled heart sounds and jugular venous distention are particularly concerning for cardiac tamponade, which is a medical emergency where fluid accumulates in the pericardial space, compressing the heart and impairing its function.

Option A (Tracheal deviation toward the right side) would be more indicative of a tension pneumothorax, which is less likely given the normal breath sounds.

Option B (Hemoptysis) refers to coughing up blood, which is not mentioned in the scenario and is not typically associated with cardiac tamponade.

Option C (A drop in systolic blood pressure of 14 mmHg during inspiration) could suggest pulsus paradoxus, which is a hallmark of cardiac tamponade. Pulsus paradoxus is an exaggerated decrease in systolic blood pressure during inspiration and is due to the impaired filling of the right ventricle due to the elevated pericardial pressure.

Option D (Herniation of the stomach into the chest) refers to a diaphragmatic hernia, which is not consistent with the acute presentation and the findings described.

Option E (Paradoxical motion of part of the chest with breathing) describes flail chest, which is not indicated here as the breath sounds are normal.

Given the clinical presentation and the examination findings, the most likely additional finding in this patient would be pulsus paradoxus, which is associated with cardiac tamponade. Therefore, the answer is (C) A drop in systolic blood pressure of 14 mmHg during inspiration.",,,0.0,0.0,"What is the most likely diagnosis for a patient with a stab wound to the chest and rapid, shallow breathing, anxiety, hypotension, and a decrease in systolic blood pressure during inspiration?
What are the classic physical exam findings associated with this diagnosis?
Which additional finding is most likely in this patient?"
"A 17-year-old female is brought to the emergency room by her father because she has been experiencing shortness of breath and chest pain. She says that the chest pain is worse when she breathes or coughs. Furthermore, on the way to the hospital she noticed that there were specks of blood on a tissue that she coughed into. She has no previous medical history and does not recall anything that could have provoked these symptoms. On presentation her temperature is 99°F (37.2°C), blood pressure is 107/65 mmHg, pulse is 102/min, respirations are 21/min, and O2 saturation is 91% on room air. Further testing shows a large filling defect in the pulmonary vessels, and the patient is started on an appropriate treatment intravenously. After drug administration, the effects of the drug are monitored using a standard blood test. Surprisingly, the test results come back within normal parameters. The most likely underlying cause of this patient's symptoms has which of the following modes of inheritance?

Options:
A: Autosomal dominant
B: Autosomal recessive
C: Autosomal partial dominance
D: X-linked dominant
E: X-linked recessive",A,A,True,"The patient is presenting with symptoms of shortness of breath, chest pain that worsens with breathing or coughing, and hemoptysis (coughing up blood). The presence of a large filling defect in the pulmonary vessels suggests a pulmonary embolism, which is often caused by a blood clot that has traveled to the lungs from the venous system, a condition known as pulmonary embolism (PE). The fact that the patient's symptoms are acute and there is no previous medical history or provoking event points towards a hypercoagulable state or thrombophilia.

The mention of a standard blood test that returns to normal parameters after drug administration suggests that the underlying cause might be a condition that can be corrected with a specific treatment. This is characteristic of conditions that involve clotting factors or coagulation pathways.

Among the options given, conditions with modes of inheritance that could lead to a hypercoagulable state include:

A: Autosomal dominant conditions, which can present at any age and do not require both parents to be affected. Examples include Factor V Leiden mutation and prothrombin gene mutation, both of which are common hereditary causes of thrombophilia.
B: Autosomal recessive conditions typically require both parents to be carriers and the patient to inherit two copies of the mutated gene. This is less common in acute presentations like this.
C: Autosomal partial dominance is not a common mode of inheritance for thrombophilias.
D: X-linked dominant conditions would affect males and females, but typically males would be more severely affected. This does not fit the typical pattern of thrombophilias.
E: X-linked recessive conditions typically affect males more severely than females because the gene is on the X chromosome. This does not fit the typical pattern of thrombophilias.

Given the information provided and the common genetic causes of hypercoagulable states, the most likely underlying cause of this patient's symptoms, considering it is a hereditary thrombophilia that can be treated with current medical therapies, would be an autosomal dominant condition.

Therefore, the answer is (A) Autosomal dominant.",,,0.0,0.0,"What is the most likely diagnosis for a patient with a large filling defect in the pulmonary vessels and symptoms of shortness of breath, chest pain, and hemoptysis?
What is the mode of inheritance for the most likely diagnosis?"
"A 37-year-old man with no significant past medical history is rear-ended in a motor vehicle accident. He reported significant neck pain to emergency responders, but otherwise denies weakness, numbness or tingling in his extremities. His vitals on presentation to the ED are HR 90, BP 140/80, RR 20, SpO2 98%. What is the most appropriate next step upon presentation to the emergency room?

Options:
A: Lateral cervical film
B: Three view cervical spine series
C: Cervical immobilization
D: IV methylprednisolone
E: Observation overnight",C,C,True,"Relevant chunks:
- Increase in cervical spine injury diagnoses
- Optimizing patient protection while minimizing harm is essential for advancing acute spinal injury management standards
- The exact type and benefits of spinal immobilization/spinal motion restriction have not been fully elucidated at this point and you should follow local pre-hospital practices

Irrelevant chunks:
- You have had head trauma and there is a risk of having a bony neck injury. This risk is lower because you are ambulatory on scene
- To be cautious, we are going to place you in a cervical collar, limit your neck range of motion and transport you to hospital for further assessment as per our current protocol

Based on the provided information, the patient has been rear-ended and reports significant neck pain. Although he denies weakness, numbness, or tingling in his extremities, and his vitals are stable, the history of significant neck pain after a motor vehicle accident raises concern for a potential cervical spine injury.

The most appropriate next step upon presentation to the emergency room should focus on stabilizing the potential injury and preventing further harm. Among the options provided:

A: Lateral cervical film - This imaging could be part of the assessment but does not provide a complete view of the cervical spine and may not be the immediate next step.
B: Three view cervical spine series - This is a more comprehensive imaging study for the cervical spine but may not be the immediate next step before stabilization.
C: Cervical immobilization - This is a critical initial step in the management of suspected cervical spine injuries to prevent further injury.
D: IV methylprednisolone - This treatment is controversial and not typically the immediate step in the absence of confirmed spinal cord injury and is not indicated solely based on neck pain.
E: Observation overnight - While observation may be part of the management, it does not address the immediate need to stabilize the potential injury.

Given the need to prevent further harm and the potential for a cervical spine injury, the most appropriate next step is to immobilize the cervical spine.

Therefore, the answer is (C) Cervical immobilization.","increase in cervical spine injury diagnoses, optimizing patient protection while minimizing harm is essential for advancing acute spinal injury management standards.
---
The exact type and benefits of spinal immobilization/spinal motion restriction have not been fully elucidated at this point and you should follow local pre-hospital practices.  
**What Do I Tell My Patient?**
You have had head trauma and there is a risk of having a bony neck injury. This risk is lower because you are ambulatory on scene, but to be cautious, we are going to place you in a cervical collar, limit your neck range of motion and transport you to hospital for further assessment as per our current protocol.",sgem-411.md,14.412883758544922,13.966660976409912,"What is the initial management for a patient with a suspected cervical spine injury after a motor vehicle accident?
What is the initial imaging study of choice for a patient with a suspected cervical spine injury?
When should a patient with a suspected cervical spine injury be immobilized?
What is the treatment for acute spinal cord injury?
What is the treatment for a patient with a suspected cervical spine injury without neurologic deficits?"
"The patient is given prophylactic labetalol and magnesium sulfate. Examination shows absent deep tendon reflexes bilaterally. Which of the following is the most appropriate next step in the management of this patient?

Options:
A: Stop magnesium sulfate and give calcium gluconate
B: Stop labetalol
C: Stop magnesium sulfate and give lorazepam
D: Perform nerve conduction studies
E: Perform emergency cesarean section",A,A,True,"The patient is being given prophylactic labetalol and magnesium sulfate, which are commonly used in obstetrics to prevent seizures in women with preeclampsia or eclampsia. The absence of deep tendon reflexes bilaterally could be a sign of magnesium toxicity, which is a known complication of magnesium sulfate therapy. 

The appropriate management for magnesium toxicity includes stopping the magnesium sulfate infusion and administering calcium gluconate, which can help reverse the effects of magnesium toxicity. Calcium gluconate is used because it can counteract the effects of magnesium on the neuromuscular junction.

Option A ""Stop magnesium sulfate and give calcium gluconate"" is the correct choice because it addresses the potential toxicity from the magnesium sulfate.

Option B ""Stop labetalol"" does not directly address the issue of absent deep tendon reflexes, which is more likely due to magnesium toxicity rather than labetalol.

Option C ""Stop magnesium sulfate and give lorazepam"" is not appropriate as lorazepam is used for seizures and does not counteract magnesium toxicity.

Option D ""Perform nerve conduction studies"" is not the immediate next step in management; it would be more appropriate after addressing the potential toxicity.

Option E ""Perform emergency cesarean section"" is not indicated solely based on the absence of deep tendon reflexes and would not address the potential magnesium toxicity.

Therefore, the answer is (A) Stop magnesium sulfate and give calcium gluconate.",,,0.0,0.0,"What condition is characterized by absent deep tendon reflexes and requires immediate treatment with magnesium sulfate and labetalol?
What condition is characterized by absent deep tendon reflexes and requires immediate treatment with magnesium sulfate and labetalol?
What condition is characterized by absent deep tendon reflexes and requires immediate treatment with magnesium sulfate and labetalol?"
"A 75-year-old woman is brought by a patrolman to the emergency department because of altered mental status. She was found wandering next to the highway. The patient was unable to answer questions and collapsed in transit. Her vitals are: temperature, 33.0°C (91.4°F); pulse, 40/min; respirations,12/min; blood pressure, 80/50 mm Hg; and oxygen saturation, 85% on room air. Physical examination shows decorticate posturing, incomprehensible speech, eyes opening to pain, dry hair, coarse and waxy skin, and non-pitting edema around the face and all extremities. Electrocardiogram shows sinus bradycardia. Laboratory studies show:
Calcium 9.0 mg/dL
Hematocrit (female) 34%
Potassium 4.0 mEq/L
Sodium 120 mEq/L
TSH 110.0 µU/mL
Thyroxine (T4) 1.2 µg/dL
Triiodothyronine (T3) 70 ng/dL
Which of the following is the most likely diagnosis in this patient?

Options:
A: Myxedema coma
B: Pheochromocytoma crisis
C: Septic shock
D: Tertiary hyperparathyroidism
E: Thyroid storm",A,A,True,"First, let's summarize the available information:
- The patient is a 75-year-old woman with altered mental status.
- She was found hypothermic (33.0°C or 91.4°F), bradycardic (pulse 40/min), hypotensive (BP 80/50 mm Hg), and hypoxic (O2 sat 85% on room air).
- Physical examination shows signs of severe hypothermia, decreased responsiveness, and dry skin.
- The ECG shows sinus bradycardia.
- Laboratory studies indicate hypothyroidism (high TSH, low T4, and low T3).

Now, let's analyze the options in the context of the clinical presentation:

A: Myxedema coma - This is a severe form of hypothyroidism that can present with altered mental status, hypothermia, bradycardia, hypotension, and hypoxia. The laboratory findings of high TSH and low T4 and T3 are consistent with myxedema coma.

B: Pheochromocytoma crisis - This condition typically presents with hypertension, tachycardia, and symptoms of catecholamine excess, which are not present in this case.

C: Septic shock - While the patient does have signs of shock (hypotension, hypoxia), there is no evidence of infection, and the laboratory findings suggest hypothyroidism rather than sepsis.

D: Tertiary hyperparathyroidism - This condition is associated with hypercalcemia, which is not indicated in this patient's laboratory results.

E: Thyroid storm - This is an acute, life-threatening condition characterized by extreme symptoms of hyperthyroidism. The patient's laboratory results indicate hypothyroidism, not hyperthyroidism.

Based on the clinical presentation and laboratory findings, the most likely diagnosis is myxedema coma, which is associated with severe hypothyroidism and can present with the symptoms and signs described in the patient.

Therefore, the answer is (A) Myxedema coma.","Refer to box 120.7 in Rosen’s 9th edition for recognition of the clinical features of myxedema coma.  
Clinical features:  
- Hypothermia
- Hypotension - refractory
- Hypoventilation
- Bradycardia
- AMS
- Edematous face  
Refer to box 120.6 in Rosen’s 9th edition for a list of the aggravating or precipitating factors in myxedema coma.  
Precipitating events include:  
- Myocardial infarction
- Infection
- Sepsis
- Stroke
- Pulmonary embolism
- Prolonged exposure to cold
- Exposure to drugs that suppress the central nervous system
---
Refer to box 120.8 in Rosen’s 9th edition for the treatment of myxedema coma.  
Stress doses of an IV glucocorticoid are recommended due to possible concomitant adrenal insufficiency. Hydrocortisone, 100 mg IV, is the drug of choice because it has mineralocorticoid and glucocorticoid effects.
---
Well, it can really occur in anyone with hyperthyroidism (Graves’ disease, toxic multinodular goiter/adenoma) OR be the first presentation of thyrotoxicosis,  
BUT usually the storm starts after one of these insults:  
- Thyroid or nonthyroidal surgery,
- Trauma,
- Infection,
- An acute iodine load,
- Postpartum,
- In addition, irregular use or discontinuation of antithyroid drugs is a commonly reported precipitant of thyroid storm.  
Source: Uptodate
---
See box 120.4 in Rosen’s 9th edition for thyrotoxicosis and thyroid storm special situations.  
1. Congestive heart failure
2. Atrial fibrillation
3. Thyroiditis (subacute)
4. Factitious thyrotoxicosis
---
1. List, define, and explain the 5 causes of shock.
2. What is the utility of lactate and base deficit in the management of shock?
3. Define: SIRS, Sepsis, Severe Sepsis, and Septic Shock.
4. List 5 empirical criteria for the diagnosis of circulatory shock.
5. Describe Early Goal Directed Therapy.
6. Describe the management goals in cardiogenic shock.
---
Sepsis and Septic shock:
A constellation of clinical, laboratory, radiologic, physiologic, and microbiologic data is typically required for the diagnosis of sepsis and septic shock.  
Big take-home point:
A 2016 SCCM/ESICM task force has defined sepsis as life-threatening organ dysfunction caused by a dysregulated host response to infection” (Uptodate).  
So, it’s nice and simple now:  
1. You need an infection (suspected or confirmed).
2. You need organ dysfunction.  
Then you have sepsis!  
Organ dysfunction = Two or more points on the qSOFA score.",cc-128.md | cc-6.md | cc-138.md,15.588375091552734,14.663398265838623,"What is the classic presentation of myxedema coma?
What are the key laboratory findings in myxedema coma?
What is the most common cause of myxedema coma?
What is the most common cause of thyroid storm?
What is the most common cause of pheochromocytoma crisis?
What is the most common cause of septic shock?
What is the most common cause of tertiary hyperparathyroidism?"
"A 13-year-old boy presents to the emergency department with severe knee, hip, and groin pain. The patient has a past medical history notable only for obesity and asthma. His temperature is 98°F (36.7°C), blood pressure is 124/65 mmHg, pulse is 128/min, respirations are 14/min, and oxygen saturation is 99% on room air. Physical exam is notable for an inability of the patient to bear weight on his left leg and limited range of motion of the left hip. Which of the following is the best management for this patient?

Options:
A: Casting and crutches
B: Immobilization of the hip in a Pavlik harness
C: Supportive therapy and observation
D: Surgical drainage of the hip
E: Surgical pinning of the femoral head",E,D,False,"First, let's summarize the available information:
- A 13-year-old boy presents with severe knee, hip, and groin pain.
- He has a history of obesity and asthma.
- Vital signs: Temperature 98°F, BP 124/65 mmHg, Pulse 128/min, Respirations 14/min, O2 saturation 99% on room air.
- Physical exam: Inability to bear weight on the left leg, limited range of motion of the left hip.

Now, let's consider the options in the context of the information provided:

A: Casting and crutches - This option is typically used for fractures or conditions that require weight-bearing support. However, the inability to bear weight and limited ROM could suggest a serious underlying condition such as septic arthritis or Legg-Calvé-Perthes disease.

B: Immobilization of the hip in a Pavlik harness - This is a treatment for developmental dysplasia of the hip, not for acute presentation of severe pain and limited ROM.

C: Supportive therapy and observation - Given the severity of symptoms and the limited range of motion, this option may not be aggressive enough if the patient has septic arthritis, which is a medical emergency.

D: Surgical drainage of the hip - This would be indicated if there were evidence of septic arthritis, which is a likely diagnosis given the patient's age, symptoms, and limited range of motion.

E: Surgical pinning of the femoral head - This is a treatment for Legg-Calvé-Perthes disease, but there is no indication that this is the current issue, and it would not be the first-line treatment for acute presentation without confirmation of the diagnosis.

Based on the information provided, the most likely diagnosis is septic arthritis, given the acute presentation, age of the patient, and symptoms. Therefore, the best management would be to address this potential emergency with surgical intervention to drain the infected joint.

Therefore, the answer is (D) Surgical drainage of the hip.","- Excellent! Self-limited disease.
- Thus, in children who are able to ambulate, have minimal pain after treatment with nonsteroidal anti-inflammatory drugs (NSAIDs), and have normal inflammatory markers (CRP < 20 mg/L), outpatient management with close primary care follow-up is reasonable. The CRP should normalize within 1 week of supportive care.
- Ideally follow up with good return instructions within 24 hrs. They should rest the affected joint and return to normal activity after the pain has subsided and ROM has normalized.
- 75% of patients are pain-free at 2 weeks.
- Persistent joint effusion beyond 6 weeks may be associated with the subsequent development of Legg-Calvé-Perthes disease.
---
- The peak incidence of septic arthritis is between 6 and 24 months of age. Patients present with pain, fever, and decreased use of the involved limb. The knee is usually involved, followed by the hip. Inflammatory markers tend to be elevated, although they may be normal in young children with Kingella kingae infection (oropharyngeal colonizer). Blood and synovial fluid cultures are positive less than 50% of the time. Staphylococcus aureus is a frequent culprit. Treatment consists of joint drainage and empirical antibiotics (e.g., nafcillin and ceftriaxone, with or without vancomycin).
- Examination of the hip is warranted in all patients with knee pain.
- Legg-Calvé-Perthes disease is an idiopathic avascular necrosis of the hip that has a peak presentation between 5 and 7 years of age. It is bilateral in 20% of cases.",cc-176.md,15.190805435180664,14.352002143859863,"What is the most common cause of hip pain in a 13-year-old boy?
What are the clinical features of Legg-Calvé-Perthes disease?
How is Legg-Calvé-Perthes disease managed?"
"A 51-year-old man is brought to the emergency department because of a 2-day history of fever, abdominal pain, and confusion. His wife states that he has been unable to recall his birthday or her name. He was diagnosed with hepatitis C 3 years ago but refused treatment. He has been treated twice in the past year for acute pancreatitis. There is no family history of serious illness. His only medication is a calcium supplement. He emigrated from India 15 years ago. He appears ill. His temperature is 38.3°C (100.9°F), pulse is 101/min, and blood pressure is 104/68 mm Hg. He is confused and oriented only to person. Examination shows scleral icterus and spider angiomas. There are fine tremors of the hands bilaterally. The abdomen is distended and shifting dullness is present. There is diffuse tenderness to palpation with no guarding. Bowel sounds are absent. Laboratory studies show:
Hemoglobin 12.6 g/dL
Leukocyte count 13,900/mm3
Platelet count 342,000/mm3
Serum
Albumin 2.6 g/dL
Total bilirubin 2.56 mg/dL
Alkaline phosphatase 54 U/L
AST 17 U/L
ALT 44 U/L
Paracentesis is performed. Ascitic fluid analysis shows an albumin concentration of 0.8 g/dL, glucose concentration of 62 mg/dL, and a leukocyte count of 1900/mm3 with 60% neutrophils. Which of the following is the most likely explanation for these findings?""

Options:
A: Pancreatic fluid leakage
B: Aseptic peritoneal inflammation
C: Neoplastic growth
D: Bacterial translocation
E: Perforated viscus",D,B,False,"The patient presents with fever, abdominal pain, confusion, memory impairment, scleral icterus, spider angiomas, and fine tremors of the hands. These symptoms, along with the history of hepatitis C and the physical examination findings of a distended abdomen with shifting dullness, suggest the presence of liver disease and possibly hepatic encephalopathy (confusion, memory impairment). The laboratory findings of low albumin and high total bilirubin are consistent with liver dysfunction. The ascitic fluid analysis shows a low albumin concentration, which is consistent with ascites, and a high leukocyte count with a predominance of neutrophils, indicating an inflammatory process.

Let's evaluate the options:

A: Pancreatic fluid leakage would not typically cause the neurological symptoms (confusion, memory impairment) seen in this patient, and there is no mention of pancreatic pathology in the history or examination.

B: Aseptic peritoneal inflammation, also known as spontaneous bacterial peritonitis (SBP), is a common and severe complication in patients with cirrhosis and ascites. The presence of fever, abdominal pain, and altered mental status, along with the ascitic fluid analysis showing a high leukocyte count with neutrophil predominance, supports this diagnosis.

C: Neoplastic growth could cause ascites, but it is less likely to present with acute fever and confusion unless there is a complication such as tumor lysis syndrome or rupture, which is not indicated here.

D: Bacterial translocation is a mechanism that can lead to SBP, but the term itself does not explain the clinical findings.

E: Perforated viscus typically presents with acute, severe abdominal pain and signs of peritonitis, which would likely cause guarding on examination, a finding that is absent in this patient.

Given the clinical presentation and the ascitic fluid analysis, the most likely explanation for these findings is aseptic peritoneal inflammation, which is consistent with spontaneous bacterial peritonitis (SBP). Therefore, the answer is (B) Aseptic peritoneal inflammation.",,,0.0,0.0,"What is the most likely diagnosis for a patient with fever, abdominal pain, confusion, hepatitis C, scleral icterus, spider angiomas, and ascites?
What is the most likely cause of ascites in this patient?
What is the most likely explanation for the ascitic fluid analysis findings?"
"An 18-month-old girl is brought to the emergency department because of a cough that her parents are worried about. She has had a runny nose and a low-grade fever for the past 2 days, with some hoarseness and a rough-sounding cough that started this afternoon. This evening she began making some high-pitched sounds when taking breaths, and she seemed to be having some trouble breathing. She is alert and does not appear to be in acute distress. She has a temperature of 38.0°C (100.4 °F), with a respiratory rate of 50/min and O2 saturation of 97%. There is audible inspiratory stridor that worsens when she starts to cry during the examination. She has an occasional barking cough. Her pharynx is mildly erythematous with normal tonsils and no exudate. A frontal X-ray of the upper chest airways is obtained (shown in the image). Which of the following is the best step in management?

Options:
A: Anterior-posterior and lateral radiographs of the neck
B: Intubation
C: Racemic epinephrine and intramuscular corticosteroid therapy
D: Intravenous antibiotics
E: Trial of bronchodilator therapy and oral steroids",C,C,True,"The patient is an 18-month-old girl presenting with symptoms of a cough, runny nose, low-grade fever, hoarseness, a rough-sounding cough, high-pitched inspiratory sounds, and difficulty breathing. She is alert and not in acute distress, with a temperature of 38.0°C, a respiratory rate of 50/min, and O2 saturation of 97%. The presence of inspiratory stridor that worsens with crying and a barking cough, along with the mild erythema of the pharynx and normal tonsils without exudate, are suggestive of croup. Croup is a common respiratory condition in children characterized by inflammation of the upper airways, leading to the symptoms observed.

The frontal X-ray of the upper chest airways, although not shown here, would likely support the diagnosis of croup by demonstrating subglottic narrowing or other characteristic features of croup.

Given the diagnosis of croup, the best step in management is typically to provide treatment that reduces airway inflammation and improves symptoms. Racemic epinephrine and intramuscular corticosteroid therapy are commonly used to treat croup and can rapidly improve symptoms.

Anterior-posterior and lateral radiographs of the neck (Option A) are not immediately necessary and would not be the best step in management. Intubation (Option B) is reserved for severe cases of croup with significant airway compromise, which does not seem to be the case here as the patient is alert and has a good O2 saturation. Intravenous antibiotics (Option D) are not indicated as there is no evidence of bacterial infection, and croup is typically caused by a viral infection. A trial of bronchodilator therapy and oral steroids (Option E) could be considered for wheezing or if there was a suspicion of asthma, but the presentation is more consistent with croup, which responds better to steroids and epinephrine.

Therefore, the answer is (C) Racemic epinephrine and intramuscular corticosteroid therapy.",,,0.0,0.0,"What is the most likely diagnosis for this patient?
What is the best initial step in management for this condition?"
"A 41-year-old man presents to the emergency department with a 6-hour history of muscle cramping, decreased appetite, and diarrhea. He says that these symptoms came on rapidly but does not recall anything that may have triggered the episode. He has never experienced these symptoms before. His past medical history is significant for obesity, sleep apnea, and type 2 diabetes that is well controlled on metformin. He also has gastroesophageal reflux disease for which he occasionally takes antacids. On presentation he is found to have fast, shallow breathing and abdominal pain that is poorly localized. Basic labs as well as an arterial blood gas are obtained and the results are shown below:

Na+: 139 mEq/L
Cl-: 106 mEq/L
HCO3-: 11 mEq/L
pH: 7.25
pCO2: 22 mmHg

Which of the following is the most likely cause of the changes seen in this patient's labs?

Options:
A: Antacids
B: Anxiety
C: Diarrhea
D: Metformin
E: Sleep apnea",D,C,False,"The patient presents with muscle cramping, decreased appetite, and diarrhea. The lab results show a low bicarbonate level (HCO3-) of 11 mEq/L and a low pH of 7.25, indicating metabolic acidosis. The pCO2 is low at 22 mmHg, which suggests a compensatory respiratory alkalosis, as the body tries to correct the acidosis by hyperventilating (fast, shallow breathing).

Now let's consider the options:

A: Antacids typically cause localized symptoms such as heartburn or gastric discomfort, and they do not usually cause systemic metabolic acidosis.

B: Anxiety can cause respiratory alkalosis due to hyperventilation, but it does not cause metabolic acidosis.

C: Diarrhea can lead to metabolic acidosis because it can cause loss of bicarbonate in the stool.

D: Metformin is known to cause a rare but serious side effect of lactic acidosis, which is a type of metabolic acidosis. However, this typically presents with more severe symptoms and is a less common cause of acidosis compared to diarrhea.

E: Sleep apnea can lead to respiratory acidosis due to carbon dioxide retention, but it does not typically cause metabolic acidosis.

Given the patient's symptoms of diarrhea and the lab findings of metabolic acidosis, the most likely cause of the changes seen in this patient's labs is the diarrhea, which can lead to loss of bicarbonate and result in metabolic acidosis.

Therefore, the answer is (C) Diarrhea.",,,0.0,0.0,"What is the primary pathology in this patient?
What are the common complications of this condition?
Which of the following options is the most likely cause of the changes seen in this patient's labs?"
"A 66-year-old man presents to the emergency department with abdominal pain, nausea, and vomiting. He endorses diffuse abdominal tenderness. His past medical history is notable for diabetic nephropathy, hypertension, dyslipidemia, depression, and morbid obesity. He also is currently being treated for an outbreak of genital herpes. His temperature is 99.0°F (37.2°C), blood pressure is 184/102 mmHg, pulse is 89/min, respirations are 18/min, and oxygen saturation is 98% on room air. Physical exam is notable for an obese man in no acute distress. A CT scan of the abdomen with contrast is performed and is unremarkable. The patient is admitted to the observation unit for monitoring of his pain. Notably, the patient's abdominal pain improves after an enema and multiple bowel movements. The patient's evening laboratory values are ordered and return as seen below.

Serum:
Na+: 141 mEq/L
Cl-: 99 mEq/L
K+: 4.8 mEq/L
HCO3-: 11 mEq/L
BUN: 20 mg/dL
Glucose: 177 mg/dL
Creatinine: 3.1 mg/dL

Which of the following is the most likely etiology of this patient's laboratory derangements?

Options:
A: Acyclovir
B: Atorvastatin
C: Insulin
D: Metformin
E: Metoprolol",D,A,False,"The patient has a history of diabetic nephropathy, hypertension, dyslipidemia, depression, and morbid obesity. He is being treated for an outbreak of genital herpes, which suggests he is likely on antiviral therapy such as acyclovir. His laboratory values show a normal sodium (Na+), chloride (Cl-), potassium (K+), and glucose level, but a low bicarbonate (HCO3-) indicating metabolic acidosis, and an elevated BUN and creatinine, which suggests renal impairment.

Acyclovir, an antiviral medication, can cause crystalline nephropathy if not adequately hydrated, which could lead to acute kidney injury (AKI) and result in the elevated BUN and creatinine. Atorvastatin, a statin, is used for dyslipidemia and is not typically associated with causing metabolic acidosis or significant renal derangements. Insulin is used to manage diabetes, and while it can affect electrolytes, it does not typically cause metabolic acidosis or significant renal impairment. Metformin, used for diabetes management, can cause lactic acidosis, which is a type of metabolic acidosis, but it is less likely to cause acute renal failure. Metoprolol, a beta-blocker used for hypertension, does not typically cause metabolic acidosis or significant renal impairment.

Given the patient's recent treatment for genital herpes and the association of acyclovir with renal impairment when dehydrated, acyclovir is the most likely etiology of the patient's laboratory derangements, particularly the renal impairment.

Therefore, the answer is (A) Acyclovir.",,,0.0,0.0,"What is the most likely etiology of the patient's laboratory derangements?
What are the common side effects of the medication that is causing the patient's laboratory derangements?
What medication is associated with both the patient's laboratory derangements and the improvement of his abdominal pain after an enema?"
"A 41-year-old G3P1 woman presents with a sudden onset throbbing headache, tinnitus, nausea, and left-sided weakness. Patient has no significant past medical history and takes no medications.  Her last two pregnancies ended with spontaneous abortions before the 10th week of gestation. No significant family history. Her vital signs include: blood pressure 130/90 mm Hg, pulse 58/min, respiratory rate 11/min, and temperature 36.8℃ (98.2℉). GCS is 14/15. Physical examination shows 3+ deep tendon reflexes and increased muscle tone in the left upper and lower extremities. Laboratory findings are significant for the following:
Platelet count 230,000/mm3
Fibrinogen 3.5 g/L
Activated partial thromboplastin time  70 s
Thrombin time 34 s
 A non-contrast CT of the head is performed and shown in the picture. Which of the following would be the next best diagnostic step in this patient?

Options:
A: Mixing study
B: INR
C: D-dimer
D: Ristocetin-induced platelet aggregation test
E: Clot retraction study",A,A,True,"The patient presents with a sudden onset throbbing headache, tinnitus, nausea, and left-sided weakness. These symptoms, along with the findings of a non-contrast CT of the head (not shown here but presumably normal or not indicating a hemorrhage), suggest a possible stroke. The patient's vital signs are relatively stable, but the presence of tinnitus and headache could also suggest a vascular event such as a transient ischemic attack (TIA) or stroke.

The laboratory findings show a normal platelet count, normal fibrinogen level, and an activated partial thromboplastin time (aPTT) that is prolonged. The thrombin time is normal. The prolonged aPTT could suggest a coagulopathy, but the normal platelet count and fibrinogen level make a bleeding disorder less likely.

Given the patient's history of two spontaneous abortions before the 10th week of gestation, there is a concern for antiphospholipid syndrome (APS), which is associated with recurrent pregnancy loss and thrombotic events. APS can cause a prolonged aPTT due to the presence of lupus anticoagulant, which interferes with the phospholipid-dependent steps in the clotting cascade.

The next best diagnostic step would be to perform tests specific for APS. A mixing study (option A) is used to differentiate between a prolonged aPTT due to a factor deficiency (which would correct with mixing) or the presence of an inhibitor (which would not correct with mixing). Since the aPTT is prolonged and the platelet count and fibrinogen are normal, a mixing study would help determine if the prolonged aPTT is due to an inhibitor, which is consistent with APS.

INR (option B) is a measure of the extrinsic and common coagulation pathways and would not be helpful in this case. D-dimer (option C) is a marker of thrombosis and is typically elevated in conditions with increased clot formation and breakdown, but it is not specific for APS. The Ristocetin-induced platelet aggregation test (option D) is used to diagnose von Willebrand disease, which is not suggested by the clinical scenario. A clot retraction study (option E) is used to diagnose disorders of platelet function, which is also not suggested by the clinical scenario.

Therefore, the answer is (A) Mixing study.",,,0.0,0.0,"What is the most likely diagnosis for this patient?
What additional test is indicated for this diagnosis?"
"An 81-year-old woman is brought to the emergency room by her son after witnessing the patient fall and hit her head. The son reports that the patient was in her usual state of health until she complained of chest palpitations. This startled her while she was climbing down the stairs and lead to a fall. Past medical history is significant for hypertension and atrial fibrillation. Medications are lisinopril, metoprolol, and warfarin. Temperature is 99°F (37.2°C), blood pressure is 152/96 mmHg, pulse is 60/min, respirations are 12/min, and pulse oximetry is 98% on room air. On physical examination, she is disoriented and at times difficult to arouse, the left pupil is 6 mm and non-reactive to light, and the right pupil is 2 mm and reactive to light. A right-sided visual field defect is appreciated on visual field testing. There is 1/5 strength on the right upper and lower extremity; as well as 5/5 strength in the left upper and lower extremity. A computerized tomography (CT) scan of the head is shown. Which of the following most likely explains this patient’s symptoms?

Options:
A: Herniation of the uncus
B: Herniation of the cingulate gyrus
C: Occlusion of the anterior cerebral artery
D: Occlusion of the basilar artery
E: Occlusion of the anterior spinal artery",A,A,True,"The patient is an 81-year-old woman with a history of hypertension and atrial fibrillation who experienced chest palpitations, fell, and now presents with disorientation, a non-reactive left pupil, a right-sided visual field defect, and decreased strength on the right side. The non-reactive pupil and visual field defect suggest a neurological issue on the left side of the brain. The right-sided weakness indicates a problem affecting the motor pathways on the left.

The CT scan would help identify the cause of these symptoms, which could be due to bleeding (hemorrhage) or ischemia (lack of blood flow). However, the specific findings on the CT scan are not provided in the question, so we must rely on the clinical presentation to deduce the most likely cause.

Given the options:

A: Herniation of the uncus - Uncal herniation can cause compression of the third cranial nerve (oculomotor nerve), which would explain the non-reactive left pupil and the right-sided visual field defect (due to compression of the optic tract or fibers of the optic nerve on the left side). However, it typically does not cause hemiparesis (weakness on one side of the body).

B: Herniation of the cingulate gyrus - This type of herniation can cause compression of the anterior cerebral artery, which could lead to right-sided hemiparesis. However, it is less likely to cause the visual field defect and pupil abnormalities seen in this patient.

C: Occlusion of the anterior cerebral artery - This would affect the medial portions of the frontal lobes and superior medial parietal lobes, which could cause contralateral leg weakness, but the patient's symptoms are more severe on the right side, and it would not typically cause the visual field defect or pupil abnormalities.

D: Occlusion of the basilar artery - This artery supplies the brainstem and cerebellum. Occlusion could lead to a variety of symptoms, including cranial nerve deficits, but it would not typically cause the unilateral findings seen in this patient.

E: Occlusion of the anterior spinal artery - This would affect the spinal cord and could cause symptoms such as paralysis and loss of pain and temperature sensation, but it would not explain the patient's visual field defect or pupil abnormalities.

Considering the clinical presentation and the options provided, the most likely explanation for the patient's symptoms, including the visual field defect, non-reactive pupil, and hemiparesis, is likely due to a mass effect or hemorrhage causing pressure on the left side of the brain, leading to herniation. The uncus, part of the temporal lobe, when herniated, can compress the third cranial nerve and also cause a shift that may compress the cerebral peduncle against the tentorium, resulting in the contralateral hemiparesis.

Therefore, the answer is (A) Herniation of the uncus.",,,0.0,0.0,"What is the most likely cause of the patient's symptoms?
What are the clinical features of an acute basilar artery occlusion?
What are the clinical features of an acute anterior spinal artery occlusion?"
"A 41-year-old man presents to the emergency room with sudden onset of blurry vision one hour ago. He states that he was resting at home when he noticed he had difficulty reading. Currently, he is also starting to see double, and is seeing two images on top of each other. Earlier today, he felt ill with nausea, vomiting, and watery diarrhea, which he attributed to food he had eaten at a picnic the day before. When asked which foods he ate, he lists potato salad, a hamburger, deviled eggs, and pickles made by his neighbor. He also heard that his friend who went to the picnic with him has developed similar symptoms and was seen in another hospital earlier. While in the emergency room, the patient’s temperature is 98.4°F (36.9°C), pulse is 75/min, blood pressure is 122/84 mmHg, and respirations are 13/min. Cranial nerve exam is notable for fixed pupillary dilation, and difficulty depressing both eyes. The remainder of his exam is normal. Which of the following is the pathogenesis of this patient’s presentation?

Options:
A: Decreased acetylcholine release
B: Overactivation of adenylate cyclase
C: Release of interferon-gamma
D: Degradation of phospholipids
E: Inhibition of GABA release",A,A,True,"The patient presents with symptoms of blurry vision, double vision, and difficulty with eye movements, which are consistent with cranial nerve involvement. The history of nausea, vomiting, and watery diarrhea after eating at a picnic, along with the development of similar symptoms in a friend, suggests a foodborne illness. Botulism is a likely diagnosis given the symptoms and the context of food ingestion.

The pathogenesis of botulism involves the inhibition of acetylcholine release at the neuromuscular junction and autonomic synapses due to the action of botulinum toxin. This is consistent with the clinical presentation of the patient, who has signs of cranial nerve palsies and autonomic dysfunction (e.g., fixed pupillary dilation).

Option A: Decreased acetylcholine release is consistent with the mechanism of botulinum toxin.
Option B: Overactivation of adenylate cyclase is not related to botulism; it is more associated with conditions like pertussis.
Option C: Release of interferon-gamma is not related to botulism; it is more associated with immune responses.
Option D: Degradation of phospholipids is not related to botulism; it is more associated with conditions like hemolytic anemias.
Option E: Inhibition of GABA release is not related to botulism; it is more associated with conditions like tetanus.

Given the clinical presentation and the known mechanism of botulism, the correct answer is the one that describes the inhibition of neurotransmitter release due to botulinum toxin.

Therefore, the answer is (A) Decreased acetylcholine release.","Botulism is a rare life-threatening paralytic illness caused by neurotoxins produced by Clostridium botulinum. {the opposite presentation to tetanus}  
[In 1820, Kerner first noted an association between sausage ingestion and a paralytic illness. The term botulism comes from the Latin botulus, meaning “sausage,”]  
**Mechanism of action**  
- This is a toxin mediated disease
- Works on the NMJ causing flaccid paralysis
- The botulinum neurotoxin is similar in structure and function to the tetanospasmin toxin produced by C. tetani, but the clinical effects differ dramatically. Tetanospasmin targets inhibitory interneurons in the CNS, causing generalized muscle spasm, whereas botulinum toxin targets peripheral neuromuscular junctions and autonomic synapses, causing flaccid paralysis.
- The toxin binds to the presynaptic nerve membrane, becomes internalized, and inhibits the release of acetylcholine predominantly at the cholinergic synapses of the cranial nerves, autonomic nerves, and neuromuscular junction.
---
Clinically, this is manifested by cranial nerve palsies, parasympathetic blockade, and descending flaccid paralysis. Once affected with type A toxin, the nerve is permanently damaged, and recovery requires axonal regeneration and the formation of new synapses, which may take several months.  
**The disease occurs in one of five forms:**  
- Food-borne botulism,
- Typical food-borne botulism results from the ingestion of preformed heat-labile toxin rather than from the ingestion of spores or live bacteria.
- One taste can expose a person to enough toxin to cause clinical illness. Digestive enzymes do not destroy preformed toxin.
- Home-canning, mass produced foods, restaurants
- Infant botulism (the most common form of the illness now)",cc-129.md,13.31387996673584,13.04603624343872,"What is the pathogenesis of botulism?
What is the pathogenesis of cholinergic crisis in myasthenia gravis?
What is the pathogenesis of organophosphate poisoning?
What is the pathogenesis of CNS botulism?
What is the pathogenesis of foodborne botulism?"
"A 43-year-old man comes to the emergency department with nausea, abdominal discomfort, diarrhea, and progressive perioral numbness for the past 24 hours. 3 days ago, he underwent a total thyroidectomy for treatment of papillary thyroid cancer. His only medication is a multivitamin supplement. He appears fatigued. While measuring the patient's blood pressure, the nurse observes a spasm in the patient's hand. Physical examination shows a well-healing surgical wound on the neck. Which of the following ECG findings are most likely in this patient?

Options:
A: Torsade de pointes
B: QT prolongation
C: U waves
D: Peaked T waves
E: PR prolongation",B,B,True,"First, let's summarize the available information:
- The patient is a 43-year-old man.
- He presents with nausea, abdominal discomfort, diarrhea, and progressive perioral numbness.
- He underwent a total thyroidectomy 3 days ago.
- His only medication is a multivitamin supplement.
- He appears fatigued, and a nurse observes a spasm in the patient's hand.
- His physical examination is otherwise unremarkable.

The symptoms of nausea, abdominal discomfort, diarrhea, and perioral numbness, along with the observed spasm in the hand, suggest that the patient may be experiencing hypocalcemia. This is a common complication after thyroidectomy due to accidental removal or damage to the parathyroid glands, which regulate calcium levels in the body. Hypocalcemia can cause neuromuscular irritability, which is consistent with the spasm observed.

Now, let's consider the ECG findings associated with hypocalcemia:
- Torsade de pointes (A) is typically associated with a prolonged QT interval, but it is a specific type of ventricular tachycardia and not a common finding in hypocalcemia.
- QT prolongation (B) can be seen in hypokalemia, but it is also a nonspecific finding and can be seen in other conditions.
- U waves (C) are associated with hypokalemia, not hypocalcemia.
- Peaked T waves (D) are typically associated with hyperkalemia, not hypocalcemia.
- PR prolongation (E) is not typically associated with hypocalcemia.

Given the patient's recent thyroidectomy and symptoms suggestive of hypocalcemia, the most likely ECG finding would be a prolonged QT interval, as hypocalcemia can lead to this electrolyte disturbance.

Therefore, the answer is (B) QT prolongation.","No clear stepwise progression with these findings.  
- Flat T wave
- U wave
- Non-specific S-T changes
- Prolonged QT  
Hypokalemic patients can demonstrate first- and second-degree heart block, atrial fibrillation, ventricular fibrillation, and asystole.",cc-125.md,14.16845703125,14.16845703125,"What complications occur after thyroidectomy that can also affect the ECG?
What electrolyte abnormalities are seen post-thyroidectomy?
Which electrolyte abnormalities cause QT prolongation versus peaked T waves or U waves on ECG?"
"A 68-year-old woman presents with left lower quadrant pain that worsens with defecation. She describes the pain as 'crampy'. She also says she has suffered from mild constipation for the past few years. The patient denies any recent weight change or urinary symptoms. Her last menstrual period was 16 years ago. Her body temperature is 37.8°C (100.0°F), pulse is 102/min, respiratory rate is 16/min, and blood pressure is 133/87 mm Hg. On physical examination, tenderness to palpation in the left lower quadrant is present. The laboratory studies are presented as follows:
Hemoglobin 13.2 mg/dL
Hematocrit 48%
Leukocyte count 16,000/mm³
Neutrophils 89%
Bands 5%
Eosinophils 0%
Basophils 0%
Lymphocytes 11%
Monocytes 0%
Platelet count 380,000/mm³
Which of the following is the most likely diagnosis in this patient?

Options:
A: Diverticulitis
B: Hypothyroidism
C: Adenocarcinoma of the colon
D: Chronic inflammatory bowel disease
E: Irritable bowel syndrome",A,A,True,"The patient is a 68-year-old woman presenting with left lower quadrant pain that worsens with defecation, mild constipation, and no significant changes in weight or urinary symptoms. Her last menstrual period was 16 years ago, indicating she is postmenopausal. Her vital signs show a slightly elevated temperature, tachycardia, and normal blood pressure. Physical examination reveals tenderness in the left lower quadrant. The laboratory studies show an elevated leukocyte count with a predominance of neutrophils, which suggests an acute inflammatory process.

Given the clinical presentation and laboratory findings, we can consider the following for each diagnosis:

A) Diverticulitis: This condition is common in older adults and typically presents with left lower quadrant pain, fever, and leukocytosis. The patient's symptoms and elevated white blood cell count are consistent with this diagnosis.

B) Hypothyroidism: This condition can cause constipation, but it is less likely to cause localized tenderness in the left lower quadrant or an elevated leukocyte count.

C) Adenocarcinoma of the colon: While cancer can present with weight loss, constipation, and abdominal pain, the acute presentation and leukocytosis are less typical for cancer, which usually has a more insidious onset.

D) Chronic inflammatory bowel disease (IBD): This could cause abdominal pain and elevated white blood cells, but the patient's age and the absence of a longer history of symptoms make this less likely.

E) Irritable bowel syndrome (IBS): This condition can cause abdominal pain and constipation, but it is not associated with fever or leukocytosis.

Based on the information provided, the most likely diagnosis is diverticulitis, which is characterized by left lower quadrant pain, fever, and leukocytosis in an older adult. Therefore, the answer is (A) Diverticulitis.",A 50-year-old male presents to the Emergency Department (ED) with left lower quadrant abdominal pain. The patient is seen by an advanced practice provider (APP). He wants to know if being seen by an APP alters his chance of diagnostic testing or hospital admission.,sgem-316.md,13.888912200927734,13.888912200927734,"What is the most common cause of left lower quadrant pain in an elderly patient?
What are the typical symptoms of diverticulitis?
What are the common laboratory findings in diverticulitis?
What is the most likely diagnosis in a patient with left lower quadrant pain, elevated leukocyte count, and other symptoms?"
"A 24-year-old pregnant woman at 28 weeks gestation presents to the emergency department with complaints of fever with chills and pain in her knee and ankle joints for the past 2 days. She also complains of headaches and difficulty moving her neck. Further questioning reveals that she had a tick bite on her arm while gardening a few days ago. Past medical history is noncontributory. She takes a multivitamin with iron and folate every day and has been receiving regular prenatal care and the pregnancy is progressing normally. On examination, an erythematous rash is seen on her right arm, as shown in the accompanying photograph. Her obstetric examination is normal. Ultrasound of the fetus is reassuring with a normal heartbeat and no gross abnormalities. A specimen is collected to test for Lyme disease. What is the next best step for this patient?

Options:
A: Ibuprofen
B: Doxycycline
C: Tetracycline
D: Amoxicilin
E: Gentamicin",D,D,True,"The patient presents with symptoms suggestive of Lyme disease, which include fever with chills, joint pain, headache, and difficulty moving her neck (suggestive of meningitis). The history of a tick bite and the presence of an erythematous rash (which could be erythema migrans, a characteristic rash of Lyme disease) further support this diagnosis.

When considering treatment options for Lyme disease during pregnancy, it is important to choose an antibiotic that is safe for both the mother and the fetus. Doxycycline (option B) and tetracycline (option C) are not recommended during pregnancy due to the risk of inhibition of bone growth and discoloration of teeth in the fetus. Ibuprofen (option A) is not an antibiotic and would not treat the underlying infection. Gentamicin (option E) is an aminoglycoside and is not the first-line treatment for Lyme disease.

Amoxicillin (option D) is the recommended antibiotic for the treatment of Lyme disease in pregnant women because it is safe and effective. It can be used throughout pregnancy without harming the fetus.

Therefore, the answer is (D) Amoxicillin.",,,0.0,0.0,"What is the most likely diagnosis for this patient?
What is the recommended treatment for this diagnosis?
Is there any contraindication to the treatment option?"
"A 52-year-old man is brought to the emergency department with dry cough, shortness of breath, and low-grade fever that began 6 days ago. He also reports that he has had 3 episodes of watery diarrhea per day for the last 2 days. He appears slightly pale. His temperature is 38.0°C (100.4°F), pulse is 65/min, respirations are 15/min, and blood pressure is 140/78 mm Hg. Diffuse crackles are heard over bibasilar lung fields. Laboratory studies show:
Hemoglobin 13.8 g/dL
Leukocyte count 16,000/mm3
Platelet count 150,000/mm3
Serum
Na+ 131 mEq/L
Cl-
102 mEq/L
K+ 4.7 mEq/L
HCO3- 26 mEq/L
Urea nitrogen 18 mg/dL
Creatinine 1.2 mg/dL
An x-ray of the chest shows patchy infiltrates in both lungs. Which of the following is the most appropriate pharmacotherapy?""

Options:
A: Levofloxacin
B: Trimethoprim/sulfamethoxazole
C: Amoxicillin
D: Oseltamivir
E: Rifampin",A,A,True,"The patient presents with symptoms of a respiratory infection, including dry cough, shortness of breath, and low-grade fever, along with watery diarrhea. The presence of diffuse crackles over bibasilar lung fields and patchy infiltrates in both lungs on the chest x-ray suggests a pneumonia. The elevated leukocyte count indicates an infection. The electrolyte imbalance with hyponatremia (low sodium) and the gastrointestinal symptoms could be indicative of a specific type of pneumonia.

Given the combination of respiratory symptoms, diarrhea, and the chest x-ray findings, Legionnaires' disease should be considered. Legionnaires' disease is a type of pneumonia caused by the Legionella pneumophila bacteria, which is often associated with hyponatremia and gastrointestinal symptoms.

The most appropriate pharmacotherapy for Legionnaires' disease is with a macrolide antibiotic, such as levofloxacin, which is effective against Legionella.

Trimethoprim/sulfamethoxazole is typically used for Pneumocystis jirovecii pneumonia or urinary tract infections. Amoxicillin is a broad-spectrum penicillin antibiotic that is not the first choice for Legionella. Oseltamivir is an antiviral medication used for influenza. Rifampin is an antibiotic that is often used for tuberculosis and is not the first-line treatment for Legionella.

Therefore, the answer is (A) Levofloxacin.",,,0.0,0.0,"What is the most likely diagnosis for this patient?
What is the recommended pharmacotherapy for this diagnosis?"
"A 75-year-old woman is brought to the emergency department by her son because of a 2-day history of fever, headache, malaise, and dry cough. The patient lives with her son and his family and her son reports that other members of the family have had similar symptoms during the past week but that he has not had any symptoms. The result of a polymerase chain reaction test confirms that the woman is infected with a virus that has a helical capsid and a segmented genome. Which of the following is the most likely explanation for the son being free of symptoms?

Options:
A: Serum antibodies against hemagglutinin
B: Downregulation of ICAM-1 expression
C: Protease-resistant antibodies in nasal secretions
D: Homozygous mutation in the CCR5 gene
E: High concentration of circulating T cells",A,C,False,"The information provided indicates that the 75-year-old woman has symptoms consistent with a viral infection, and that other family members have had similar symptoms. The PCR test confirms a virus with a helical capsid and a segmented genome, which is characteristic of influenza viruses. The son's lack of symptoms despite exposure suggests that he may have some level of immunity to the virus.

Option A, serum antibodies against hemagglutinin, is a component of the immune response to influenza infection. Hemagglutinin is one of the two main surface proteins of the influenza virus, and antibodies against it can provide immunity.

Option B, downregulation of ICAM-1 expression, is not typically associated with protection from influenza virus infection. ICAM-1 is an intercellular adhesion molecule that may play a role in the pathogenesis of some viral infections, but it is not known for providing protection against influenza.

Option C, protease-resistant antibodies in nasal secretions, refers to the presence of secretory IgA antibodies that can be found in mucosal secretions and are important in mucosal immunity. These antibodies can provide protection against respiratory infections, including influenza.

Option D, a homozygous mutation in the CCR5 gene, is related to resistance to HIV infection, not influenza.

Option E, a high concentration of circulating T cells, could be part of an immune response to infection, but T cells are not specifically known for providing resistance to influenza in the manner that the son is asymptomatic.

Considering the options, the most likely explanation for the son being free of symptoms is that he has some level of immunity to the virus, which could be due to the presence of antibodies. Between serum antibodies and protease-resistant antibodies in nasal secretions, the latter are more relevant to mucosal immunity and protection at the site of entry for respiratory viruses like influenza.

Therefore, the answer is (C) Protease-resistant antibodies in nasal secretions.",,,0.0,0.0,"What is the most likely explanation for the son being free of symptoms?
What is the most likely explanation for the son being free of symptoms?
What is the most likely explanation for the son being free of symptoms?"
"A 19-year-old man is brought to the emergency department by ambulance because of unusual behavior that started 3 hours ago while he was at a party. He has a history of major depressive disorder and seasonal allergies. His mother has a history of anxiety. He drinks 5 beers on the weekends. Current medications include amitriptyline and diphenhydramine. The patient does not respond to questions and repeatedly says, """"The government is following me everywhere."""" His temperature is 37.9°C (100.2°F), pulse is 115/min, respirations are 24/min, and blood pressure is 160/89 mm Hg. He is diaphoretic. He is not oriented to place or time. Neurologic examination shows dilated pupils bilaterally and diffuse hyperreflexia. His feet are cold, and capillary refill time is 3 seconds. After the examination, the patient starts screaming and tries to bite the physician. Urine toxicology screening is positive for ethyl glucuronide. Which of the following is the most likely explanation for this patient's symptoms?""

Options:
A: Brief psychotic disorder
B: Neuroleptic malignant syndrome
C: Anticholinergic toxicity
D: Lysergic acid diethylamide intoxication
E: Synthetic cathinone intoxication",E,E,True,"First, let's summarize the available information:
- The patient is a 19-year-old man with a history of major depressive disorder and seasonal allergies.
- His mother has a history of anxiety.
- He drinks alcohol on the weekends.
- He is currently on amitriptyline and diphenhydramine.
- He presents with unusual behavior, unresponsiveness, paranoia, fever, tachycardia, hypertension, diaphoresis, disorientation, dilated pupils, hyperreflexia, and cold feet with delayed capillary refill.
- He has a positive urine toxicology screen for ethyl glucuronide.

Now, let's evaluate the options in the context of the clinical presentation:

A: Brief psychotic disorder - This could explain the psychotic symptoms, but it does not account for the physical findings such as hyperreflexia, fever, or the positive urine toxicology.

B: Neuroleptic malignant syndrome - This is a serious reaction to antipsychotic drugs, characterized by fever, altered mental status, muscle rigidity, autonomic dysfunction, and elevated creatine kinase. The patient is not reported to be on antipsychotic medication, and the presentation does not fully match NMS.

C: Anticholinergic toxicity - This could explain the dilated pupils, hyperreflexia, and possibly the hallucinations, but it is less likely given the patient's use of amitriptyline, which has anticholinergic properties but would not typically cause the acute presentation seen here.

D: Lysergic acid diethylamide (LSD) intoxication - LSD can cause hallucinations and sympathomimetic effects, but the patient's presentation with screaming and trying to bite the physician is not typical for LSD intoxication, which is generally associated with a more peaceful and introspective state.

E: Synthetic cathinone intoxication - Synthetic cathinones (bath salts) can cause hallucinations, paranoia, hyperthermia, tachycardia, hypertension, and agitation, which aligns well with the patient's symptoms. The presence of ethyl glucuronide in the urine is indicative of recent exposure to ethylamine compounds, which are found in synthetic cathinones.

Considering the clinical presentation and the positive urine toxicology for ethyl glucuronide, the most likely explanation for this patient's symptoms is intoxication with a substance that has ethylamine compounds, such as synthetic cathinones. Therefore, the answer is (E) Synthetic cathinone intoxication.","- **Brief psychotic disorder** involves the sudden onset of psychotic symptoms in response to major stress and lasts from several days up to 1 month.
- Peripartum psychosis is included under the diagnosis of brief psychotic disorder.
- Patients with personality disorders may occasionally develop brief psychotic episodes especially under stress. None of the aforementioned disturbances can be attributable to the effects of a substance or another medical condition.
- **Schizophreniform disorder** has similar symptoms to a brief psychotic disorder and lasts from longer than 1 month to less than 6 months. Up to one-third of patients with schizophreniform disorder can recover within 6 months; the other two-thirds develop clinical schizophrenia.
- Patients with **mood disorders** may develop psychotic symptoms as part of their disease. If psychotic symptoms develop during periods of mood disturbances, the diagnosis of mood disorder with psychotic features applies.
---
- The central nervous system and physiologic effects of mescaline use are similar to those of lysergic acid diethylamide (LSD) derivatives, but more vivid hallucinations can occur. Nausea and vomiting are pronounced and almost always precede the hallucinogenic effects.",cc-110.md | cc-154.md,15.472504615783691,15.392233848571777,"What is the most likely cause of this patient's presentation?
What are the key features of this patient's presentation that help differentiate between the options?
What are the common side effects of amitriptyline that could explain this patient's presentation?
What are the clinical manifestations of brief psychotic disorder?
What are the clinical manifestations of neuroleptic malignant syndrome?
What are the clinical manifestations of anticholinergic toxicity?
What are the clinical manifestations of lysergic acid diethylamide (LSD) intoxication?
What are the clinical manifestations of synthetic cathinone intoxication?"
"A 22-year-old male presents to the emergency room complaining of neck stiffness. He reports that his neck started “locking” three hours ago. He is now unable to move it. His past medical history is notable for schizophrenia and asthma and he currently takes albuterol as well as another medication whose name he does not remember. His temperature is 99.0°F (37.2°C), blood pressure is 130/90 mmHg, pulse is 105/min, and respirations are 18/min. On physical examination, the patient appears anxious and diaphoretic. He speaks in full sentences and is oriented to person, place, and time. The patient’s neck is flexed and rotated to the right approximately 40 degrees. The right sternocleidomastoid and trapezius are firm and contracted. Extraocular movements are full and intact. Upon further questioning, he reports that he took more medication four hours ago because he was hearing voices. Which of the following should most likely be administered to this patient?

Options:
A: Glycopyrrolate
B: Benztropine
C: Levodopa
D: Dantrolene
E: Propranolol",B,B,True,"The patient presents with neck stiffness and a history of taking more medication due to auditory hallucinations, which suggests that he may have ingested an overdose of his antipsychotic medication. Antipsychotics, particularly first-generation ones, can cause extrapyramidal side effects, and in the case of an overdose, they can lead to acute dystonia, which is characterized by muscle contractions that result in twisting and repetitive movements or abnormal postures. The description of the patient's neck being flexed and rotated to the right and the sternocleidomastoid and trapezius muscles being firm and contracted is consistent with this condition.

The treatment for acute dystonia caused by antipsychotic medication overdose is anticholinergic medication, which can relieve the muscle contractions. Among the options provided:

A: Glycopyrrolate is an anticholinergic medication that can be used to treat acute dystonia.
B: Benztropine is also an anticholinergic medication commonly used to treat extrapyramidal symptoms, including acute dystonia.
C: Levodopa is used in the treatment of Parkinson's disease and would not be appropriate for treating dystonia caused by antipsychotic medication overdose.
D: Dantrolene acts directly on skeletal muscle to reduce muscle contraction and is used for conditions like malignant hyperthermia and spasticity, but it is not the first-line treatment for acute dystonia.
E: Propranolol is a beta-blocker and would not be appropriate for treating dystonia caused by antipsychotic medication overdose.

Between options A and B, benztropine (option B) is more commonly used for acute dystonia caused by antipsychotic medication overdose. Therefore, the answer is (B) Benztropine.",,,0.0,0.0,"What condition is characterized by neck stiffness, torticollis, and opisthotonos?
What condition is associated with generalized muscle rigidity and dystonia?
What condition is associated with generalized muscle rigidity and dystonia, as well as altered mental status and autonomic instability?
What condition is associated with generalized muscle rigidity and dystonia, as well as altered mental status, autonomic instability, and malignant hyperthermia?
What condition is associated with generalized muscle rigidity and dystonia, as well as altered mental status, autonomic instability, malignant hyperthermia, and a specific medication?"
"A 41-year-old man comes to the emergency department with nausea, abdominal discomfort, and diarrhea for the past 2 days. His abdominal discomfort is worse shortly after meals. He has also had progressive perioral numbness and upper-extremity muscle cramping for the past 24 hours. Six months ago, he underwent a Roux-en-Y gastric bypass to treat obesity. He underwent a total thyroidectomy to treat a Hurthle cell lesion 4 days ago. His mother died of lung cancer at age 68. He has smoked 1 pack of cigarettes daily for 22 years. His only current medication is a multivitamin supplement. He appears fatigued. His temperature is 36°C (96.8°F), pulse is 72/min, respirations are 20/min, and blood pressure is 130/70 mm Hg. While measuring the patient's blood pressure, the nurse observes spasm of the patient's hand. Physical examination shows a well-healing surgical wound on the neck. The abdomen is mildly tender to palpation with well-healed laparoscopic incisional sites. The remainder of the examination shows no abnormalities. Serum studies show:
Na+ 138 mEq/L
K+ 4.2 mEq/L
Cl- 102 mEq/L
HCO3- 25 mEq/L
Mg2+ 1.7 mEq/L
Phosphorus 4.3 mg/dL
25-hydroxyvitamin D 20 ng/mL (N: 20-100 ng/mL)
Parathyroid hormone 115 pg/mL
Total bilirubin, serum 0.7 mg/dL
Alanine aminotransferase, serum 14 U/L
Aspartate aminotransferase, serum 15 U/L
Alkaline phosphatase, serum 42 U/L
Which of the following is the most appropriate initial step in the management of this patient?""

Options:
A: Obtain abdominal CT
B: Observation only
C: Begin rehydration therapy
D: Administer calcium gluconate
E: Supplementation with vitamin D",D,D,True,"The patient presents with nausea, abdominal discomfort, diarrhea, perioral numbness, and muscle cramping. These symptoms, along with the recent total thyroidectomy, suggest a possible case of hypocalcemia, which can occur post-thyroidectomy due to accidental removal or damage to the parathyroid glands. The serum studies show a normal calcium level (Na+ 138 mEq/L), but the magnesium level is slightly low (Mg2+ 1.7 mEq/L), and the 25-hydroxyvitamin D level is at the lower end of the normal range (20 ng/mL). The parathyroid hormone level is elevated (115 pg/mL), which could be a compensatory response to hypocalcemia.

Given the symptoms and the recent surgery, the patient may be experiencing hypocalcemia despite the normal calcium level, as the parathyroid hormone is elevated. The normal calcium level might be due to the patient's recent multivitamin supplement intake or the early stage of hypocalcemia.

The most appropriate initial step in management should address the most pressing issue, which in this case is likely to be hypocalcemia, even if the serum calcium is normal. Administering calcium gluconate would be the treatment of choice for symptomatic hypocalcemia, which this patient appears to have signs of (e.g., spasm of the patient's hand observed by the nurse, which could be a sign of tetany).

Abdominal CT (A) is not immediately indicated without evidence of an acute abdomen or other focal symptoms. Observation only (B) is not appropriate given the patient's symptoms and potential for rapid deterioration with hypocalcemia. Rehydration therapy (C) might be considered if the patient were dehydrated, but there is no evidence of dehydration, and it would not address the potential hypocalcemia. Vitamin D supplementation (E) could be considered, but only after addressing the acute symptoms of hypocalcemia with calcium gluconate.

Therefore, the answer is (D) Administer calcium gluconate.","Given the lack of evidence available to guide us, there is tremendous uncertainty in the most appropriate management plan for these patients. We should be open about that uncertainty with our patients and involve them in shared decision-making to ensure that the chosen management plan matches their personal values.",sgem-367.md,12.576921463012695,12.576921463012695,"What is the most likely diagnosis for this patient?
What is the most appropriate initial step in management for this condition?"
"A 32-year-old man with HIV infection is brought to the emergency department by his roommate because of a 2-week history of progressively worsening headache and vomiting. Current medications include trimethoprim-sulfamethoxazole, dolutegravir, and tenofovir-emtricitabine. His temperature is 38.5°C (101.3°F). Physical examination shows nuchal rigidity. Kernig and Brudzinski signs are present. A lumbar puncture is performed and shows an opening pressure of 32 cm H2O (N: < 20). The pathogen isolated from the cerebrospinal fluid (CSF) can be cultured on Sabouraud agar. Further evaluation of this patient's CSF is most likely to show which of the following additional findings?

Options:
A: Positive latex agglutination test
B: Positive PCR for HSV-2 DNA
C: Presence of tachyzoites
D: Increased adenosine deaminase concentration
E: Positive PCR for JC virus DNA",A,A,True,"The patient presents with symptoms of meningitis, as evidenced by the headache, vomiting, fever, nuchal rigidity, and positive Kernig and Brudzinski signs. The elevated opening pressure during the lumbar puncture is also consistent with meningitis. The fact that the patient has HIV and is on antiretroviral therapy suggests that he is immunocompromised, which puts him at higher risk for opportunistic infections.

The pathogen can be cultured on Sabouraud agar, which is a medium used for the isolation of fungi. Given the patient's immunocompromised status and the use of Sabouraud agar, the most likely pathogen is Cryptococcus neoformans, a common cause of meningitis in patients with HIV/AIDS.

Now, let's evaluate the answer choices in the context of Cryptococcus neoformans infection:

A: Positive latex agglutination test - This test is used for the diagnosis of cryptococcal meningitis. It detects antigen from Cryptococcus in the CSF.

B: Positive PCR for HSV-2 DNA - This would indicate herpes simplex virus type 2, which is not consistent with the use of Sabouraud agar for culture.

C: Presence of tachyzoites - Tachyzoites are associated with toxoplasmosis, not a fungal infection.

D: Increased adenosine deaminase concentration - This finding is associated with HIV infection and not specifically with fungal meningitis.

E: Positive PCR for JC virus DNA - This would indicate a diagnosis of progressive multifocal leukoencephalopathy (PML), which is not consistent with the use of Sabouraud agar.

Given the information provided and the likely diagnosis of cryptococcal meningitis, the most likely additional finding in this patient's CSF would be a positive latex agglutination test, which is used for the diagnosis of cryptococcal meningitis.

Therefore, the answer is (A) Positive latex agglutination test.",,,0.0,0.0,"What is the most common cause of meningitis in HIV-infected patients?
Which pathogen isolated from the CSF can be cultured on Sabouraud agar?
What additional finding in the CSF is associated with the most common cause of meningitis in HIV-infected patients?"
"A 43-year-old woman is brought to the emergency department by her brother for severe chest pain. The patient recently lost her husband in a car accident and is still extremely shocked by the event. On physical examination, her blood pressure is 105/67 mm Hg, the heart rate is 96/min and regular, breathing rate is 23/min, and the pulse oximetry is 96%. An S3 heart sound and rales in the lower right and left lung lobes are heard. A 12-lead ECG shows no significant findings. Echocardiography shows an enlarged left ventricle and left atrium. The patient is stabilized and informed about the diagnosis and possible treatment options. Which of the following is the most likely diagnosis?

Options:
A: Aortic stenosis
B: Atrial fibrillation
C: Constrictive pericarditis
D: Takotsubo cardiomyopathy
E: Restrictive cardiomyopathy",D,D,True,"The patient is a 43-year-old woman presenting with severe chest pain, recent emotional stress, and physical examination findings including hypotension (blood pressure 105/67 mm Hg), tachycardia (heart rate 96/min), normal oxygen saturation (96% on pulse oximetry), an S3 heart sound, and rales in the lower lung lobes. The absence of significant findings on the 12-lead ECG and the presence of an enlarged left ventricle and left atrium on echocardiography are also noted.

Let's evaluate the options:

A: Aortic stenosis typically presents with a systolic ejection murmur and would not typically cause an enlarged left ventricle and left atrium without the presence of heart failure symptoms.

B: Atrial fibrillation could present with an irregular heart rate and could be associated with an enlarged left atrium due to atrial enlargement. However, it would not explain the S3 heart sound and rales, which suggest heart failure.

C: Constrictive pericarditis is a condition where the pericardium becomes thickened and scarred, leading to restricted filling of the heart chambers. It would not typically cause an enlarged left ventricle and left atrium.

D: Takotsubo cardiomyopathy, also known as stress-induced cardiomyopathy, is often precipitated by emotional stress and can present with symptoms similar to a heart attack. It is characterized by transient regional wall motion abnormalities and can lead to an enlarged left ventricle and left atrium due to the stress-induced cardiac dysfunction.

E: Restrictive cardiomyopathy is a disease of the myocardium that leads to restricted filling of the heart chambers. It would not typically present acutely with chest pain and is less likely to be related to recent emotional stress.

Given the recent extreme emotional stress, the presence of an enlarged left ventricle and left atrium, and the absence of significant findings on the ECG, Takotsubo cardiomyopathy is the most likely diagnosis. Therefore, the answer is (D) Takotsubo cardiomyopathy.",,,0.0,0.0,"What is the most common cause of acute heart failure in women?
What is the most common cause of acute heart failure following a stressful life event?
Which condition is characterized by transient left ventricular dysfunction precipitated by stress?"
"A 56-year-old man is brought to the emergency department. He was found unconscious on the street. The staff recognizes him as a local homeless man with a long history of alcoholism. At the hospital, his pulse is 95/min, the blood pressure is 110/70 mm Hg, the respirations are 20/min, and the oxygen saturation is 98% on room air. On physical exam, the unconscious man is covered in bloody vomit with small clots and food particles. He smells of alcohol. A digital exam reveals black tarry stool in the rectal vault. The patient is given oxygen, IV fluids, and an NG-tube is placed and set to intermittent suction. Labs are sent and the patient is prepared for a procedure. Which of the following is the most appropriate next step in his management?

Options:
A: Undergo colonoscopy
B: Undergo upper GI endoscopy
C: Selective mesenteric angiography
D: Proton pump inhibitors with anti-H.pylori regimen
E: Surgery for peptic ulcer disease",B,B,True,"The patient presents with a history of alcoholism and is found unconscious with bloody vomit and black tarry stools, which suggests upper gastrointestinal (GI) bleeding. The presence of blood in the vomit and black tarry stools (melena) indicates that the bleeding is likely originating from an upper GI source. The fact that he is unconscious and has bloody vomit suggests that the bleeding may be significant and could be life-threatening.

The initial management steps described, such as providing oxygen, IV fluids, and placing an NG-tube, are appropriate for a patient with suspected upper GI bleeding to stabilize the patient and prevent aspiration.

Given the clinical presentation and the need to identify and manage the source of bleeding, the most appropriate next step in management would be to perform an upper GI endoscopy. This procedure allows direct visualization of the upper GI tract to identify the source of bleeding, which could be a peptic ulcer, Mallory-Weiss tear, or another cause of upper GI bleeding. It also allows for therapeutic interventions such as cautery or clipping of bleeding vessels, biopsy if needed, and stabilization of varices if present.

Colonoscopy (A) is not indicated in this scenario as the presentation suggests an upper GI source rather than a lower GI source. Selective mesenteric angiography (C) is typically reserved for cases where bleeding is ongoing and not easily controlled with endoscopy. Proton pump inhibitors with anti-H.pylori regimen (D) are part of the treatment for peptic ulcer disease but are not the immediate next step in the management of an acute upper GI bleed. Surgery for peptic ulcer disease (E) is usually reserved for cases where endoscopic treatment fails or is not possible.

Therefore, the answer is (B) Undergo upper GI endoscopy.",,,0.0,0.0,"What is the most common cause of upper GI bleeding in the setting of alcoholism and malnutrition?
What is the most common cause of lower GI bleeding in the setting of alcoholism and malnutrition?
What is the most appropriate next step in the management of a patient with suspected peptic ulcer disease and GI bleeding?"
"A 25-year-old man presents to the emergency department with altered mental status. He was found down in the middle of the street. His past medical history is unknown. His temperature is 99.0°F (37.2°C), blood pressure is 104/64 mmHg, pulse is 70/min, respirations are 5/min, and oxygen saturation is 91% on room air. The patient is being resuscitated in the trauma bay. Which of the following was most likely to be found on exam?

Options:
A: Ataxia
B: Conjunctival injection
C: Miosis
D: Mydriasis
E: Nystagmus",C,E,False,"The patient presents with altered mental status and respiratory depression (respirations are 5/min), which are concerning for a central nervous system depressant effect. This could be due to intoxication with a sedative-hypnotic drug. Among the options provided, we need to identify a sign that would be consistent with sedative-hypnotic drug intoxication.

A: Ataxia - This is a sign of cerebellar dysfunction and can be seen in various conditions, including sedative-hypnotic drug intoxication.
B: Conjunctival injection - This is typically associated with stimulant abuse (e.g., amphetamines, cocaine) rather than sedative-hypnotic drugs.
C: Miosis - This is constriction of the pupil and is more commonly associated with opioid intoxication.
D: Mydriasis - This is dilation of the pupil and can be seen in anticholinergic toxicity or atropine use.
E: Nystagmus - Involuntary eye movement that can be seen in various conditions, including intoxication with certain sedative-hypnotic drugs like barbiturates.

Considering the patient's presentation and the effects of sedative-hypnotic drugs, ataxia and nystagmus are both possible findings. However, nystagmus is more specifically associated with barbiturate intoxication, which is a type of sedative-hypnotic drug. Therefore, the answer is (E) Nystagmus.","- Causes of altered mental status in children are broad. Use a comprehensive approach! (e.g., DIMES)
- Includes vascular events (e.g., stroke, arteriovenous malformation with bleed), infection (e.g., meningitis, sepsis, encephalitis), trauma, toxic ingestion, anatomic or structural abnormality (e.g., intracranial mass or tumor), metabolic derangements, intussusception, or seizures, which may be subclinical.
- Altered mental status in children has a varied spectrum of clinical presentations and may include any of the following: altered level of consciousness, excessive sleepiness, irritability, lethargy, and abnormal behavior.
- Signs and symptoms of bacterial meningitis vary by age and can include nonspecific manifestations in infants and young children, such as irritability and lethargy.
- Antibiotic therapy for the patient with suspected bacterial meningitis should not be delayed by an LP. Initial antibiotic coverage should be broad and guided by the most likely pathogens in the patient’s age group.
---
The document discusses the toxicity and management of salicylates, particularly aspirin (ASA), and non-steroidal anti-inflammatory drugs (NSAIDs). Salicylate toxicity is severe and can be fatal, requiring active assessment and treatment, with key management steps including urinary alkalinization, correction of hypovolemia, and glucose supplementation for CNS changes. Hemodialysis is indicated in severe cases, such as high salicylate levels or organ failure. NSAID overdoses are generally less severe, with supportive care being the mainstay of treatment. The document emphasizes the importance of frequent monitoring of salicylate levels and careful management of acid-base disturbances, particularly avoiding mechanical ventilation unless absolutely necessary due to the risk of worsening acidosis.
---
Salicylates:
- Salicylates are profoundly toxic and can be fatal.
- Salicylate overdose requires active assessment and treatment.
- The other NSAIDs generally have self-limited toxicity and respond to supportive measures only. There is no antidote for any of these drugs.
- Salicylism should be considered in the differential diagnosis of altered mental status in the elderly.
- Acidemia signifies loss of respiratory compensation and acceleration of toxicity.
- The Done nomogram should not be used in the evaluation and treatment of salicylate toxicity.
- Salicylate concentrations and blood gas draws should occur every 2 hours until salicylate level is less than 30 mg/dL (2.2 mmol/L) and is falling at least 10% between assays in the absence of measures to enhance elimination.
- Potassium stores are rapidly depleted in patients with salicylate intoxication and should be replaced with a goal serum level of 4.5 mEq/L.
---
1. **Which β blockers have membrane stabilizing activity? Why is this important?**  
- Propranolol, nadolol, and acebutolol have a membrane-stabilizing effect that impairs SA and AV node function and leads to bradycardia and AV block. Ventricular conduction is also depressed, leading to QRS widening, occasional ventricular dysrhythmias such as ventricular tachycardia and ventricular fibrillation, and cardiogenic shock.  
2. **Why is propranolol the most lethal β blocker?**  
- Much of propranolol’s unique toxicity derives from its lipophilic nature which allows it to penetrate the CNS, causing obtundation, respiratory depression, and—with large overdoses—seizures.  
3. **Describe the stepwise management of β blocker toxicity**
---
The document provides a comprehensive overview of sedative-hypnotic drugs, focusing on barbiturates, benzodiazepines, chloral hydrate, gamma-hydroxybutyrate (GHB), and over-the-counter sleep aids. It highlights the rarity of barbiturate intoxication and the supportive care required, noting that hemodialysis is reserved for severe cases. Benzodiazepine overdose management typically avoids flumazenil due to seizure risks, especially in chronic users. Chloral hydrate toxicity is characterized by sedation and cardiotoxicity, treatable with beta blockers. GHB overdose often necessitates intubation due to CNS depression, while withdrawal requires high-dose benzodiazepines or barbiturates. The document also discusses the GABA receptor's role in sedative-hypnotic effects, the sedative-hypnotic toxidrome, and the management of barbiturate and benzodiazepine overdoses, including the use of flumazenil and the risks of withdrawal. Additionally, it addresses the clinical presentations and management of chloral hydrate and
---
With some combination of the classic triad… other intoxications: clonidine, guanfacine, valproic acid, gamma-hydroxybutyrate (GHB), ethanol, sedative hypnotics, and atypical antipsychotics.  
Nontox: pontine stroke or hemorrhage, hypoglycemia.
---
Gamma-aminobutyric acid — Gamma-aminobutyric acid (GABA) is the major inhibitory neurotransmitter in the brain. Highly specific binding sites for ethanol are found on the GABA receptor complex. Chronic ethanol use induces an insensitivity to GABA such that more inhibitor is required to maintain a constant inhibitory tone. As alcohol tolerance develops, the individual retains arousal at alcohol concentrations which would normally produce lethargy or even coma in relatively alcohol-naïve individuals. Cessation of alcohol or a reduction from chronically elevated concentrations results in decreased inhibitory tone.
---
- Barbiturates depress the activity of all excitable cells, especially central nervous system (CNS), enhancing the activity of gamma-aminobutyric acid (GABA).
- In acute overdose, decrease neural transmission in autonomic ganglia, the myocardium, and the gastrointestinal tract and also inhibit the response to acetylcholine at the neuromuscular junction.
- Barbiturates produce dose-related depressive effects = mild sedation < coma < fatal respiratory arrest.
- Early stages = some patients experience euphoria / allodynia.
- Act directly on the medulla = respiratory depression.
- Laryngospasm can occur at low doses.
- Therapeutic doses = similar to sleep.
- With toxic doses, more significant hypotension occurs from direct depression of the myocardium along with pooling of blood in a dilated venous system.
- Barbiturates decrease cerebral blood flow and intracerebral pressure.
- Large doses can cause delaying of gastric emptying.
- Barbiturates are classified according to their onset and duration of action.",cc-149.md | cc-185.md | cc-175.md | cc-162.md | cc-165.md | cc-152.md,15.8866605758667,12.85016503157439,"What is the most common cause of altered mental status in a young adult?
What are the common toxic ingestions that lead to altered mental status and respiratory depression?
Which clinical features are associated with opioid overdose?
What are the clinical features of a tricyclic antidepressant overdose?
What are the clinical features of a salicylate (aspirin) overdose?
What are the clinical features of a beta-blocker overdose?
What are the clinical features of a topiramate overdose?
What are the clinical features of a gamma-hydroxybutyrate (GHB) overdose?
What are the clinical features of a ketamine overdose?
What are the clinical features of a phencyclidine (PCP) overdose?
What are the clinical features of a benzodiazepine overdose?
What are the clinical features of a methanol overdose?
What are the clinical features of a methadone overdose?
What are the clinical features of a 3,4-methylenedioxymethamphetamine (MDMA) overdose?
What are the clinical features of a gamma-aminobutyric acid (GABA) overdose?
What are the clinical features of a gamma-aminobutyric acid (GABA) overdose?
What are the clinical features of a gamma-aminobutyric acid (GABA) overdose?
What are the clinical features of a gamma-aminobutyric acid (GABA) overdose?
What are the clinical features of a gamma-aminobutyric acid (GABA) overdose?
What are the clinical features of a gamma-aminobutyric acid (GABA) overdose?
What are the clinical features of a gamma-aminobutyric acid (GABA) overdose?
What are the clinical features of a gamma-aminobutyric acid (GABA) overdose?
What are the clinical features of a gamma-aminobutyric acid (GABA) overdose?
What are the clinical features of a gamma-aminobutyric acid (GABA) overdose?
What are the clinical features of a gamma-aminobutyric acid (GABA) overdose?
What are the clinical features of a gamma-aminobutyric acid (GABA) overdose?
What are the clinical features of a gamma-aminobutyric acid (GABA) overdose?
What are the clinical features of a gamma-aminobutyric acid (GABA) overdose?
What are the clinical features of a gamma-aminobutyric acid (GABA) overdose?
What are the clinical features of a gamma-aminobutyric acid (GABA) overdose?
What are the clinical features of a gamma-aminobutyric acid (GABA) overdose?
What are the clinical features of a gamma-aminobutyric acid (GABA) overdose?
What are the clinical features of a gamma-aminobutyric acid (GABA) overdose?
What are the clinical features of a gamma-aminobutyric acid (GABA) overdose?
What are the clinical features of a gamma-aminobutyric acid (GABA) overdose?
What are the clinical features of a gamma-aminobutyric acid (GABA) overdose?
What are the clinical features of a gamma-aminobutyric acid (GABA) overdose?
What are the clinical features of a gamma-aminobutyric acid (GABA) overdose?
What are the clinical features of a gamma-"
"A 23-year-old man is brought to the emergency department 25 minutes after being involved in a high-speed motor vehicle collision in which he was the restrained driver. On questioning by the paramedics, he reported severe chest pain and mild dyspnea. On arrival, he is confused and unable to provide a history. His pulse is 93/min, respirations are 28/min, and blood pressure is 91/65 mm Hg. Pulse oximetry on room air shows an oxygen saturation of 88%. He is able to move his extremities in response to commands. He opens his eyes spontaneously. Pupils are equal and reactive to light. Examination shows multiple bruises over the trunk and extremities. There is a 3-cm (1.2-in) wound at the left fifth intercostal space at the midclavicular line. There is jugular venous distention. Decreased breath sounds and hyperresonance on percussion are noted on the left. Which of the following is the most appropriate next step in management?

Options:
A: CT scan of the chest
B: Bronchoscopy
C: Emergency thoracotomy
D: Needle decompression
E: X-ray of the chest
""",D,D,True,"First, let's summarize the available information:
- A 23-year-old man was involved in a high-speed motor vehicle collision.
- He reports severe chest pain and mild dyspnea.
- On examination, he is confused, has a high pulse rate, rapid breathing, low blood pressure, and low oxygen saturation.
- He has multiple bruises and a wound at the left fifth intercostal space.
- There is jugular venous distention, decreased breath sounds, and hyperresonance on the left side.

These findings suggest the possibility of a traumatic injury to the chest, including a pneumothorax or hemothorax, which could be causing a tension pneumothorax given the jugular venous distention and hyperresonance. This is an emergency situation that requires immediate intervention to prevent cardiovascular collapse.

Now, let's evaluate the options:
A: CT scan of the chest - While CT can provide detailed images, it is not the first step in an emergency setting due to the time it takes to perform.
B: Bronchoscopy - This is not indicated in the acute management of trauma and is not the first step.
C: Emergency thoracotomy - This is a surgical procedure that may be necessary in some cases of severe chest trauma but is not the first-line immediate intervention.
D: Needle decompression - This is the immediate treatment for tension pneumothorax, which is a life-threatening condition that can occur after chest trauma. It presents with the triad of hypotension, tachycardia, and respiratory distress, along with jugular venous distention and hyperresonance on the affected side.
E: X-ray of the chest - While a chest X-ray can be helpful in diagnosing pneumothorax or hemothorax, the clinical presentation suggests a tension pneumothorax, which is a medical emergency that requires immediate treatment, and thus, an X-ray would delay necessary intervention.

Given the clinical presentation and the urgency of the situation, the most appropriate next step in management is to relieve the tension pneumothorax. Therefore, the answer is (D) Needle decompression.","1. List the Major Categories for the differential diagnosis of Confusion
2. Differentiate between organic and functional confusion.
3. List the Critical and Emergent causes of Confusion",cc-17.md,13.296696662902832,13.296696662902832,"What is the most likely cause of the patient's hypotension and tachycardia?
What is the most likely cause of the patient's respiratory distress?
What is the most likely cause of the patient's jugular venous distention and decreased breath sounds on the left?
What is the most likely cause of the patient's hyperresonance on percussion on the left?
What is the most likely cause of the patient's confusion?
What is the most likely cause of the patient's chest pain?
What is the most likely cause of the patient's dyspnea?
What is the most likely cause of the patient's bruises over the trunk and extremities?
What is the most likely cause of the patient's wound at the left fifth intercostal space?
What is the most likely cause of the patient's presentation?"
"A 40-year-old businessman who was previously well is brought into the emergency department by his assistant with a complaint of left-sided weakness after a chiropractic neck manipulation. He has never felt like this before. Past medical history is insignificant. His blood pressure is 125/75 mm Hg, pulse 86/min, respiratory rate 13/min, temperature 36.8°C (98.2°F). A T2-weighted MRI shows a left C5 hemicord lesion. The patient is treated with cervical immobilization, a course of steroids, and physical therapy. What other finding will most likely be seen in this patient?

Options:
A: Spastic paralysis at the level of lesion
B: Right-sided Horner's syndrome
C: Contralateral corticospinal tract involvement
D: Right-sided analgesia
E: Contralateral loss of vibration and proprioception",D,A,False,"The patient presents with left-sided weakness following a chiropractic neck manipulation, which suggests a cervical spine injury. The MRI finding of a left C5 hemicord lesion supports this. Hemicord lesions typically result in ipsilateral motor deficits due to damage to the anterior horn cells and corticospinal tract, which cross to the opposite side of the body at the level of the medulla. However, the damage to the dorsal columns (which carry vibration and proprioception information) and the spinothalamic tract (which carries pain and temperature information) occurs at the level of the lesion.

Given the location of the lesion at C5, the ipsilateral (same side) symptoms would be expected. This would include spastic paralysis at the level of the lesion due to damage to the anterior horn cells, which would cause upper motor neuron signs such as spasticity, hyperreflexia, and the presence of pathological reflexes like the Babinski sign.

Option A (Spastic paralysis at the level of lesion) is consistent with an upper motor neuron lesion at C5. Options B (Right-sided Horner's syndrome), C (Contralateral corticospinal tract involvement), D (Right-sided analgesia), and E (Contralateral loss of vibration and proprioception) are not consistent with a left C5 hemicord lesion. Horner's syndrome would be seen with a lesion affecting the sympathetic pathway, typically at the level of the cervical spinal cord below C5. Contralateral involvement of the corticospinal tract would not occur with a unilateral C5 lesion. Loss of vibration and proprioception would be ipsilateral, not contralateral, to the lesion due to the crossing of these sensory pathways at the level of the medulla. Analgesia would not be expected with a C5 lesion as this does not affect the spinothalamic tract, which carries pain and temperature sensations.

Therefore, the answer is (A) Spastic paralysis at the level of lesion.",,,0.0,0.0,"What is the typical presentation of a cervical spinal cord lesion?
What other neurologic deficits are associated with a left C5 hemicord lesion?"
"A 35-year-old Caucasian female presents to the emergency room with unilateral leg swelling. She reports that she developed painful left-sided leg swelling and redness earlier in the day. She is otherwise healthy and takes no medications. She denies any recent prolonged travel. She experienced a similar episode affecting the opposite leg one year ago and was diagnosed with a thrombus in the right femoral vein. On examination, the left leg is erythematous and swollen. Passive dorsiflexion of the left ankle elicits pain in the left calf. Ultrasound of the leg reveals a thrombus in the left popliteal vein. A genetic workup reveals that she has an inherited condition. What is the most likely pathophysiology of this patient’s condition?

Options:
A: Elevated serum homocysteine
B: Thrombin inhibitor deficiency
C: Deficiency in protein C
D: Auto-antibodies directed against phospholipids
E: Resistance to clotting factor degradation",E,C,False,"The patient presents with unilateral leg swelling, redness, and pain, which are symptoms suggestive of deep vein thrombosis (DVT). The fact that she had a similar episode in the past and was diagnosed with a thrombus in the right femoral vein indicates that she may have a predisposition to thrombotic events. The genetic workup suggests an inherited condition that predisposes her to thrombosis.

Let's evaluate the options:

A: Elevated serum homocysteine can be associated with hyperhomocysteinemia, which is a risk factor for thrombosis. However, it is not typically considered an inherited condition but rather a condition that can be influenced by genetic factors, diet, and other lifestyle choices.

B: Thrombin inhibitor deficiency, such as Protein C or S deficiency, is an inherited condition that increases the risk of thrombosis. These proteins are important for the regulation of coagulation, and their deficiency can lead to an increased risk of DVT.

C: Deficiency in protein C is a specific type of thrombin inhibitor deficiency and could be the cause of her condition. Protein C deficiency is an inherited condition that increases the risk of thrombosis.

D: Auto-antibodies directed against phospholipids are characteristic of antiphospholipid syndrome, which is an acquired condition rather than an inherited one. It is associated with recurrent thrombosis, pregnancy complications, and other symptoms.

E: Resistance to clotting factor degradation is seen in conditions like Factor V Leiden, which is a genetic mutation that leads to resistance to the anticoagulant effects of activated protein C. This condition increases the risk of DVT.

Given that the question specifies that the patient has an inherited condition and the fact that she has had a previous DVT, the most likely inherited conditions that could explain her recurrent DVTs are thrombin inhibitor deficiency (option B) or resistance to clotting factor degradation (option E). Since option C is a specific type of thrombin inhibitor deficiency, it is a more precise answer than option B. Therefore, the answer is (C) Deficiency in protein C.",,,0.0,0.0,"What is the most common inherited thrombophilia?
Which inherited thrombophilia is associated with resistance to clotting factor degradation?
Which inherited thrombophilia is associated with deficiency in thrombin inhibitors?
Which inherited thrombophilia is associated with elevated serum homocysteine?
Which inherited thrombophilia is associated with auto-antibodies directed against phospholipids?
Which inherited thrombophilia is associated with deficiency in protein C?"
"An unconscious 55-year-old man is brought to the Emergency Department by ambulance. He had recently lost his job and his house was about to begin foreclosure. His adult children were concerned for his well being and called the police requesting a welfare check. He was found unresponsive in his gurague. There were several empty bottles of vodka around him and one half empty container of antifreeze. A review of his medical records reveals that he was previously in good health. Upon arrival to the ED he regains consciousness.  His blood pressure is 135/85 mmHg, heart rate 120/min, respiratory rate 22/min, and temperature 36.5°C (97.7°F). On physical exam his speech is slurred and he has difficulty following commands. His abdomen is diffusely tender to palpation with no rebound tenderness. Initial laboratory tests show an elevated serum creatinine (Cr) of 1.9 mg/dL, and blood urea nitrogen (BUN) of 29 mg/dL. Which of the following findings would be expected in this patient’s urine?

Options:
A: Eosinophilia
B: Calcium oxalate crystals
C: Hyaline casts
D: Urine ketones
E: Urate crystals",B,B,True,"The patient's presentation suggests acute intoxication, likely due to the ingestion of alcohol and antifreeze. Antifreeze contains ethylene glycol, which is metabolized to toxic metabolites causing renal failure. The patient's symptoms of slurred speech and difficulty following commands, along with the elevated serum creatinine and BUN, are consistent with acute kidney injury (AKI).

Let's evaluate the options:

A: Eosinophilia in the urine is typically associated with allergic reactions or parasitic infections, which does not fit the clinical scenario.

B: Calcium oxalate crystals can be seen in patients with ethylene glycol poisoning, as the metabolites precipitate with calcium to form crystals. This is a classic finding in antifreeze poisoning.

C: Hyaline casts are often seen in normal urine or in conditions like diabetes insipidus or dehydration, but they are not specific to ethylene glycol poisoning.

D: Urine ketones are associated with diabetic ketoacidosis or starvation, which is not indicated in this scenario.

E: Urate crystals are associated with conditions like gout or certain types of kidney stones, but not with ethylene glycol poisoning.

Given the history of potential antifreeze ingestion and the clinical presentation, the most likely finding in this patient's urine would be calcium oxalate crystals due to the metabolism of ethylene glycol. Therefore, the answer is (B) Calcium oxalate crystals.","The document focuses on renal failure, particularly acute kidney injury (AKI) and chronic kidney disease (CKD), discussing their causes, diagnostic approaches, and management strategies. AKI is categorized into pre-renal, intrinsic, and post-renal causes, with diagnostic differentiation based on laboratory tests such as BUN:Cr ratio and urine sodium levels. Key management steps include addressing life-threatening conditions like hyperkalemia and pulmonary edema, and understanding the implications of diuretic use in volume-overloaded patients. The document also covers complications of AKI, such as metabolic acidosis and electrolyte imbalances, and highlights the importance of recognizing reversible and treatable causes of CKD. Additionally, it outlines the mechanisms of drug toxicity in CKD and the indications for emergency dialysis, emphasizing the need for careful monitoring and intervention in patients with renal impairment.
---
So what’s the emergency about kidney disease?  
Well here’s the thought process:  
1. Identify renal failure (azotemia)
- Rule out life threats: hyperK, pulmonary edema
- Is this AKI or a pre-existing CKD?
- ...all the rest of the steps we’ll cover in the show!  
AKI can be from pre-renal, intrinsic parenchymal damage, or post-renal/obstructive causes.  
When you say Acute Tubular necrosis, it means the cause of intrinsic AKI can NOT be attributed to a glomerular, vascular, or interstitial cause.",cc-97.md,15.172914505004883,13.921237627665201,"What is the most common cause of acute kidney injury (AKI) in the setting of ethylene glycol poisoning?
What is the most common cause of AKI in the setting of methanol poisoning?
What is the most common cause of AKI in the setting of acute tubular necrosis (ATN)?
What is the most common cause of AKI in the setting of acute interstitial nephritis (AIN)?
What is the most common cause of AKI in the setting of acute glomerulonephritis (AGN)?
What is the most common cause of AKI in the setting of acute post-renal kidney injury?
What is the most common cause of AKI in the setting of acute post-obstructive kidney injury?
What is the most common cause of AKI in the setting of acute post-infectious kidney injury?
What is the most common cause of AKI in the setting of acute post-septic kidney injury?
What is the most common cause of AKI in the setting of acute post-transplant kidney injury?
What is the most common cause of AKI in the setting of acute post-obstructive kidney injury?
What is the most common cause of AKI in the setting of acute post-infectious kidney injury?
What is the most common cause of AKI in the setting of acute post-septic kidney injury?
What is the most common cause of AKI in the setting of acute post-transplant kidney injury?
What is the most common cause of AKI in the setting of acute post-obstructive kidney injury?
What is the most common cause of AKI in the setting of acute post-infectious kidney injury?
What is the most common cause of AKI in the setting of acute post-septic kidney injury?
What is the most common cause of AKI in the setting of acute post-transplant kidney injury?
What is the most common cause of AKI in the setting of acute post-obstructive kidney injury?
What is the most common cause of AKI in the setting of acute post-infectious kidney injury?
What is the most common cause of AKI in the setting of acute post-septic kidney injury?
What is the most common cause of AKI in the setting of acute post-transplant kidney injury?
What is the most common cause of AKI in the setting of acute post-obstructive kidney injury?
What is the most common cause of AKI in the setting of acute post-infectious kidney injury?
What is the most common cause of AKI in the setting of acute post-septic kidney injury?
What is the most common cause of AKI in the setting of acute post-transplant kidney injury?
What is the most common cause of AKI in the setting of acute post-obstructive kidney injury?
What is the most common cause of AKI in the setting of acute post-infectious kidney injury?
What is the most common cause of AKI in the setting of acute post-septic kidney injury?
What is the most common cause of AKI in the setting of acute post-transplant kidney injury?
What is the most common cause of AKI in the setting of acute post-obstructive kidney injury?
What is the most common cause of AKI in the setting of acute post-infectious kidney injury?
What is the most common cause of AKI in the setting of acute post-septic kidney injury?
What is the most common cause of AKI in the setting of acute post-transplant kidney injury?
What is the most common cause of AKI in the setting of acute post-"
"A 34-year-old woman is assaulted and suffers a number of stab wounds to her abdomen. Bystanders call paramedics and she is subsequently taken to the nearest hospital. On arrival to the emergency department, her vitals are T: 36 deg C, HR: 110 bpm, BP: 100/60, RR: 12, SaO2: 99%. A FAST and abdominal CT are promptly obtained which are demonstrated in Figures A and B, respectively. Her chart demonstrates no other medical problems and vaccinations/boosters up to date. The patient is diagnosed with a Grade V splenic laceration and is immediately brought to the OR for emergent splenectomy. The splenectomy is successfully performed with removal of the damaged spleen (Figure C). Following the operation, the patient should receive which of the following vaccines: (I) H. influenzae (II) Tetanus (III) N. meningitidis (IV) S. pneumoniae (V) Hepatitis B

Options:
A: I, II
B: I, III, IV
C: I, V
D: II only
E: III, IV",B,B,True,"First, let's summarize the available information:
- A 34-year-old woman has suffered a number of stab wounds to her abdomen.
- Her vitals are within a relatively stable range, with a slightly elevated heart rate (tachycardia).
- She has a Grade V splenic laceration for which she underwent an emergent splenectomy.
- Her vaccinations/boosters are up to date.

Patients with asplenia (absence of a spleen or splenic function) are at increased risk for overwhelming infections, particularly from encapsulated organisms. The spleen plays a crucial role in filtering bacteria and mounting an immune response, especially against encapsulated organisms. Therefore, individuals without a spleen are at higher risk for infections from these organisms.

The vaccines recommended for patients post-splenectomy are those that protect against encapsulated organisms, which include:
- Streptococcus pneumoniae (pneumococcal vaccine)
- Neisseria meningitidis (meningococcal vaccine)
- Haemophilus influenzae type b (Hib vaccine)

Tetanus and hepatitis B vaccines are not specifically recommended post-splenectomy unless the patient is not up to date with their vaccinations or there is a specific indication for them.

Given this information, the patient should receive vaccines against the encapsulated organisms that pose the highest risk to asplenic patients:

(I) H. influenzae - This vaccine is recommended for asplenic patients, but it's not the only one.
(II) Tetanus - This is not specifically recommended for asplenic patients unless they are not up to date with their vaccinations.
(III) N. meningitidis - This vaccine is recommended for asplenic patients.
(IV) S. pneumoniae - This vaccine is highly recommended for asplenic patients.
(V) Hepatitis B - This vaccine is not specifically recommended for asplenic patients unless they are not up to date with their vaccinations.

The correct answer would be the vaccines against the encapsulated organisms that pose the highest risk to asplenic patients, which are Streptococcus pneumoniae and Neisseria meningitidis. Haemophilus influenzae type b is also recommended but less commonly encountered since the introduction of the Hib vaccine.

Therefore, the answer is (B) I, III, IV.","importance of vaccination and prophylaxis in preventing these infections, particularly in high-risk populations such as those with asplenia.
---
immunity, such as those with cancer, HIV, or on corticosteroids, and stresses the importance of vaccinations and prophylactic antibiotics in asplenic patients to prevent overwhelming infections.",cc-129.md | cc-183.md,15.393550872802734,15.19250774383545,"What vaccines are recommended for patients post-splenectomy?
What vaccines are indicated for patients with asplenia?
Which of the following vaccines is NOT recommended for a patient post-splenectomy?"
"A 67-year-old woman presents from home hospice with a change in her mental status. She has seemed more confused lately and is unable to verbalize her symptoms. Her temperature is 102°F (38.9°C), blood pressure is 117/65 mmHg, pulse is 110/min, respirations are 19/min, and oxygen saturation is 95% on room air. Physical exam is notable for a right upper quadrant mass that elicits discomfort when palpated. Ultrasound is notable for pericholecystic fluid and gallbladder wall thickening without any gallstones. Which of the following is the most likely diagnosis?

Options:
A: Acalculous cholecystitis
B: Calculous cholescystitis
C: Choledocholithiasis
D: Emphysematous cholecystitis
E: Hepatic adenoma",A,D,False,"The patient is a 67-year-old woman with a change in mental status, fever, and a right upper quadrant mass that is painful upon palpation. The ultrasound findings of pericholecystic fluid and gallbladder wall thickening without gallstones are key features in this case.

Acalculous cholecystitis (A) is characterized by inflammation of the gallbladder without the presence of gallstones and is often associated with critically ill patients. However, the presence of pericholecystic fluid and wall thickening on ultrasound is more suggestive of emphysematous cholecystitis, which is a severe form of acalculous cholecystitis.

Calculous cholecystitis (B) is inflammation of the gallbladder with the presence of gallstones, which is not consistent with the ultrasound findings in this case, as no gallstones are mentioned.

Choledocholithiasis (C) refers to the presence of gallstones in the common bile duct, which is not indicated by the ultrasound findings or the clinical presentation.

Emphysematous cholecystitis (D) is a severe form of acalculous cholecystitis characterized by the presence of gas within the gallbladder wall, which can be visualized on ultrasound as pericholecystic fluid and gallbladder wall thickening. This condition is more likely in critically ill patients, which could fit the description of the patient being in hospice care.

Hepatic adenoma (E) is a benign liver tumor and would not typically present with acute symptoms or the ultrasound findings described.

Based on the clinical presentation and ultrasound findings, the most likely diagnosis is emphysematous cholecystitis. Therefore, the answer is (D) Emphysematous cholecystitis.","9. Describe the ER diagnosis and management of SBP.
10. List 3 types of drug-induced liver disease.
11. What are two types of hepatic abscesses? How are they diagnosed and treated?
12. What is Budd-Chiari syndrome? How is it managed?
13. What is primary sclerosing cholangitis (PSC)? What is primary biliary cirrhosis? What is PSC associated with?
14. List 6 risk factors for cholelithiasis
15. Describe the clinical presentation of cholecystitis. List lab, X-ray (3) and US (4) findings
16. List 4 patients that get acalculous cholecystitis
17. List 4 considerations in the management of acute cholecystitis. When is surgery performed early?
18. What is the classic presentation of ascending cholangitis? What two clinical eponyms are described? How is ascending cholangitis managed?",cc-90.md,14.02251148223877,13.599259614944458,"What is the most common cause of acalculous cholecystitis?
What are the risk factors for acalculous cholecystitis?
What are the clinical features of acalculous cholecystitis?
What are the diagnostic criteria for acalculous cholecystitis?
How does acalculous cholecystitis present differently from calculous cholecystitis?
What is the treatment for acalculous cholecystitis?
What complications can arise from acalculous cholecystitis?"
"A 35-year-old female is brought to the emergency department after being found unconscious. The patient is found to have a blood glucose level of 35 mg/dL. Hgb A1c was found to be 5.1%. C-peptide level was found to be decreased. The patient returned to her baseline after glucose replacement. She states that she has never had an episode like this before. She has no significant past medical history but reports a family history of diabetes in her mother. She states that she has been undergoing a difficult divorce over the past few months. What is the likely cause of this patient's condition?

Options:
A: Insulinoma
B: Factitious disorder
C: Alimentary hypogylcemia
D: Hypothyroidism
E: Somatization disorder",B,B,True,"The patient presented with unconsciousness and a significantly low blood glucose level (35 mg/dL), which is indicative of hypoglycemia. The Hgb A1c level of 5.1% is within the normal range, suggesting that the patient does not have chronic diabetes. The decreased C-peptide level indicates that the hypoglycemia is not due to endogenous hyperinsulinism (as seen in insulinoma) because C-peptide is co-secreted with endogenous insulin.

Insulinoma (A) would typically present with an increased C-peptide level due to endogenous insulin production. Factitious disorder (B) involves the intentional production of symptoms, and there is no indication that the patient is intentionally producing symptoms. Alimentary hypogylcemia (C) is a condition where hypoglycemia occurs due to excessive insulin secretion by the pancreas in response to gastrointestinal tumors, but there is no evidence of such a tumor here. Hypothyroidism (D) can cause hypoglycemia, but it is usually associated with other symptoms of hypothyroidism, which are not mentioned. Somatization disorder (E) is a psychiatric condition where patients present with multiple, recurrent, and often changing physical symptoms, but it is not typically associated with acute hypoglycemia.

Given the acute onset of hypoglycemia, the absence of a history of diabetes, and the decreased C-peptide level, the most likely cause of this patient's condition is factitious disorder (B). The patient may be intentionally lowering her blood glucose levels or manipulating the levels to assume the role of a diabetic patient, possibly due to psychological stressors such as a difficult divorce.

Therefore, the answer is (B) Factitious disorder.",,,0.0,0.0,"What is the most common cause of hypoglycemia in the emergency department?
What is the most common cause of factitious hypoglycemia?
What is the most common cause of hypoglycemia in the outpatient setting?
What is the most common cause of hypoglycemia in the inpatient setting?
What is the most common cause of hypoglycemia in the ICU?"
"A 37-year-old primigravid woman at 12 weeks' gestation comes to the emergency department because of vaginal bleeding and dull suprapubic pain for 3 hours. She has had spotting during the last 3 days. Her medications include folic acid and a multivitamin. She has smoked one pack of cigarettes daily for 15 years. Her temperature is 37°C (98.6°F), pulse is 110/min, and blood pressure is 89/65 mm Hg. Pelvic examination shows a dilated cervical os and a uterus consistent in size with an 11-week gestation. Ultrasonography shows an embryo of 4 cm in crown-rump length and no fetal cardiac activity. Which of the following is the most appropriate next step in management?

Options:
A: Misoprostol therapy
B: Follow-up ultrasonography
C: Methotrexate therapy
D: Dilation and curettage
E: Complete bed rest",D,A,False,"The patient is a 37-year-old woman who is 12 weeks pregnant and presents with vaginal bleeding, dull suprapubic pain, and a history of spotting for the last 3 days. Her vital signs indicate tachycardia (pulse 110/min) and hypotension (blood pressure 89/65 mm Hg), which could suggest significant blood loss. The pelvic examination shows a dilated cervical os and a uterus consistent with an 11-week gestation, which is smaller than expected for her gestational age. The ultrasonography findings of an embryo of 4 cm in crown-rump length and no fetal cardiac activity are concerning for a nonviable pregnancy, possibly a missed abortion.

Given these findings, the most appropriate next step in management would be to address the nonviable pregnancy. The options provided are:

A: Misoprostol therapy - This is used for medical management of miscarriage or abortion.
B: Follow-up ultrasonography - This would be appropriate if there was uncertainty about the diagnosis, but given the findings, it is not the most immediate step.
C: Methotrexate therapy - This is used for ectopic pregnancies, not for missed abortions within the uterus.
D: Dilation and curettage (D&C) - This is a surgical procedure to remove tissue from inside the uterus, which is appropriate for a missed abortion when the nonviable pregnancy needs to be removed.
E: Complete bed rest - This is not an appropriate management step for a nonviable pregnancy.

Given the findings of a nonviable pregnancy and the patient's symptoms, the most appropriate next step is to manage the nonviable pregnancy. Since the patient is hemodynamically stable, immediate surgical intervention may not be necessary, and medical management with misoprostol can be considered.

Therefore, the answer is (A) Misoprostol therapy.",,,0.0,0.0,"What is the most likely diagnosis for a pregnant woman with vaginal bleeding, a dilated cervical os, and an embryo without cardiac activity?
What is the recommended management for a nonviable pregnancy at 12 weeks' gestation?
What is the recommended management for a nonviable pregnancy with confirmed fetal demise at 12 weeks' gestation?"
"A 17-year-old female accidentally eats a granola bar manufactured on equipment that processes peanuts. She develops type I hypersensitivity-mediated histamine release, resulting in pruritic wheals on the skin. Which of the following layers of this patient's skin would demonstrate histologic changes on biopsy of her lesions?

Options:
A: Stratum corneum
B: Stratum granulosum
C: Stratum spinosum
D: Stratum basale
E: Dermis",E,E,True,"Type I hypersensitivity-mediated histamine release typically affects the dermis layer of the skin. When an allergic reaction occurs, histamine is released, which causes vasodilation and increased vascular permeability, leading to the characteristic signs of an allergic reaction such as pruritic wheals (hives). The dermis is the layer of skin where these histologic changes would be observed, as it contains blood vessels that would become more prominent due to the increased blood flow and leakage of fluid.

The stratum corneum, stratum granulosum, and stratum spinosum are layers of the epidermis, and while they may show some changes in association with skin reactions, the primary histologic changes associated with type I hypersensitivity would be in the dermis. The stratum basale is the deepest layer of the epidermis and does not typically show histologic changes associated with type I hypersensitivity reactions.

Therefore, the answer is (E) Dermis.",,,0.0,0.0,"What type of skin biopsy would best demonstrate histologic changes in this patient's lesions?
Which layer of the skin is involved in type I hypersensitivity-mediated histamine release?"
"A 25-year-old male is hospitalized for acute agitation, photophobia, and dysphagia. His parents report that he has been experiencing flu-like symptoms for one week prior to hospital admission. Five weeks ago, the patient was in Mexico, where he went on several spelunking expeditions with friends. The patient ultimately becomes comatose and dies. Autopsy of brain tissue suggests a viral infection. The likely causal virus spreads to the central nervous system (CNS) in the following manner:

Options:
A: Hematogenous dissemination to the meninges
B: Entrance via cribiform plate
C: Retrograde migration up peripheral nerve axons
D: Reactivation of virus previously latent in dorsal root ganglia
E: Infection of oligodendrocytes and astrocytes",C,A,False,"The patient's symptoms of acute agitation, photophobia, and dysphagia, combined with a history of flu-like symptoms and a recent trip to Mexico, suggest an infectious etiology. The fact that the patient ultimately becomes comatose and the autopsy suggests a viral infection points towards an encephalitis or a similar CNS infection.

The history of spelunking could be significant, as it may suggest exposure to viruses that are typically found in bats or other cave-dwelling animals, which can lead to infections in humans. One of the most notorious viruses associated with such activities is the Nipah virus, which is known to be transmitted from bats to humans and can lead to encephalitis.

The Nipah virus, along with other viruses like rabies, can spread to the CNS through various mechanisms. In the case of Nipah, it is known to spread through the hematogenous route, entering the CNS via the meninges. This is consistent with the autopsy findings of a viral infection in the brain tissue.

Option (B) entrance via cribiform plate is more typical for viruses that spread through the respiratory route, like the herpes simplex virus causing encephalitis. Option (C) retrograde migration up peripheral nerve axons is a mechanism by which rabies virus spreads, but this is less likely given the patient's history. Option (D) reactivation of virus previously latent in dorsal root ganglia is typical for herpes viruses, which establish latency in sensory neurons. Option (E) infection of oligodendrocytes and astrocytes is not a typical mode of spread for any known viruses.

Given the information provided and the common modes of spread for viruses that affect the CNS, the most likely mechanism by which the virus spread to the CNS in this case is through hematogenous dissemination to the meninges.

Therefore, the answer is (A) Hematogenous dissemination to the meninges.",,,0.0,0.0,"What is the most common cause of viral encephalitis?
Which viruses cause encephalitis by ascending from peripheral sites?
Which viruses cause encephalitis by reactivation from latency in dorsal root ganglia?
Which viruses cause encephalitis by infecting oligodendrocytes and astrocytes?
Which viruses cause encephalitis by entrance via the cribiform plate?"
"A 21-year-old male presents to his primary care provider for fatigue. He reports that he graduated from college last month and returned 3 days ago from a 2 week vacation to Vietnam and Cambodia. For the past 2 days, he has developed a worsening headache, malaise, and pain in his hands and wrists. The patient has a past medical history of asthma managed with albuterol as needed. He is sexually active with both men and women, and he uses condoms “most of the time.” On physical exam, the patient’s temperature is 102.5°F (39.2°C), blood pressure is 112/66 mmHg, pulse is 105/min, respirations are 12/min, and oxygen saturation is 98% on room air. He has tenderness to palpation over his bilateral metacarpophalangeal joints and a maculopapular rash on his trunk and upper thighs. Tourniquet test is negative. Laboratory results are as follows:

Hemoglobin: 14 g/dL
Hematocrit: 44%
Leukocyte count: 3,200/mm^3
Platelet count: 112,000/mm^3

Serum:
Na+: 142 mEq/L
Cl-: 104 mEq/L
K+: 4.6 mEq/L
HCO3-: 24 mEq/L
BUN: 18 mg/dL
Glucose: 87 mg/dL
Creatinine: 0.9 mg/dL
AST: 106 U/L
ALT: 112 U/L
Bilirubin (total): 0.8 mg/dL
Bilirubin (conjugated): 0.3 mg/dL

Which of the following is the most likely diagnosis in this patient?

Options:
A: Chikungunya
B: Dengue fever
C: Epstein-Barr virus
D: Hepatitis A
E: Typhoid fever",A,B,False,"The patient presents with fever, headache, malaise, joint pain, and a maculopapular rash. The recent travel history to Vietnam and Cambodia is significant, as these areas are endemic to several infectious diseases. The patient's symptoms, including fever, headache, malaise, and joint pain, are nonspecific and could be seen in many different infections. However, the presence of a maculopapular rash and the recent travel to Southeast Asia make a few infections more likely.

Let's evaluate the options:

A) Chikungunya: This viral infection is characterized by fever, joint pain, and rash. It is transmitted by mosquitoes and is found in Africa, Asia, and the Pacific.

B) Dengue fever: This viral infection is also transmitted by mosquitoes and is common in tropical and subtropical regions. Symptoms include fever, headache, pain behind the eyes, joint and muscle pain, and rash. Severe dengue can lead to hemorrhagic fever and shock, but the patient's presentation does not suggest this severe form.

C) Epstein-Barr virus (EBV): EBV is a common cause of infectious mononucleosis, typically presenting with fever, sore throat, and lymphadenopathy. It is less likely to cause a rash and joint pain as prominent features.

D) Hepatitis A: This viral infection affects the liver and can cause fever, malaise, anorexia, nausea, and jaundice. While a rash can occur, it is not typically prominent, and joint pain is not a common feature.

E) Typhoid fever: Caused by the bacterium Salmonella typhi, typhoid fever presents with fever, abdominal pain, and a rash known as ""rose spots,"" which appear on the trunk. However, the rash is not typically maculopapular, and the patient's symptoms do not strongly suggest typhoid fever.

Given the patient's symptoms, the maculopapular rash, and the recent travel to an endemic area, the most likely diagnosis is dengue fever. The patient's leukopenia (low white blood cell count) and thrombocytopenia (low platelet count) are also consistent with dengue fever, which can cause these hematologic abnormalities.

Therefore, the answer is (B) Dengue fever.","| Fever and a skin eruption. Well children 6 months to 3 years old. May occur post febrile seizure The rash typically appears with defervescence. The lesions are discrete pink or rose-colored macules or maculopapules 2 or 3 mm in diameter that blanch on pressure and rarely coalesce | Fever in 10% to 15% of patients, and a characteristic rash. Arthralgia and arthritis occur commonly in adults but rarely in children. The rash is intensely red on the face and gives a “slapped-cheek” appearance with circumoral pallor. A reticular maculopapular eruption, which may be noted on the arms, moves caudally to the trunk, buttocks, and thighs. The rash may recur with changes in temperature and exposure to sunlight. The incubation period is usually between 4 and 14 days. The infection is benign and requires supportive care only. | Contagious from 5 days prior to onset of symptoms until 5 to 6 days after the onset of dermatologic Involvement. Maculopapular erythematous lesions involve the forehead and upper neck and spread",cc-120.md,14.545652389526367,14.545652389526367,"What is the most likely diagnosis based on the patient's travel history, fever, headache, malaise, and hand/wrist pain?
What is the most likely diagnosis based on the patient's laboratory results (low leukocyte and platelet count, elevated liver enzymes)?
Which disease is characterized by fever, headache, malaise, and joint pain, particularly affecting the metacarpophalangeal joints?
Which disease can present with a maculopapular rash on the trunk and upper thighs?
Which disease is associated with a negative tourniquet test?
Which disease can cause hemorrhagic manifestations and is associated with thrombocytopenia?
Which disease is characterized by fever, headache, malaise, and joint pain, particularly affecting the metacarpophalangeal joints?
Which disease can present with a maculopapular rash on the trunk and upper thighs?
Which disease is associated with a negative tourniquet test?
Which disease can cause hemorrhagic manifestations and is associated with thrombocytopenia?"
"A 59-year-old man comes to the emergency department because of excruciating left knee pain for 4 days. He underwent a total knee arthroplasty of his left knee joint 4 months ago. He has hypertension and osteoarthritis. Current medications include glucosamine, amlodipine, and meloxicam. His temperature is 38.1°C (100.6°F), pulse is 97/min, and blood pressure is 118/71 mm Hg. Examination shows a tender, swollen left knee joint; range of motion is limited by pain. Analysis of the synovial fluid confirms septic arthritis, and the prosthesis is removed. Which of the following is the most likely causal organism?

Options:
A: Staphylococcus epidermidis
B: Escherichia coli
C: Staphylococcus aureus
D: Pseudomonas aeruginosa
E: Group B Streptococcus",A,C,False,"First, let's summarize the available information:
- The patient is a 59-year-old man with a history of total knee arthroplasty 4 months ago.
- He presents with severe left knee pain for 4 days, fever, and a tender, swollen left knee joint with limited range of motion.
- Synovial fluid analysis confirms septic arthritis, and the prosthesis has been removed.

Given this information, we are looking for the most likely causal organism of septic arthritis in this patient.

Now, let's evaluate the options:

A: Staphylococcus epidermidis - This bacterium is commonly associated with infections related to indwelling devices and is a part of the normal skin flora. It is a possible cause of infection but is more commonly associated with prosthetic device infections over time rather than acute septic arthritis.

B: Escherichia coli - This is a common cause of urinary tract infections and can cause septic arthritis, but it is less common compared to other organisms in the context of prosthetic joint infections.

C: Staphylococcus aureus - This is a common cause of septic arthritis, especially in the setting of prosthetic joints. It is known to cause both acute and chronic infections and is a frequent pathogen in septic arthritis.

D: Pseudomonas aeruginosa - This organism is a less common cause of septic arthritis and is typically associated with infections in individuals with compromised immune systems or with specific risk factors such as intravenous drug use.

E: Group B Streptococcus - This organism is more commonly associated with neonatal infections and is a less common cause of septic arthritis in adults.

Considering the patient's recent history of total knee arthroplasty and the common pathogens associated with prosthetic joint infections, Staphylococcus aureus is the most likely causal organism. It is known to cause both acute and chronic infections and is a frequent pathogen in septic arthritis, especially in the setting of prosthetic joints.

Therefore, the answer is (C) Staphylococcus aureus.","- Septic arthritis refers to microbial invasion and infection of the joint space. Bacterial pathogens are common in patients with acute septic arthritis, whereas fungal and mycobacterial pathogens tend to be associated with a more indolent septic arthritis. Peak incidence at 6-24 months!
- Infants tend to have fever, failure to feed, lethargy, pseudoparalysis of the extremity, and pain when being handled.
- Most older children have systemic signs and symptoms of fever, malaise, poor appetite, and irritability, as well as localized symptoms of pain and refusal to move the affected joint. If the lower part of the body is involved, patients may limp or refuse to walk.
- The physical examination reveals local erythema, warmth, and swelling. If the hip is affected, it often is held in flexion, abduction, and external rotation.
- Range of motion is decreased because of pain and muscle spasm, and passive joint movement is painful. In infants, joint dislocation may be observed.
---
Monoarticular arthropathies, which affect a single joint, can arise from various causes such as trauma, rheumatoid arthritis, lupus, and infections including viral, fungal, and bacterial origins. Septic arthritis, a bacterial infection of the joint, is clinically significant with an incidence rate of 10 per 100,000 annually in the USA. The risk is elevated in individuals with prosthetic joints, pre-existing rheumatoid arthritis, or those who are immunocompromised, such as patients with HIV.",cc-176.md | sgem-39.md,14.97562026977539,14.270589828491211,"What are the common causal organisms of septic arthritis in different joints?
What are the common causal organisms of septic arthritis in different age groups?
What are the common causal organisms of septic arthritis in different clinical scenarios?"
"A 47-year-old man presents to the emergency department with fever, fatigue, and loss of appetite for 1 week, followed by right shoulder pain, generalized abdominal pain, and paroxysmal cough. He has had diabetes mellitus for 15 years, for which he takes metformin and gliclazide. His vital signs include a temperature of 38.3°C (101.0°F), pulse of 85/min, and blood pressure of 110/70 mm Hg. On examination, he is ill-appearing, and he has a tender liver edge that is palpable approx. 2 cm below the right costal margin. Percussion and movement worsens the pain. Abdominal ultrasonography is shown. Stool is negative for Entamoeba histolytica antigen. Which of the following is the best initial step in management of this patient condition?

Options:
A: Metronidazole and paromomycin
B: Antifungal therapy
C: Cholecystectomy
D: Antibiotics and drainage
E: Endoscopic retrograde cholangiopancreatography (ERCP)",D,D,True,"The patient presents with fever, fatigue, loss of appetite, right shoulder pain, generalized abdominal pain, and paroxysmal cough. These symptoms, along with the finding of a tender liver edge that is palpable below the right costal margin and pain on percussion and movement, suggest a hepatobiliary origin. The negative stool test for Entamoeba histolytica antigen rules out amoebic liver abscess.

Given the patient's diabetes mellitus, he is at increased risk for infections, including bacterial liver abscesses. The presentation is not typical for a fungal infection, which makes antifungal therapy (option B) less likely to be the correct initial step. Cholecystectomy (option C) is a surgical procedure to remove the gallbladder and is not indicated as an initial management step without evidence of gallbladder disease such as cholelithiasis or cholecystitis. ERCP (option E) is a diagnostic and therapeutic procedure for biliary and pancreatic ductal systems but is not typically the first step in the management of a liver abscess.

The most appropriate initial management for a suspected bacterial liver abscess would be antibiotics and drainage (option D). Metronidazole and paromomycin (option A) are used for amoebic liver abscess, which has been ruled out with the negative stool antigen test.

Therefore, the answer is (D) Antibiotics and drainage.",,,0.0,0.0,"What is the most likely diagnosis for this patient?
What are the initial management steps for this condition?"
"A 70-year-old woman is brought to the emergency department for the evaluation of abdominal pain, nausea, and vomiting for 1 day. Computed tomography shows a small bowel perforation. The patient is prepared for emergent exploratory laparotomy. She is sedated with midazolam, induced with propofol, intubated, and maintained on nitrous oxide and isoflurane for the duration of the surgery. A single perforation in the terminal ileum is diagnosed intraoperatively and successfully repaired. The patient is transferred to the intensive care unit. The ventilator is set at an FiO2 of 50%, tidal volume of 1000 mL, respiratory rate of 12/min, and positive end-expiratory pressure of 2.5 cm H2O. Her temperature is 37.3°C (99.1°F), pulse is 76/min, and blood pressure is 111/50 mm Hg. She is responsive to painful stimuli. Lung examination shows bilateral rales. Abdominal examination shows a distended abdomen and intact abdominal surgical incisions. The remainder of the physical examination shows no abnormalities. Arterial blood gas analysis shows:
pH 7.44
pO2 54 mm Hg
pCO2 31 mm Hg
HCO3- 22 mm Hg
Which of the following is the best next step in the management of this patient?""

Options:
A: Increase the FiO2
B: Extubate
C: Increase the tidal volume
D: Increase PEEP
E: Increase the respiratory rate",D,A,False,"First, let's analyze the arterial blood gas (ABG) results provided for the patient:

pH: 7.44 (normal range: 7.35-7.45) - The pH is slightly alkalotic.
pO2: 54 mm Hg (normal range: 75-100 mm Hg) - The pO2 is low, indicating hypoxemia.
pCO2: 31 mm Hg (normal range: 35-45 mm Hg) - The pCO2 is low, suggesting a respiratory alkalosis.
HCO3-: 22 mm Hg (normal range: 22-26 mEq/L) - The bicarbonate level is normal.

The ABG results suggest the patient has respiratory alkalosis, likely due to the mechanical ventilation with a low tidal volume and high FiO2. The low pCO2 is a compensatory response to the metabolic acidosis that can occur with sepsis or other systemic inflammatory responses, which is common in critically ill patients.

Given the patient's condition - post-operative, in the ICU, and on mechanical ventilation - the goal is to ensure adequate oxygenation while avoiding lung injury. The low pO2 indicates that the patient is not adequately oxygenated, which should be addressed.

Now, let's evaluate the options:

A: Increase the FiO2 - This would increase the oxygen content of the gas being delivered to the patient, which could help improve oxygenation. However, high FiO2 can also lead to oxygen toxicity, especially if maintained for a prolonged period.

B: Extubate - This would be considered if the patient was ready for weaning from the ventilator, but there is no indication that this is the case, and the patient is not stable enough for extubation.

C: Increase the tidal volume - The patient is currently on a tidal volume of 1000 mL, which is a lower tidal volume often used to prevent lung injury. Increasing the tidal volume could increase the risk of lung injury and is not typically done unless there is evidence of hypoventilation or inadequate CO2 removal.

D: Increase PEEP - PEEP helps to keep the alveoli open at the end of expiration, which can improve oxygenation. However, high PEEP can also lead to barotrauma and volutrauma if not carefully managed.

E: Increase the respiratory rate - Increasing the respiratory rate would help to remove more CO2 and could potentially improve the pH if the patient is in respiratory alkalosis. However, it may not adequately address the low pO2.

Considering the patient's low pO2 and the need to improve oxygenation without causing lung injury, the best next step would be to adjust the FiO2 to improve oxygenation while monitoring carefully to avoid oxygen toxicity. Therefore, the answer is (A) Increase the FiO2.","Key thought process: Is this a simple ABD or a mixed ABD?  
Often, acid-base disturbances are first identified when the results of laboratory tests ordered to evaluate the patient’s symptoms demonstrate alterations in the bicarbonate level, pH, or Paco2. The possibility of an acid-base disorder is suggested by clinical events such as toxic ingestions, severe vomiting, or diarrhea, as well as in patients with diseases primarily affecting the lungs and kidneys. All critically ill patients and all patients being mechanically ventilated should have an assessment of their acid-base status. When an acid-base disturbance is identified or suspected, elucidation of its underlying cause(s) is central to appropriate management.  
Painful arterial blood sampling is unnecessary for the evaluation of acid-base disturbances. Paco2, HCO3−, and pH values taken from peripheral venous, central venous, intraosseous, and capillary blood are all suitable for acid-base assessment.
---
Given the lack of evidence available to guide us, there is tremendous uncertainty in the most appropriate management plan for these patients. We should be open about that uncertainty with our patients and involve them in shared decision-making to ensure that the chosen management plan matches their personal values.",sgem-367.md | cc-124.md,14.108697891235352,13.955277442932129,"What is the patient's current mode of ventilation?
What is the patient's current oxygenation status?
What is the patient's current ventilation status?
What is the patient's current acid-base status?
What is the patient's current CO2 status?
What is the patient's current hemodynamic status?
What is the patient's current temperature status?
What is the patient's current physical examination status?
What is the patient's current arterial blood gas status?
What is the best next step in the management of this patient?"
"A 43-year-old man with a history of hepatitis C and current intravenous drug use presents with 5 days of fever, chills, headache, and severe back pain. On physical exam, temperature is 100.6 deg F (38.1 deg C), blood pressure is 109/56 mmHg, pulse is 94/min, and respirations are 18/min. He is thin and diaphoretic with pinpoint pupils, poor dentition, and track marks on his arms and legs. A high-pitched systolic murmur is heard, loudest in the left sternal border and with inspiration. He is admitted to the hospital and started on broad-spectrum antibiotics. One of the blood cultures drawn 12 hours ago returns positive for Staphylococcus aureus. Which of the following is the most appropriate next step to confirm the diagnosis?

Options:
A: Repeat blood cultures now
B: Repeat blood cultures 24 hours after initial cultures were drawn
C: Repeat blood cultures 36 hours after initial cultures were drawn
D: Repeat blood cultures 48 hours after initial cultures were drawn
E: Do not repeat blood cultures",A,A,True,"The patient presents with signs and symptoms suggestive of infective endocarditis (IE), which include fever, chills, headache, severe back pain, and a high-pitched systolic murmur heard at the left sternal border that is loudest during inspiration. The presence of Staphylococcus aureus in blood cultures is consistent with this diagnosis. In the setting of IE, blood cultures are typically drawn at the time of fever and then redrawn 12-24 hours later to confirm the diagnosis. This is because Staphylococcus aureus can sometimes be present in the bloodstream as a result of a recent infection or colonization and not necessarily indicative of a new infection. The repeat blood culture helps to differentiate between a true infection and colonization.

Given that 12 hours have passed since the initial blood cultures were drawn, and the patient is already on broad-spectrum antibiotics, it is appropriate to repeat the blood cultures now to confirm the diagnosis of infective endocarditis. Waiting longer than 24 hours could potentially allow for the clearance of the bacteria from the bloodstream, making the repeat cultures negative even if the patient does have IE.

Therefore, the answer is (A) Repeat blood cultures now.",,,0.0,0.0,"What is the most common cause of infective endocarditis in intravenous drug users?
What are the classic findings of infective endocarditis on physical examination?
How often should blood cultures be repeated in a patient with suspected infective endocarditis?"
"A 16-year-old girl is brought to the emergency department with constant abdominal pain over the past 8 hours. The pain is in her right lower quadrant (RLQ), which is also where it began. She has had no nausea or vomiting despite eating a snack 2 hours ago. She had a similar episode last month which resolved on its own. Her menstrual cycles are 28–30 days apart with 3–5 days of vaginal bleeding. Her last menses ended 9 days ago. Her blood pressure is 125/75 mm Hg, the pulse is 78/min, the respirations are 15/min, and the temperature is 37.2°C (99.0°F). Abdominal examination shows moderate pain on direct pressure over the RLQ which decreases with the release of pressure. The remainder of the physical examination shows no abnormalities. Laboratory studies show:
Hemoglobin 12.5 mg/dL
Leukocyte count 6000/mm3
Segmented neutrophils 55%
Lymphocytes 39%
Platelet count 260,000/mm3
Serum  
C-reactive protein 5 mg/L (N < 8 mg/L)
Urine  
RBC 1-2 phf
WBC None
Which of the following is the most appropriate next step in management?

Options:
A: Methotrexate
B: Nitrofurantoin
C: Reassurance
D: Referral for surgery
E: Tamsulosin",C,D,False,"The patient is a 16-year-old girl presenting with constant abdominal pain in the right lower quadrant (RLQ), which began 8 hours ago and was also the site of a similar episode last month. She has no nausea or vomiting and ate a snack 2 hours ago without incident. Her menstrual cycle is regular, and her last menses ended 9 days ago. Vital signs are within normal limits, and physical examination reveals moderate pain on direct pressure over the RLQ that decreases with the release of pressure. Laboratory studies show normal hemoglobin, leukocyte count, platelet count, and CRP levels, and urinalysis is unremarkable.

The clinical presentation is suggestive of appendicitis, given the location of the pain and the episodic nature. The absence of systemic signs of infection (normal temperature, CRP, and white blood cell count) and the lack of urinary symptoms make urinary tract infection an unlikely diagnosis. Methotrexate is used for ectopic pregnancy or certain autoimmune conditions, which are not indicated here. Nitrofurantoin is an antibiotic used for uncomplicated urinary tract infections, which is not supported by the urinalysis. Tamsulosin is an alpha-blocker used for urinary retention, typically in men with benign prostatic hyperplasia, which is not relevant to this case.

Reassurance and observation would be appropriate for a non-specific cause of abdominal pain in a young patient with no alarming signs or symptoms. However, given the classic presentation of appendicitis, the most appropriate next step in management would be referral for surgery to confirm the diagnosis and potentially treat with an appendectomy.

Therefore, the answer is (D) Referral for surgery.",,,0.0,0.0,"What is the most likely diagnosis for this patient?
What is the recommended management for this condition?"
"A 30-year-old male presents to the emergency department with a complaint of abdominal pain. The patient states he was at a barbecue around noon. Lunch was arranged as a buffet without refrigeration. Within 2 to 3 hours, he had abdominal pain with 3 episodes of watery diarrhea. On exam, vital signs are T 99.1, HR 103, BP 110/55, RR 14. Abdominal exam is significant for pain to deep palpation without any rebounding or guarding. There is no blood on fecal occult testing (FOBT). What is the most likely cause of this patient's presentation?

Options:
A: Salmonella enteritidis
B: Listeria monocytogenes
C: Staphylococcus aureus
D: Campylobacter jejuni
E: Vibrio cholerae",C,C,True,"First, let's summarize the available information:
- A 30-year-old male presents with abdominal pain.
- The onset of symptoms was within 2 to 3 hours after eating at a buffet lunch that was not refrigerated.
- Symptoms include abdominal pain and multiple episodes of watery diarrhea.
- The patient has a mild fever (T 99.1), tachycardia (HR 103), and hypotension (BP 110/55).
- The abdominal exam shows pain on deep palpation without rebounding or guarding.
- Fecal occult blood testing (FOBT) is negative.

Now, let's consider the possible pathogens based on the information provided and the characteristics of each:

A: Salmonella enteritidis - Typically associated with poultry, eggs, and foodborne outbreaks. It has an incubation period of 12–24h to several days.

B: Listeria monocytogenes - Often associated with unpasteurized dairy products, processed meats, and in immunocompromised individuals. It has an incubation period of 36–48 hours.

C: Staphylococcus aureus - Known for rapid onset food poisoning due to preformed toxins in contaminated food, especially in buffet settings. Symptoms typically appear within 1–6 hours.

D: Campylobacter jejuni - Commonly associated with poultry, unpasteurized milk, and waterborne outbreaks. It has an incubation period of 2–5 days.

E: Vibrio cholerae - Usually associated with contaminated water and shellfish. It causes profuse watery diarrhea and has an incubation period of 8–14 days.

Given the rapid onset of symptoms within 2 to 3 hours after eating, and the nature of the lunch being a buffet without refrigeration, the most likely cause is Staphylococcus aureus, which is known for its rapid onset of symptoms due to preformed toxins in the food.

Therefore, the answer is (C) Staphylococcus aureus.","Otherwise well children with acute, non-bloody diarrhea and no exposures to increase the risk of bacterial enteritis are usually managed without any ancillary studies. - Uptodate.  
Things change if:
- The child is very ill appearing
- Significantly dehydrated (risk of severe secretory diarrhea)
- Fever and blood or mucus in the stool but without toxic appearance:
- Stool culture for Salmonella, Shigella, Campylobacter spp, Yersinia, and Shiga toxin-producing Escherichia coli (STEC)
- C. difficile toxin (only for patients older than 2 years of age with compatible clinical features, antibiotic exposure or other risk factors or predisposing conditions) - Uptodate  
- Recent immigration, travel to an underdeveloped country, backcountry camping, exposure to poultry or other farm animals, or consumption of processed meat: stool for ova and parasites.
- Immunocompromised (HIV)
---
| Pathogen | RF | Infectious Pattern | Incubation | Duration |
|----------|----|--------------------|------------|----------|
| Campylobacter (Most common bacteria) | - Backpacker's diarrhea/backcountry water sources - Raw/undercooked poultry meat | - Acute watery diarrhea - Fevers, dysenteric characteristics | 2–5 days | 5–14 days |
| Salmonella (Usually foodborne) | - Age <5 - Sickle Cell - Immunocompromised - Eggs, poultry, unpasteurized milk, pets | - Acute watery diarrhea - Often with fever | 12–24h | 2–7 days |
| Shigella (Toxigenic) | - Jails, nursing homes, daycares - MSM - HIV/AIDS - Swimming pools, water parks, fountains | - Acute watery diarrhea - Fever, dysenteric | 1–2 days | 2–7 days |
| Yersinia | - Children - Contaminated pork/milk/dogs/cats - Rare in United States - Common with travel to Asia | - Acute diarrhea, - Dehydrating - Can mimic appendicitis | 12–48 h | 5–14 days |
| Vibrio parahaemolyticus | Associated with seafood/shellfish | - Watery diarrhea - Dysentery | 8–24 h | 5–14 days |",cc-94.md | cc-173.md,13.432089805603027,13.015090624491373,"What foodborne pathogen is commonly associated with buffet-style food service?
Which foodborne pathogen is known to cause watery diarrhea without blood on FOBT?
Which foodborne pathogen is associated with a high fever and bloody diarrhea?
Which foodborne pathogen is associated with undercooked poultry and eggs?
Which foodborne pathogen is associated with raw or unpasteurized milk products?
Which foodborne pathogen is associated with contaminated water sources?
Which foodborne pathogen is associated with raw or undercooked seafood?
Which foodborne pathogen is associated with cross-contamination from raw to cooked foods?
Which foodborne pathogen is associated with contaminated ready-to-eat foods?
Which foodborne pathogen is associated with contaminated fresh produce?"
"A 70-year-old man is brought to the emergency department by staff of the group home where he resides because of worsening confusion for the past week. He has a history of major depressive disorder and had an ischemic stroke 4 months ago. Current medications are aspirin and sertraline. He is lethargic and disoriented. His pulse is 78/min, and blood pressure is 135/88 mm Hg. Physical examination shows moist oral mucosa, normal skin turgor, and no peripheral edema. While in the waiting room, he has a generalized, tonic-clonic seizure. Laboratory studies show a serum sodium of 119 mEq/L and an elevated serum antidiuretic hormone concentration. Which of the following sets of additional laboratory findings is most likely in this patient?
 $$$ Serum osmolality %%% Urine sodium %%% Serum aldosterone $$$

Options:
A: ↑ normal normal
B: ↓ ↓ ↓
C: ↑ ↓ normal
D: ↓ ↑ ↑
E: ↓ ↑ ↓",E,B,False,"First, let's summarize the available information:
- The patient is a 70-year-old man with a history of major depressive disorder and a recent ischemic stroke.
- He is on aspirin and sertraline.
- He presents with worsening confusion, lethargy, and disorientation.
- He has a low serum sodium (hyponatremia) and an elevated serum antidiuretic hormone (ADH) concentration.
- He also had a generalized, tonic-clonic seizure.

The patient's symptoms, along with the lab findings of hyponatremia and elevated ADH, suggest the diagnosis of Syndrome of Inappropriate Antidiuretic Hormone secretion (SIADH) or a similar condition causing euvolemic hyponatremia. In SIADH, the body secretes too much ADH, leading to water retention and dilutional hyponatremia.

Now, let's analyze the options in the context of SIADH:
A: ↑ normal normal - This would not be typical for SIADH because we would expect the serum osmolality to be low due to the dilutional effect of water retention.
B: ↓ ↓ ↓ - This option suggests low serum osmolality, low urine sodium, and low serum aldosterone. This is consistent with SIADH, as aldosterone is typically low due to the body's response to the hyponatremia and the fact that ADH also inhibits aldosterone secretion.
C: ↑ ↓ normal - This would not be typical for SIADH because, although urine sodium might be low due to ADH effects, serum osmolality would be expected to be low, not normal.
D: ↓ ↑ ↑ - This option suggests low serum osmolality and high urine sodium and aldosterone, which is not consistent with SIADH, as aldosterone would typically be low.
E: ↓ ↑ ↓ - This option suggests low serum osmolality and high urine sodium, but normal serum aldosterone, which is not consistent with SIADH, as aldosterone would typically be low.

Given the patient's presentation and the likely diagnosis of SIADH, the most consistent set of additional laboratory findings would be low serum osmolality, low urine sodium (due to ADH effects), and low serum aldosterone (due to the body's response to hyponatremia and the inhibitory effect of ADH on aldosterone secretion).

Therefore, the answer is (B) ↓ ↓ ↓.","This trial demonstrates the efficacy and apparent safety of two strategies to correct hyponatremia. Hospitals can use this data to develop their own protocols to manage these patients. Although this is a negative trial, it does give us a lot of important data to guide our care.  
**What Do I Tell My Patient?**
We are going to give you a dose of salty water in your cannula (IV) over 20 minutes. It should fix the salt imbalance in your blood. We will monitor you closely and give you another dose if needed. We hope to relieve your symptoms as soon as we can safely.",sgem-326.md,13.360809326171875,13.360809326171875,"What condition is characterized by confusion, lethargy, and seizures due to hyponatremia?
What is the mechanism of hyponatremia in this patient?
What additional laboratory findings are consistent with the syndrome of inappropriate antidiuretic hormone secretion (SIADH)?"
"A 45-year-old man arrives by ambulance to the emergency room after being involved in a very severe construction accident. The patient was found unconscious with a large metal spike protruding from his abdomen by a coworker who was unable to estimate the amount of time the patient went without medical aid. Upon arrival to the ER, the patient was unconscious and unresponsive. His vital signs are BP: 80/40, HR: 120 bpm, RR: 25 bpm, Temperature: 97.1 degrees, and SPO2: 99%.He is taken to the operating room to remove the foreign body and control the bleeding. Although both objectives were accomplished, the patient had an acute drop in his blood pressure during the surgery at which time ST elevations were noted in multiple leads. This resolved with adequate fluid resuscitation and numerous blood transfusions. The patient remained sedated after surgery and continued to have relatively stable vital signs until his third day in the intensive care unit, when he experiences an oxygen desaturation of 85% despite being on a respirator with 100% oxygen at 15 breaths/minute. On auscultation air entry is present bilaterally with the presence of crackles. A 2/6 systolic murmur is heard. Readings from a Swan-Ganz catheter display the following: central venous pressure (CVP): 4 mmHg, right ventricular pressure (RVP) 20/5 mmHg, pulmonary artery pressure (PAP): 20/5 mmHg. Pulmonary capillary wedge pressure (PCWP): 5 mm Hg. A chest x-ray is shown as Image A. The patient dies soon after this episode. What is the most likely direct cause of his death?

Options:
A: Diffuse alveolar damage
B: Ventricular septal defect
C: Myocardial free wall rupture
D: Papillary muscle rupture
E: Myocardial reinfarction",A,D,False,"The patient was involved in a severe accident and sustained a traumatic injury with a large metal spike protruding from his abdomen. He underwent surgery to remove the foreign body and control the bleeding. Postoperatively, the patient experienced an acute drop in blood pressure and ST elevations in multiple leads, which resolved with fluid resuscitation and blood transfusions. On the third day in the ICU, the patient experienced oxygen desaturation to 85% despite being on a respirator with 100% oxygen, indicating a severe problem with oxygenation. Auscultation revealed crackles in the lungs and a 2/6 systolic murmur. The Swan-Ganz catheter readings showed low CVP, normal RVP, low PAP, and low PCWP, which suggests a problem with the heart's ability to pump blood effectively.

The presence of crackles on auscultation and the low oxygen saturation despite high oxygen delivery suggest acute respiratory distress and difficulty with gas exchange, likely due to acute lung injury or acute respiratory distress syndrome (ARDS). The systolic murmur could indicate a valvular issue or structural damage to the heart. However, the most concerning findings are the low CVP and low PCWP, which suggest a severely compromised cardiac output, likely due to a direct injury to the heart.

Given the options provided:

A: Diffuse alveolar damage is consistent with ARDS, which could explain the oxygen desaturation and crackles on auscultation. However, this is not typically a direct cause of death.

B: Ventricular septal defect could be a result of the trauma, leading to a murmur and potential for heart failure. However, this would not typically cause an acute drop in blood pressure and is less likely to be the direct cause of death in this context.

C: Myocardial free wall rupture is a catastrophic event that can occur after a myocardial infarction, leading to cardiac tamponade and sudden hemodynamic collapse. However, there is no mention of a previous myocardial infarction, and the patient's presentation is not typical for this condition.

D: Papillary muscle rupture can lead to severe mitral regurgitation, causing acute heart failure and low cardiac output, which is consistent with the low CVP and PCWP readings. This could be a direct result of the trauma and acute surgery the patient underwent.

E: Myocardial reinfarction could cause an acute drop in blood pressure and ST elevations, but without a history of heart disease or evidence of a previous myocardial infarction, this is less likely to be the direct cause of death.

Considering the patient's presentation and the Swan-Ganz catheter readings, the most likely direct cause of death is acute heart failure due to structural damage to the heart, such as papillary muscle rupture, which would lead to severe mitral regurgitation and low cardiac output. Therefore, the answer is (D) Papillary muscle rupture.",,,0.0,0.0,"What is the most likely cause of the patient's initial hypotension and tachycardia?
What is the most likely cause of the patient's third-day oxygen desaturation and crackles on auscultation?
What is the most likely cause of the patient's death?"
"A 13-year-old boy is brought to the emergency department by his mother because of a 6-hour history of severe eye pain and blurry vision. He wears soft contact lenses and has not removed them for 2 days. Ophthalmologic examination shows a deep corneal ulcer, severe conjunctival injection, and purulent discharge on the right. Treatment with topical ciprofloxacin is initiated. A culture of the ocular discharge is most likely to show which of the following?

Options:
A: Gram-negative, non-maltose fermenting diplococci
B: Gram-positive, bacitracin-sensitive cocci
C: Gram-negative, lactose-fermenting bacilli
D: Gram-negative, oxidase-positive bacilli
E: Gram-positive, optochin-sensitive diplococci
""",D,D,True,"The patient is a 13-year-old boy with a history of severe eye pain, blurry vision, and poor contact lens hygiene. The ophthalmologic examination reveals a deep corneal ulcer, severe conjunctival injection, and purulent discharge. These symptoms are suggestive of a bacterial keratitis, which is an infection of the cornea.

Contact lens wearers are at increased risk for corneal ulcers caused by various bacteria. The most common pathogens associated with contact lens-related keratitis include Pseudomonas aeruginosa and Staphylococcus aureus. Pseudomonas aeruginosa is a Gram-negative, oxidase-positive bacillus, which is consistent with option (D). Staphylococcus aureus is a Gram-positive, coagulase-positive cocci, which is not listed as an option here.

Gram-negative, non-maltose fermenting diplococci (option A) could refer to Neisseria gonorrhoeae, which is not typically associated with contact lens-related infections. Gram-positive, bacitracin-sensitive cocci (option B) would likely refer to Streptococcus species, which are less commonly associated with severe corneal ulcers in contact lens wearers. Gram-negative, lactose-fermenting bacilli (option C) could refer to Escherichia coli, which is also not typically associated with this condition. Gram-positive, optochin-sensitive diplococci (option E) would refer to Streptococcus pneumoniae, which is not commonly associated with contact lens-related infections.

Given the clinical scenario and the common pathogens associated with contact lens-related keratitis, the most likely organism is Pseudomonas aeruginosa. Therefore, the answer is (D) Gram-negative, oxidase-positive bacilli.",,,0.0,0.0,"What is the most common cause of bacterial keratitis in contact lens wearers?
What organism is typically associated with bacterial keratitis in contact lens wearers?
What is the most common cause of bacterial keratitis in non-contact lens wearers?
What organism is typically associated with bacterial keratitis in non-contact lens wearers?
What is the most common cause of bacterial keratitis in pediatric patients?
What organism is typically associated with bacterial keratitis in pediatric patients?
What is the most common cause of bacterial keratitis in elderly patients?
What organism is typically associated with bacterial keratitis in elderly patients?
What is the most common cause of bacterial keratitis in immunocompromised patients?
What organism is typically associated with bacterial keratitis in immunocompromised patients?"
"A 62-year-old man presents to the emergency department with shortness of breath. The patient says he feels as if he is unable to take a deep breath. The patient has a past medical history of COPD and a 44-pack-year smoking history. The patient has been admitted before for a similar presentation. His temperature is 98.7°F (37.1°C), blood pressure is 177/118 mmHg, pulse is 123/min, respirations are 33/min, and oxygen saturation is 80% on room air. The patient is started on 100% oxygen, albuterol, ipratropium, magnesium, and prednisone. The patient claims he is still short of breath. Physical exam reveals bilateral wheezes and poor air movement. His oxygen saturation is 80%. Which of the following is the best next step in management?

Options:
A: BiPAP
B: Chest radiograph
C: Chest tube placement
D: Intubation
E: Needle decompression",A,D,False,"The patient presents with shortness of breath, a history of COPD, and a significant smoking history. The vital signs show tachycardia (pulse 123/min), tachypnea (respirations 33/min), and hypoxemia (oxygen saturation 80% on room air). Despite aggressive treatment with oxygen and bronchodilators, the patient remains short of breath and has poor air movement on physical exam. This suggests that the patient is in acute respiratory failure, likely exacerbation of COPD.

The options provided are:
A: BiPAP
B: Chest radiograph
C: Chest tube placement
D: Intubation
E: Needle decompression

BiPAP (A) is a form of noninvasive ventilation that can be beneficial in COPD exacerbations. However, given the patient's acute presentation and ongoing hypoxemia despite medical therapy, more aggressive intervention may be required.

A chest radiograph (B) could provide information on other causes of respiratory failure, such as pneumonia or pneumothorax, but it would not be the immediate next step given the patient's acute distress and the need for rapid intervention.

Chest tube placement (C) is indicated for pneumothorax or pleural effusion, but there is no current evidence from the scenario that suggests this is the case.

Intubation (D) is indicated for patients who are in respiratory failure and not responding to noninvasive ventilation or other medical therapies. Given the patient's ongoing hypoxemia and respiratory distress, intubation would provide the most immediate means of securing the airway and improving oxygenation.

Needle decompression (E) is indicated for tension pneumothorax, which is not suggested by the information provided.

Therefore, the best next step in management for this patient, who is in acute respiratory failure and not responding to medical therapy, is to secure the airway and provide better oxygenation through mechanical ventilation.

Therefore, the answer is (D) Intubation.","The document provides a comprehensive overview of mechanical ventilation and noninvasive ventilatory support, emphasizing the importance of appropriate patient selection and management strategies. It discusses the use of BiPAP and CPAP, noting no significant outcome differences between them, and recommends initial settings of 10 cmH2O inspiratory and 5 cmH2O expiratory pressure for noninvasive positive pressure ventilation (NPPV). The document differentiates between pressure-controlled and volume-controlled ventilation, highlighting their respective clinical applications and potential complications, such as barotrauma and high lung pressures. It underscores the need for dynamic management of invasive mechanical ventilation, including regular blood gas analysis and monitoring for adverse hemodynamic effects. The Richmond Agitation Sedation Scale (RASS) is recommended for managing sedation in mechanically ventilated patients, with a target score of -2 to 0 to avoid over or under sedation. The document also
---
You decide that, based on this specific patient’s presentation, the increased positive pressure afforded by NIV is more likely to be beneficial and request that respiratory therapy initiate BiPAP for pre-oxygenation.
---
3. Noninvasive ventilatory support is often adequate for reversal of impending respiratory failure and should be considered as the first-line therapy for patients with exacerbations of chronic obstructive pulmonary disease and acute cardiogenic pulmonary edema in whom immediate intubation is not required. When non-invasive ventilation is attempted for patients with pneumonia, it should be abandoned in favor of intubation with mechanical positive-pressure ventilation unless the patient is clearly improving. Prolonged use of non-invasive ventilation that ultimately fails is associated with worse outcomes for patients than when intubation is undertaken earlier.
---
4. Invasive mechanical ventilation is not without consequence and requires dynamic, ongoing management. After intubation, blood gas analysis should be performed to confirm appropriate ventilation and provide correlation with noninvasive monitoring of oxyhemoglobin saturation and end-tidal carbon dioxide. In addition, positive pressure can have adverse hemodynamic consequences. Elevated lung pressures can be deleterious and plateau pressure should be maintained below 30 cm water whenever possible, but adjusting ventilator settings. Progressive elevation in ventilation pressures prompts consideration of ventilator circuit obstruction, obstruction at any point of the airway, increased bronchospasm, mainstem intubation, tension pneumothorax or hemothorax, increased chest wall resistance (from a constricting device or intrinsic chest wall) or rigidity (as from high doses of fentanyl). Suddenly reduced ventilation pressures are often accompanied by increasing hypoxemia and indicate ventilator circuit leak or",cc-193.md | sgem-477.md,15.691802978515625,14.824185848236084,"What is the best next step in management for a COPD patient with acute exacerbation and respiratory failure?
What are the indications for noninvasive positive pressure ventilation (BiPAP)?
When is invasive mechanical ventilation (intubation) indicated?"
"A 76-year-old man is brought to the physician by his wife because of low back pain and weakness for the past 4 weeks. He says that the pain is sharp, radiates to his left side, and has a burning quality. He has had a cough occasionally productive of blood-streaked sputum for the past 2 months. He has had 3.2-kg (7.0-lb) weight loss in that time. He is now unable to walk without assistance and has had constipation and difficulty urinating for the past 2 weeks. He has hypertension treated with enalapril. He has smoked 1 pack of cigarettes daily for 60 years. His temperature is 37°C (98.6°F), pulse is 75/min, and blood pressure is 150/80 mm Hg. He is oriented to person, place, and time. Neurologic examination shows 3/5 strength of the lower extremities. Deep tendon reflexes are hyperreflexive. Babinski sign is present bilaterally. Sensory examination shows decreased sensation to pinprick below the T4 dermatome. He is unable to lie recumbent due to severe pain. An x-ray of the chest shows multiple round opacities of varying sizes in both lungs. Which of the following is the most appropriate next step in the management of this patient?

Options:
A: Radiation therapy
B: Intravenous dexamethasone therapy
C: Intravenous acyclovir therapy
D: Intravenous ceftriaxone and azithromycin therapy
E: Oral ibuprofen therapy
""",B,B,True,"The patient is a 76-year-old man presenting with low back pain, weakness, sharp and radiating pain with a burning quality, cough with blood-streaked sputum, weight loss, inability to walk without assistance, constipation, difficulty urinating, and a history of hypertension treated with enalapril. He has a significant smoking history. His vital signs are relatively stable, and his neurologic examination reveals decreased strength in the lower extremities, hyperreflexive deep tendon reflexes, a positive Babinski sign, and decreased sensation to pinprick below the T4 dermatome. The chest x-ray shows multiple round opacities of varying sizes in both lungs.

The combination of the patient's symptoms, including neurological deficits, weight loss, and the presence of multiple round opacities in the lungs on x-ray, suggests a possible diagnosis of metastatic cancer, likely from the lung given his smoking history. The presence of blood-streaked sputum and weight loss further supports this. The next step in management should focus on addressing the underlying cause, which is likely malignancy.

Option A (Radiation therapy) could be considered for treatment of metastatic cancer, but it is not the immediate next step before a definitive diagnosis is made.

Option B (Intravenous dexamethasone therapy) is a corticosteroid used to reduce inflammation and could be used to treat spinal cord compression, which is a possible complication of metastatic cancer to the spine. Given the patient's neurological symptoms and the presence of spinal cord compression, this would be an appropriate immediate treatment to reduce symptoms and prevent further damage.

Option C (Intravenous acyclovir therapy) is an antiviral medication used to treat infections such as herpes simplex virus and varicella-zoster virus. There is no indication from the information provided that the patient has a viral infection.

Option D (Intravenous ceftriaxone and azithromycin therapy) is used to treat bacterial infections, such as community-acquired pneumonia. While the patient does have lung opacities, the clinical picture is more suggestive of malignancy than an infectious process.

Option E (Oral ibuprofen therapy) is a nonsteroidal anti-inflammatory drug (NSAID) used for pain relief. While it may help with the patient's pain, it does not address the underlying cause and is not the most appropriate next step.

Given the clinical presentation and the need for urgent treatment of potential spinal cord compression, the most appropriate next step in management is to administer a corticosteroid to reduce inflammation and pressure on the spinal cord.

Therefore, the answer is (B) Intravenous dexamethasone therapy.",,,0.0,0.0,"What is the most likely diagnosis for this patient?
What is the initial management for this condition?
Which additional test is needed to confirm the diagnosis?"
"Twelve hours after admission to the hospital because of a high-grade fever for 3 days, a 15-year-old boy has shortness of breath. During this period, he has had generalized malaise and a cough productive of moderate amounts of green sputum. For the past 10 days, he has had fever, a sore throat, and generalized aches; these symptoms initially improved, but worsened again over the past 5 days. His temperature is 38.7°C (101.7°F), pulse is 109/min, respirations are 27/min, and blood pressure is 100/70 mm Hg. Pulse oximetry on room air shows an oxygen saturation of 93%. There are decreased breath sounds and crackles heard over the upper right lung field. His hemoglobin concentration is 13.3 g/dL, leukocyte count is 15,000/mm3, and platelet count is 289,000/mm3. An x-ray of the chest shows a right upper-lobe infiltrate. Which of the following is the most likely cause of this patient's symptoms?

Options:
A: Streptococcus pneumoniae
B: Mycoplasma pneumoniae
C: Staphylococcus aureus
D: Chlamydophila pneumoniae
E: Haemophilus influenzae",A,A,True,"The patient is presenting with symptoms of high-grade fever, shortness of breath, cough productive of green sputum, generalized malaise, and a history of fever, sore throat, and generalized aches that initially improved but then worsened. These symptoms, along with the physical examination findings of decreased breath sounds and crackles over the upper right lung field, and the radiological finding of a right upper-lobe infiltrate on chest x-ray, are suggestive of pneumonia.

The most common causes of community-acquired pneumonia (CAP) in otherwise healthy children and adolescents are Streptococcus pneumoniae and Mycoplasma pneumoniae. Staphylococcus aureus is a less common cause of CAP but is more likely to be associated with post-viral infections or in patients with underlying structural lung disease. Chlamydophila pneumoniae is also a cause of pneumonia but is less likely to present acutely and is more associated with ""walking pneumonia"" in young adults. Haemophilus influenzae is a cause of exacerbations in chronic obstructive pulmonary disease (COPD) and is less common in otherwise healthy children and adolescents.

Given the acute presentation and the age of the patient, the most likely pathogens are Streptococcus pneumoniae and Mycoplasma pneumoniae. Streptococcus pneumoniae typically presents with a more severe illness, which may be consistent with the patient's symptoms and the presence of lobar infiltrates on the chest x-ray. Mycoplasma pneumoniae is more often associated with a more indolent course and may present with a more gradual onset of symptoms and potentially a more diffuse interstitial pattern on chest x-ray.

Considering the clinical presentation and the age group, the most likely cause of this patient's symptoms is Streptococcus pneumoniae. Therefore, the answer is (A) Streptococcus pneumoniae.","What is the accuracy of individual signs and symptoms for diagnosing community acquired pneumonia?
---
The document provides a comprehensive overview of HIV/AIDS, emphasizing the importance of considering acute HIV infection in patients with mononucleosis-like symptoms and risk factors. It highlights the progression of HIV to AIDS, defined by a CD4+ count below 200 cells/µL or the presence of an AIDS-defining condition, and the increased risk of opportunistic infections as CD4+ counts decline. Key diagnostic tests include CD4 counts, viral load, and serology, with specific attention to the dynamic nature of assay reactivity in acute HIV infection. Management of HIV involves antiretroviral therapy (ART), with prophylaxis for opportunistic infections based on CD4+ counts. The document also outlines the presentation and treatment of Pneumocystis jiroveci pneumonia (PCP), a common respiratory infection in HIV patients, and provides an approach to diagnosing and managing CNS infections in AIDS. Additionally, it discusses the risk stratification of healthcare and non-healthcare associated HIV exposures, and the",cc-132.md | sgem-298.md,15.577653884887695,14.19428793589274,"What is the most common cause of pneumonia in previously healthy children and adolescents?
What is the most common cause of pneumonia in adults?
What is the most common cause of pneumonia in patients with underlying structural lung disease?
What is the most common cause of pneumonia in patients with HIV/AIDS?
What is the most common cause of pneumonia in patients with community-acquired methicillin-resistant Staphylococcus aureus (MRSA) bacteremia?
What is the most common cause of pneumonia in patients with healthcare-associated MRSA bacteremia?
What is the most common cause of pneumonia in patients with aspiration pneumonia?
What is the most common cause of pneumonia in patients with tuberculosis?
What is the most common cause of pneumonia in patients with rheumatic fever?
What is the most common cause of pneumonia in patients with bronchiectasis?
What is the most common cause of pneumonia in patients with cystic fibrosis?
What is the most common cause of pneumonia in patients with bronchiolitis obliterans organizing pneumonia (BOOP)?
What is the most common cause of pneumonia in patients with hypersensitivity pneumonitis?
What is the most common cause of pneumonia in patients with sarcoidosis?
What is the most common cause of pneumonia in patients with rheumatoid arthritis?
What is the most common cause of pneumonia in patients with systemic lupus erythematosus (SLE)?
What is the most common cause of pneumonia in patients with Goodpasture syndrome?
What is the most common cause of pneumonia in patients with mixed connective tissue disease (MCTD)?
What is the most common cause of pneumonia in patients with dermatomyositis?
What is the most common cause of pneumonia in patients with polymyositis?
What is the most common cause of pneumonia in patients with giant cell arteritis?
What is the most common cause of pneumonia in patients with temporal arteritis?
What is the most common cause of pneumonia in patients with Raynaud phenomenon?
What is the most common cause of pneumonia in patients with systemic sclerosis?
What is the most common cause of pneumonia in patients with CREST syndrome?
What is the most common cause of pneumonia in patients with scleroderma?
What is the most common cause of pneumonia in patients with polymyalgia rheumatica?
What is the most common cause of pneumonia in patients with giant cell arteritis?
What is the most common cause of pneumonia in patients with polymyositis?
What is the most common cause of pneumonia in patients with dermatomyositis?
What is the most common cause of pneumonia in patients with giant cell arteritis?
What is the most common cause of pneumonia in patients with temporal arteritis?
What is the most common cause of pneumonia in patients with Raynaud phenomenon?
What is the most common cause of pneumonia in patients with systemic sclerosis?
What is the most common cause of pneumonia in patients with CREST syndrome?
What is the most common cause of pneumonia in patients with scleroderma?
What is the most common cause of pneumonia in patients with polymyalgia rheumatica?
What is the most common cause of pneumonia in patients with giant cell arteritis?
What is the most common cause of pneumonia in patients with polymyalgia rheumatica?
What is the most common cause of pneumonia in patients with giant cell arteritis?
What is the most common cause of"
"An 8-year-old girl presents to the emergency department with respiratory distress, facial edema, and a skin rash after eating a buffet dinner with her family. She was born at 39 weeks via spontaneous vaginal delivery, has met all developmental milestones and is fully vaccinated. Past medical history is significant for mild allergies to pet dander and ragweed, as well as a severe peanut allergy. She also has asthma. She normally carries both an emergency inhaler and EpiPen but forgot them today. Family history is noncontributory. The vital signs include: blood pressure 112/87 mm Hg, heart rate 111/min, respiratory rate 25/min, and temperature 37.2°C (99.0°F). On physical examination, the patient has severe edema over her face and an audible stridor in both lungs. Of the following options, which is the most appropriate next step in the management of this patient?

Options:
A: IM epinephrine
B: oral diphenhydramine
C: IV epinephrine
D: extra-strength topical diphenhydramine
E: inhaled sodium cromolyn - mast cell stabilizer",A,A,True,"The patient is an 8-year-old girl with a history of severe peanut allergy and asthma who presents with respiratory distress, facial edema, and a skin rash after eating. These symptoms are consistent with anaphylaxis, which is a severe, potentially life-threatening allergic reaction that can occur rapidly. The fact that she forgot her emergency inhaler and EpiPen, which are critical for managing such a reaction, further supports this diagnosis.

The vital signs show tachycardia (heart rate of 111/min) and tachypnea (respiratory rate of 25/min), which are signs of systemic involvement and distress. The presence of severe edema over her face and audible stridor indicates upper airway obstruction, which is a medical emergency.

Given the clinical presentation and the history of severe allergy, the most appropriate next step in management is to administer epinephrine, which is the first-line treatment for anaphylaxis. Since the patient is not responding to oral medications due to the severity of her symptoms and the presence of airway obstruction, intramuscular (IM) administration is preferred over oral diphenhydramine. IV epinephrine is typically reserved for patients who are not responding to IM epinephrine or those in cardiac arrest. Inhaled sodium cromolyn is not appropriate in this acute setting, and extra-strength topical diphenhydramine would not address the systemic reaction.

Therefore, the answer is (A) IM epinephrine.",,,0.0,0.0,"What is the most likely diagnosis for this patient?
What is the initial management for this condition?
Which medication is the first-line treatment for this condition?
What is the preferred route of administration for this medication?
Which medication is used for maintenance therapy in this condition?"
"A 35-year-old man presents to the emergency room due to shortness of breath that started an hour ago while playing football with some friends. He has had similar episodes in the past when he also had to be rushed to the hospital. Physical examination shows body temperature is 37.2°C (98.9°F), pulse rate is 100/min, respiratory rate is 28/min and blood pressure is 110/60 mm Hg. Also, it shows decreased breath sounds on both sides, the peak expiratory flow rate is 200 L/min and SpO2 is 89% on room air. The man is given an initial treatment with nebulization using an inhaled short-acting β-agonist. An arterial blood gas analysis shows the following:
pH 7.48
PaO2 59 mm Hg
PaCO2 26 mm Hg
HCO3- 26 mEq/L
After administering oxygen by mask, the man’s PaO2 increases to 75 mm Hg. Which of the following is the most likely cause of this patient’s condition?

Options:
A: Asthma attack
B: Carbon monoxide (CO) poisoning
C: Atelectasis
D: Neuromuscular disease
E: Acute respiratory distress syndrome (ARDS)",A,A,True,"First, let's summarize the available information:
- The patient is a 35-year-old man with recurrent episodes of shortness of breath.
- He is currently experiencing shortness of breath while playing football.
- His physical examination shows decreased breath sounds on both sides, a peak expiratory flow rate of 200 L/min, and an SpO2 of 89% on room air.
- He was treated with a nebulized short-acting β-agonist.
- Arterial blood gas analysis shows:
  - pH: 7.48 (indicating alkalosis)
  - PaO2: 59 mm Hg (hypoxemia)
  - PaCO2: 26 mm Hg (normal)
  - HCO3-: 26 mEq/L (normal)
- After oxygen therapy, PaO2 increased to 75 mm Hg.

Now, let's analyze the options:

A: Asthma attack - Asthma can cause shortness of breath and would typically present with a normal anion gap metabolic acidosis due to respiratory efforts, but the blood gas analysis does not support this, as the pH is already normal.

B: Carbon monoxide (CO) poisoning - CO poisoning can cause hypoxemia, but it would not typically cause shortness of breath during exertion or recurrent episodes. Also, the blood gas analysis does not indicate CO poisoning.

C: Atelectasis - Atelectasis can cause hypoxemia and shortness of breath but is less likely to cause recurrent episodes or respond to β-agonists.

D: Neuromuscular disease - Neuromuscular diseases can cause respiratory muscle weakness leading to hypoventilation and CO2 retention, but the normal PaCO2 and the rapid improvement with oxygen therapy make this less likely.

E: Acute respiratory distress syndrome (ARDS) - ARDS can cause severe hypoxemia and shortness of breath, but it is usually associated with a history of severe illness or trauma and would not typically present with normal pH and PaCO2.

Given the information, the most likely cause of this patient's condition is an asthma attack, as it can present with recurrent episodes of shortness of breath, respond to β-agonists, and the blood gas analysis does not indicate a primary respiratory acidosis or alkalosis. The patient's improvement with oxygen therapy also supports a diagnosis that involves reversible airway constriction.

Therefore, the answer is (A) Asthma attack.","Patients with an acute severe metabolic acidosis rely on a robust respiratory compensation; in these cases, the adequacy of the ventilatory response should be assessed and augmented, with non-invasive or invasive ventilation, if needed.  
- The strong ion difference = ([Na+ + K+] − [Cl−]). When significantly less than 40, an acidosis is present.
- The delta gap (ΔG) = (AG − 12) − (24 − [HCO3−]). Its calculation determines if the anion gap is accounted for by the change in serum bicarbonate concentration. An elevated anion gap and ΔG more than 6 indicates that a metabolic alkalosis in addition to a metabolic acidosis is likely to be present.
- Patients who have a chronic respiratory acidosis (e.g., in chronic obstructive pulmonary disease) are at risk for dangerous alkalemia if they are ventilated with routine parameters. Blood gas analysis in these cases should be performed frequently and settings titrated to the serum pH.",cc-124.md,13.900100708007812,13.339947700500488,"What is the most likely cause of this patient's recurrent shortness of breath episodes?
What is the most likely cause of this patient's respiratory acidosis?
What is the most likely cause of this patient's hypoxemia?
What is the most likely cause of this patient's hypercapnia?
What is the most likely cause of this patient's respiratory alkalosis?"
"A 48-year-old homeless male is brought to the emergency department, by the police, for altered mental status. Past medical records are unavailable. A physical exam on admission reveals scleral icterus and a flapping tremor of the wrists during extension. The patient is admitted to the hospital and his treatment is started after appropriate investigation. The next morning on rounds, he complains of eleven episodes of diarrhea and near-constant flatulence overnight. His mental status has improved and his hand tremor has resolved. Which of the following medications did this patient most likely receive after admission?

Options:
A: Thiamine
B: Lactulose
C: Naloxone
D: Loperamide
E: Rifaximin",B,B,True,"The patient presented with altered mental status, scleral icterus, and a flapping tremor of the wrists, which are signs consistent with Wernicke's encephalopathy, a condition often seen in individuals with alcohol use disorder. Wernicke's encephalopathy is caused by a deficiency of thiamine (vitamin B1). The treatment for Wernicke's encephalopathy is thiamine replacement.

The improvement in the patient's mental status and resolution of the hand tremor after admission suggests that the treatment he received was effective. Given that he was also experiencing diarrhea and flatulence, it is possible that he was given a medication to help with these gastrointestinal symptoms.

Among the options provided:

A: Thiamine is the correct treatment for Wernicke's encephalopathy, but it would not typically cause diarrhea and flatulence.
B: Lactulose is a medication used to treat constipation and hepatic encephalopathy, and it can cause diarrhea.
C: Naloxone is an opioid antagonist and would not be indicated in this scenario.
D: Loperamide is an anti-diarrheal medication, which would not typically cause diarrhea.
E: Rifaximin is an antibiotic that is sometimes used to reduce the recurrence of hepatic encephalopathy, but it is not commonly associated with causing diarrhea.

Given that the patient's mental status improved and the hand tremor resolved, which indicates successful treatment of Wernicke's encephalopathy, and considering the new symptoms of diarrhea and flatulence, it is likely that the patient was given lactulose for the gastrointestinal symptoms. Lactulose can indeed cause diarrhea, which aligns with the patient's complaints.

Therefore, the answer is (B) Lactulose.",,,0.0,0.0,"What condition is characterized by altered mental status, scleral icterus, and a flapping tremor of the wrists?
What treatment is indicated for this condition?
Which medication can cause diarrhea and flatulence as side effects?"
"A 67-year-old man is brought to the emergency department with sudden onset of slurred speech. The patient’s eldest daughter says that he couldn’t move his arm during the episode. Past medical history is significant for hypertension and a hemorrhagic stroke 6 years ago, which was treated surgically. After admission, the patient gets increasingly worse and loses consciousness. A noncontrast CT of the head shows a subarachnoid hemorrhage (SAH). The patient is taken to the operating room, where the SAH evacuated, and the vessel is repaired. Postoperatively, the patient is unresponsive. Several days later, a repeat CT of the head shows an enlarging aneurysm in a different vessel in the brain. The patient’s daughter is asked to consent to a non-emergent, life-saving operation since the patient is in a comatose state. She does not consent to the operation even though the physician stresses it would be life-saving. Upon further discussion, the physician finds out that the patient was abusive and neglectful to his children, and the daughter wants “to live in peace.” The patient has no written advanced directive. Which of the following is the most appropriate course of action?

Options:
A: Follow the daughter’s wishes to withhold the operation
B: Refer this case to the court
C: Contact another family member for consent
D: Perform the surgery without consent
E: Report the daughter to the police",C,B,False,"The patient is in a comatose state and unable to provide consent for medical procedures. The daughter, who is the legal surrogate decision-maker in the absence of an advanced directive, is refusing to consent to a life-saving operation. The physician has stressed that the operation is life-saving, which implies that the patient's life is in danger without it. 

In such a situation, the physician must consider the best interest of the patient. The patient's history of abuse and neglect may influence the daughter's decision, but it does not negate the physician's duty to act in the patient's best interest. Since the patient is in a comatose state and there is no advanced directive, the physician cannot ethically perform the surgery without consent, as this would be coercive and against the patient's autonomy. Reporting the daughter to the police is not appropriate as this does not address the immediate medical concern for the patient.

Referring the case to the court (option B) is the most appropriate course of action when there is a dispute about the management of a patient who is incapacitated and there is no advanced directive. The court can then weigh the options and make a decision that is in the best interest of the patient, potentially overriding the daughter's wishes if it is determined that the operation is indeed life-saving and in the patient's best interest.

Therefore, the answer is (B) Refer this case to the court.",,,0.0,0.0,"What are the ethical principles that guide medical decision-making when a patient is incapacitated and there is no advanced directive?
What is the role of family members in medical decision-making for an incapacitated patient without an advanced directive?
What are the legal options when a patient's family refuses life-saving treatment for an incapacitated patient?"
"A 56-year-old man is brought to the emergency room after a motor vehicle accident. The patient’s vitals are as follows: blood pressure 80/40 mm Hg, heart rate 111/min, respiratory rate 39/min, and temperature 37.1°C (98.8℉). On physical examination, the patient is unconscious with a GCS of 9/15 and is cyanotic. There are open fractures of the left femur and left tibia, a likely shoulder dislocation, multiple contusions on the limbs and thorax, and a puncture wound on the left side of his chest. There are no breath sounds on the left side and there is hyperresonance to percussion on the left. Preparations are made for an emergency needle thoracostomy to be performed to treat this patient’s likely tension pneumothorax. Which one of the following is the best choice to provide informed consent for this procedure?

Options:
A: The patient’s closest relatives (spouse, child or parent), who must be brought to the hospital as fast as possible
B: One of the witnesses at the scene of the car accident, who should be brought to the hospital as fast as possible
C: The hospital ethics committee
D: Informed consent is not needed in this case
E: The hospital lawyer should immediately give temporary medical power of attorney to a member of the hospital ethics committee who will make all the medical decisions for the patient only until the patient is conscious again.",D,D,True,"First, let's summarize the available information:
- The patient is a 56-year-old man involved in a motor vehicle accident.
- His vitals indicate hypotension, tachycardia, tachypnea, and normal temperature.
- The patient is unconscious with a Glasgow Coma Scale (GCS) of 9/15 and is cyanotic.
- There are multiple injuries including open fractures, a shoulder dislocation, contusions, and a puncture wound indicating possible underlying injuries.
- There is evidence of a tension pneumothorax on the left side, for which an emergency needle thoracostomy is indicated.

Given the urgency of the situation and the life-threatening condition of tension pneumothorax, immediate treatment is necessary. In emergency situations where the patient is unable to provide consent and there is no time to reach family members, medical professionals are ethically and legally permitted to perform life-saving procedures under the doctrine of implied consent. This means that option A, B, C, and E are not applicable as they all require time-consuming processes that are not feasible in an emergency. Option D, informed consent is not needed in this case, is the correct choice because the physician is legally allowed to perform necessary procedures without consent in emergency situations where the patient is incapacitated and unable to provide consent.

Therefore, the answer is (D) Informed consent is not needed in this case.","Age of consent — The legal age of majority has become largely irrelevant in determining when a young person may consent to his or her medical treatment. The concept of maturity has replaced chronological age, except in Québec, where the age of consent is 14 years and older. How does a physician determine whether or not a child has the capacity to consent? By discussing with the child, the physician should be reasonably confident that the child understands the nature of the proposed treatment and its anticipated effect. The child should also understand the consequences of refusing treatment. One way to gauge this capacity is to use the teach-back technique: ask the child to re-phrase what they have just been told and invite the child to ask questions. More complex medical situations may require more rigour in determining whether the child understands. It is prudent for physicians to also encourage the child to invite a family member to attend the discussion.”
---
**Consent**  
Much of the legality around pediatric consent is region-specific; but Rosen’s includes a helpful discussion on the controversy around pediatric competence and consent:  
“If a condition that is threatening to life or health exists, treatment should be provided under the doctrine of implied consent. If an emergency medical condition is not suspected after a screening examination, non-emergent care should be delayed until guardian consent is obtained, unless the minor is legally able to consent for care.” – Rosen’s 9th ed  
The CMPA has a helpful article on the subject: [Can a child provide consent?](https://www.cmpa-acpm.ca/en/advice-publications/browse-articles/2014/can-a-child-provide-consent). Here are a few excerpts:",cc-166.md,13.344499588012695,13.224872589111328,"What is the legal definition of informed consent?
In an emergency situation where the patient is unconscious and unable to provide consent, who has the authority to give consent on behalf of the patient?
What are the ethical and legal considerations for obtaining consent in an emergency life-threatening situation?"
"A 95-year-old woman who is a resident at a long term care facility, got up from her chair, tripped on a rug, and fell on her right knee. She could not get up without assistance and complained of severe pain in her right hip and buttock. The nurse who evaluated her tried to stand her up, but when the patient tried to stand on her right leg, she dropped her left hip and lost her balance. The nurse then recognized that her patient had a foreshortened right leg fixed in the adducted position and a large swelling in her right buttock. At the receiving hospital, the patient was confused and, though she knew her name, she couldn’t remember the date and insists to leave the hospital immediately to see her family. Past medical history includes diabetes, congestive heart failure, and incontinence. She is currently taking metformin, lisinopril, hydrochlorothiazide, metoprolol, and oxybutynin. Physical exam confirmed the nurse’s findings. Radiographs proved the presence of a right posterior hip dislocation without fractures. What medication is most likely associated with this patient’s confusion?

Options:
A: Metformin
B: Oxybutynin
C: Metoprolol
D: Lisinopril
E: Hydrochlorothiazide",B,B,True,"The patient is a 95-year-old woman who has had a fall and is now presenting with confusion. Her past medical history includes diabetes, congestive heart failure, and incontinence. The medications she is taking include metformin (for diabetes), lisinopril (for heart failure), hydrochlorothiazide (for blood pressure control), metoprolol (also for blood pressure and heart rate control), oxybutynin (for incontinence), and she is also on a medication that is not listed but is likely an analgesic or muscle relaxant given for her hip dislocation.

Confusion in the elderly can be caused by a variety of factors, including medication side effects, infections, metabolic disturbances, or injury. In this case, we are looking for a medication that could be associated with confusion.

Metformin is primarily used for diabetes and does not typically cause confusion. Lisinopril is an ACE inhibitor used for heart failure and hypertension, and while it can cause dizziness or hypotension, it is not commonly associated with confusion. Hydrochlorothiazide is a diuretic that can cause electrolyte imbalances leading to confusion, but it is less likely to be the cause in this scenario.

Metoprolol is a beta-blocker used for hypertension and heart rate control, and while it can cause fatigue or dizziness, it is not typically associated with confusion.

Oxybutynin is an anticholinergic medication used for incontinence. Anticholinergic medications are known to cross the blood-brain barrier and can cause confusion, especially in the elderly due to their increased blood-brain barrier permeability and sensitivity to anticholinergic side effects.

Given the patient's age, the presence of anticholinergic side effects (such as confusion), and the medication list, oxybutynin is the most likely cause of her confusion.

Therefore, the answer is (B) Oxybutynin.",,,0.0,0.0,"What is the classic presentation of a hip dislocation?
What medications are associated with confusion in the elderly?
Which medication is known to cause confusion and cognitive impairment in the elderly?"
"A 21-year-old woman presents to the emergency room with right arm pain and limited range of motion. She does not recall trauma to the arm. She also complains of diarrhea and nausea. She is sexually active with one male partner and admits to having pain during intercourse. There is vague and diffuse tenderness to palpation in all four abdominal quadrants. No erythema or edema is noted on the right arm. The fecal occult test is negative. Past records show that this patient has been in the ER 7 times in the past year with similar symptoms. Which of the following is the most likely diagnosis?

Options:
A: Ulcerative colitis
B: Illness anxiety disorder
C: Somatization disorder
D: Somatoform pain disorder
E: Conversion disorder",C,C,True,"The patient is a 21-year-old woman who presents with right arm pain and limited range of motion without recall of trauma, diarrhea, nausea, and dyspareunia (pain during intercourse). She has vague and diffuse tenderness in all four abdominal quadrants, and a negative fecal occult blood test. Her past medical history is significant for multiple emergency room visits with similar symptoms.

Let's evaluate the options:

A: Ulcerative colitis typically presents with bloody diarrhea, which is not mentioned in the case. Additionally, the fecal occult blood test is negative, making this diagnosis less likely.

B: Illness anxiety disorder, formerly known as hypochondriasis, involves preoccupation with having a serious illness based on misinterpretation of bodily symptoms. This patient's presentation does not suggest a preoccupation with having a serious illness but rather a pattern of seeking medical attention without clear medical findings.

C: Somatization disorder is part of the somatic symptom and related disorders category and is characterized by multiple physical complaints that are not fully explained by a medical condition, substance use, or another mental disorder. This patient's history of multiple ER visits with various complaints could fit this pattern.

D: Somatoform pain disorder is characterized by pain that is not explained by a medical condition, substance use, or another mental disorder. The pain is not intentionally produced or feigned, and it results in significant distress or impairment. This diagnosis could be considered, but it does not account for the full range of symptoms, including gastrointestinal and sexual function.

E: Conversion disorder involves neurological symptoms incompatible with neurological pathways but not explained by another medical or mental disorder. The lack of neurological symptoms in this case makes this diagnosis less likely.

Given the information, the most likely diagnosis is somatization disorder, as it encompasses the variety of physical complaints over time that are not fully explained by a medical condition and do not seem to be intentionally produced or feigned.

Therefore, the answer is (C) Somatization disorder.",,,0.0,0.0,"What is the most likely diagnosis in a young woman with chronic, recurrent abdominal pain without an identifiable organic cause?
What is the most likely diagnosis in a young woman with chronic, recurrent somatic symptoms and multiple medical complaints without an identifiable organic cause?
What is the most likely diagnosis in a young woman with chronic, recurrent somatic symptoms, multiple medical complaints, and psychological stressors without an identifiable organic cause?"
"A 32-year-old woman comes to the emergency department because a 5-week history of abdominal pain and bloody diarrhea that has worsened in the past 24 hours. She was diagnosed with ulcerative colitis 1 year ago but has had difficulty complying with her drug regimen. Her temperature is 38.2°C (100.8°F), pulse is 120/min, and blood pressure is 92/56 mm Hg. Examination shows a distended, rigid abdomen and hypoactive bowel sounds. Fluid resuscitation is initiated. In addition to complete bowel rest, which of the following is the most appropriate next step in management of this patient?

Options:
A: Double-contrast barium enema
B: Abdominal CT scan with contrast
C: CT angiography
D: Abdominal x-ray
E: Colonoscopy",D,B,False,"The patient presents with a history of ulcerative colitis, abdominal pain, bloody diarrhea, fever, tachycardia, and hypotension, along with a distended, rigid abdomen and hypoactive bowel sounds. These symptoms are suggestive of a severe complication of ulcerative colitis, such as toxic megacolon or possible perforation.

A double-contrast barium enema (A) is not appropriate in this setting because it can exacerbate the condition if there is a perforation or severe distension.

An abdominal CT scan with contrast (B) is a good choice for evaluating the severity of colitis, identifying complications such as toxic megacolon or perforation, and assessing for abscesses or other complications.

CT angiography (C) is typically used to evaluate vascular complications such as ischemic colitis, but there is no indication of ischemia in this case (e.g., no mention of a sudden onset of pain or risk factors for mesenteric ischemia).

An abdominal x-ray (D) can be useful in the initial assessment, especially to look for signs of perforation (free air), but it is less informative than a CT scan for evaluating the severity of colitis and associated complications.

Colonoscopy (E) is generally avoided in the acute setting, especially if there is a concern for severe colitis or perforation, as it can worsen the condition.

Given the clinical presentation and the need to quickly assess for complications that could be life-threatening, such as perforation or toxic megacolon, a CT scan of the abdomen and pelvis with contrast is the most appropriate next step in management. Therefore, the answer is (B) Abdominal CT scan with contrast.",,,0.0,0.0,"What is the most common cause of bloody diarrhea in a patient with a history of ulcerative colitis?
What are the indications for a double-contrast barium enema in this clinical scenario?
What is the most appropriate next step in management after fluid resuscitation for a patient with suspected acute severe ulcerative colitis?"
"A 55-year-old man recovering from knee replacement surgery complains of breathlessness in the postoperative ward. He has been confined to bed for the past 5 days and is under observation. He felt a sudden difficulty in breathing and called for the ward nurse. He says that he is unable to take deep breaths and has a sharp pain on the right side of his chest with each inspiration. His temperature is 37.5°C (99.8°F), the pulse is 111/min, the respirations are 31/min, and the blood pressure is 85/55 mm Hg. He experiences pain in his right calf on dorsiflexion. There are no other prominent findings on physical examination. His chest X-ray does not show anything significant. The ECG reveals sinus tachycardia. Which of the following is the best course of management at this time?

Options:
A: Subcutaneous fondaparinux
B: CT scan
C: Inferior vena cava filter
D: Ventilation-perfusion scan
E: Lower extremity doppler",A,D,False,"The patient is presenting with symptoms of breathlessness, sharp chest pain on inspiration, tachycardia, and hypotension. The fact that he has been confined to bed for the past 5 days following knee replacement surgery is significant, as it increases his risk for venous thromboembolism (VTE), including deep vein thrombosis (DVT) and pulmonary embolism (PE). The pain in his right calf on dorsiflexion could indicate a positive Homan's sign, which is suggestive of DVT. The chest X-ray is not significant, which means that a PE has not been ruled out by this imaging modality alone. The ECG shows sinus tachycardia, which can be a sign of PE.

Given the clinical scenario, the best course of management would be to address the potential life-threatening condition of PE. A CT pulmonary angiogram (CTPA) is the gold standard for diagnosing PE, but it is not listed as an option here. However, a ventilation-perfusion (V/Q) scan is a suitable alternative, especially if CTPA is contraindicated or not available. It can help diagnose PE by identifying mismatches in lung areas that are ventilated but not perfused.

Subcutaneous fondaparinux (A) is an anticoagulant that could be used in the management of DVT or PE, but it would not be the immediate next step without first confirming the diagnosis. An inferior vena cava filter (C) is used in patients who cannot be anticoagulated or have recurrent PE despite adequate anticoagulation, which is not the case here. Lower extremity doppler (E) could be used to diagnose DVT, but given the patient's acute symptoms and the need for immediate assessment of a potentially life-threatening PE, this would not be the best initial step.

Therefore, the answer is (D) Ventilation-perfusion scan.",,,0.0,0.0,"What is the most likely diagnosis for a patient with sudden onset of breathlessness, pleuritic chest pain, tachycardia, and hypotension after surgery?
What are the risk factors for this diagnosis?
What diagnostic test is most appropriate for this diagnosis?
What is the initial management for this diagnosis?"
"A 55-year-old man is brought to the emergency department with altered mental status. The patient is in acute distress and cannot provide history due to disorientation. Temperature is 38.7°C (101.6°F), blood pressure is 80/50 mm Hg, pulse is 103/min, respiratory rate is 22/min, and BMI is 20 kg/m2. On examination, his sclera and skin are icteric. On abdominal examination, the patient moans with deep palpation to his right upper quadrant.
Laboratory test
Complete blood count
Hemoglobin 14.5 g/dL
MCV 88 fl
Leukocytes 16,500/mm3
Platelets 170,000/mm3
Basic metabolic panel
Serum Na+ 147 mEq/L
Serum K+ 3.8 mEq/L
Serum Cl- 106 mEq/L
Serum HCO3- 25 mEq/L
BUN 30 mg/dL
Serum creatinine 1.2 mg/dL
Liver function test
Total bilirubin 2.8 mg/dL
AST 50 U/L
ALT 65 U/L
ALP 180 U/L
The patient is treated urgently with intravenous fluid, dopamine, and broad spectrum antibiotics. The patient’s blood pressure improves to 101/70 mm Hg. On ultrasound of the abdomen, the common bile duct is dilated. What is the best next step in the management of this patient?

Options:
A: ERCP
B: Close monitoring
C: MRCP
D: Percutaneous transhepatic cholangiogram
E: CT abdomen",A,A,True,"The patient presents with altered mental status, fever, hypotension, tachycardia, and icteric sclera and skin, which are signs of systemic infection and possibly cholangitis, especially given the moan with deep palpation of the right upper quadrant. The laboratory findings support this with leukocytosis and elevated liver enzymes, although not dramatically high. The ultrasound showing a dilated common bile duct further supports a biliary tract infection such as cholangitis.

The management of cholangitis typically involves antibiotics and addressing the underlying cause, which often requires biliary decompression. Endoscopic retrograde cholangiopancreatography (ERCP) is the procedure of choice for both diagnosing and treating biliary tract infections, as it allows for visualization of the biliary tree and the possibility of removing gallstones or relieving obstructions.

Magnetic resonance cholangiopancreatography (MRCP) is a non-invasive alternative to ERCP for imaging the biliary tree, but it does not allow for intervention. A percutaneous transhepatic cholangiogram (PTC) is an invasive procedure typically reserved for cases where ERCP is not possible or has failed. A CT abdomen can provide additional information but is not the best next step for biliary decompression.

Given the clinical presentation and the findings, the best next step in management is to proceed with ERCP to both diagnose and potentially treat the biliary obstruction causing the cholangitis.

Therefore, the answer is (A) ERCP.","Given the lack of evidence available to guide us, there is tremendous uncertainty in the most appropriate management plan for these patients. We should be open about that uncertainty with our patients and involve them in shared decision-making to ensure that the chosen management plan matches their personal values.",sgem-367.md,14.108697891235352,14.108697891235352,"What is the most likely diagnosis for this patient?
What is the best next step in the management of this patient?"
"A 22-year-old man from Nepal presents to the emergency department complaining of swelling and pain in his right testicle. The patient states that he just arrived in the United States to live with his wife, with whom he is monogamous. The patient denies painful urination or urethral discharge, but admits that 10 days ago he “felt like he had a fever” and the right side of his face was swollen and painful. Which of the following is characteristic of the most likely diagnosis?

Options:
A: Preventable by a live attenuated vaccine
B: Dilation of the pampiniform plexus
C: Original presentation in the form of a painless chancre
D: Cause buboes in the inguinal lymph nodes
E: Is a common cause of septic arthritis in this patient’s age group",A,D,False,"The patient presents with swelling and pain in his right testicle and a history of facial swelling and pain, which could suggest an infection that is affecting different parts of the lymphatic system. The lack of symptoms such as painful urination or urethral discharge makes a urethritis less likely.

The options given are characteristics of different diseases:

A: Preventable by a live attenuated vaccine - This could refer to diseases like mumps or varicella, which are preventable by vaccines. However, neither of these typically presents with isolated testicular swelling and pain.

B: Dilation of the pampiniform plexus - This is associated with conditions like testicular torsion, where the spermatic cord twists and cuts off the blood supply to the testicle, causing sudden severe pain and swelling. However, this does not fit with the patient's history of facial swelling and fever.

C: Original presentation in the form of a painless chancre - This is characteristic of syphilis, which is a sexually transmitted infection. However, the patient is monogamous and denies any painful urination or urethral discharge, which makes this less likely.

D: Cause buboes in the inguinal lymph nodes - Buboes are swollen lymph nodes and are characteristic of infections like bubonic plague or chancroid. Given the patient's history of fever and facial swelling, followed by testicular pain and swelling, this could suggest an infection that causes buboes.

E: Is a common cause of septic arthritis in this patient’s age group - Septic arthritis is an infection in a joint, which could cause joint pain and swelling, but it does not typically present with facial swelling or testicular swelling and pain.

Given the patient's symptoms and the options provided, the most likely diagnosis would be one that causes buboes in the inguinal lymph nodes, which fits with the history of facial swelling and fever, followed by testicular pain and swelling. Therefore, the answer is (D) Cause buboes in the inguinal lymph nodes.",,,0.0,0.0,"What is the most likely diagnosis for this patient?
What are the characteristic features of this diagnosis?"
"A 57-year-old woman is brought to the emergency department by ambulance for dysarthria and left-sided facial droop. She is accompanied by her son, who states that the patient had just returned home an hour ago from walking the dog when suddenly the patient stated she felt “strange.” When her son asked her what was wrong, her speech was slurred and her ""face looked funny.” The son quickly called an ambulance. The paramedic upon arrival noted that the patient had left-sided facial droop. Her medical history includes asthma and sickle cell disease. She takes hydroxyurea, uses oxycodone as needed for pain, and an albuterol inhaler as needed for shortness of breath. The patient’s temperature is 97°F (36.1°C), blood pressure is 145/72 mmHg, pulse is 93/min, and respirations are 14/min with an oxygen saturation of 96% on room air. On physical examination, a left-sided facial droop is appreciated. She has trouble articulating her words, and her speech is garbled. She is put on 2 L of oxygen by nasal cannula. Labs are obtained and pending. Which of the following therapies is most likely indicated?

Options:
A: Alteplase
B: Exchange transfusion
C: Hydralazine
D: Naloxone
E: Warfarin",B,B,True,"The patient presents with acute onset dysarthria and left-sided facial droop, which are signs of a possible stroke. Given her history of sickle cell disease and the acute presentation, it is important to consider the possibility of a stroke caused by sickle cell disease complications, such as vaso-occlusive crisis or cerebral infarction.

Option A, Alteplase, is a thrombolytic agent used in the treatment of acute ischemic stroke. However, the use of alteplase is contraindicated in patients with sickle cell disease due to the increased risk of hemorrhagic transformation of the infarct.

Option B, Exchange transfusion, is a procedure used to rapidly replace the patient's sickle cells with normal red blood cells. This can be used in the management of acute chest syndrome in sickle cell disease and also in severe cases of stroke when the patient has a high burden of sickled cells.

Option C, Hydralazine, is an antihypertensive medication that is not typically used in the acute management of stroke or sickle cell complications.

Option D, Naloxone, is an opioid antagonist used to reverse the effects of opioids like oxycodone. There is no indication that the patient's symptoms are due to opioid overdose, especially given the acute onset of neurological deficits.

Option E, Warfarin, is an anticoagulant used for the prevention of thromboembolic events. However, it is not indicated in the acute management of stroke and can be contraindicated in patients with sickle cell disease due to the risk of bleeding.

Given the patient's history and presentation, the most likely indicated therapy would be an exchange transfusion to reduce the number of sickled cells and improve oxygen delivery to the brain. Therefore, the answer is (B) Exchange transfusion.",,,0.0,0.0,"What is the likely diagnosis for this patient's presentation?
What is the immediate treatment for this condition?
What is the long-term management for this condition?"
"A 58-year-old male is hospitalized after sustaining multiple fractures in a severe automobile accident. Soon after hospitalization, he develops respiratory distress with crackles present bilaterally on physical examination. The patient does not respond to mechanical ventilation and 100% oxygen and quickly dies due to respiratory insufficiency. Autopsy reveals heavy, red lungs and histology is shown in Image A. Which of the following is most likely to have been present in this patient shortly before death:

Options:
A: Diaphragmatic hypertrophy
B: Proliferation of bronchiolar mucous glands
C: Interstitial edema
D: Large pulmonary embolus
E: Left apical bronchoalveolar carcinoma",C,C,True,"The patient's history of multiple fractures from a severe automobile accident and the development of respiratory distress with crackles present bilaterally suggest the possibility of acute respiratory distress syndrome (ARDS), which can occur as a complication of trauma and severe injury. ARDS is characterized by diffuse alveolar damage leading to pulmonary edema and impaired gas exchange. The description of heavy, red lungs at autopsy is consistent with pulmonary edema, which is a common finding in ARDS.

Let's evaluate the options:

A: Diaphragmatic hypertrophy is usually a result of chronic overuse or long-term mechanical ventilation, not an acute process like the one described.

B: Proliferation of bronchiolar mucous glands is seen in chronic bronchitis, which is a chronic condition and not consistent with the acute presentation described.

C: Interstitial edema is a hallmark of ARDS and would be consistent with the acute onset of respiratory distress and the autopsy findings of heavy, red lungs.

D: A large pulmonary embolus could cause acute respiratory distress, but it is less likely to cause bilateral crackles and heavy, red lungs histologically, as pulmonary embolism typically leads to infarction and a more localized response.

E: Left apical bronchoalveolar carcinoma would not typically present with acute respiratory distress and bilateral crackles; it would more likely present with a more chronic course and localized findings.

Based on the information provided and the typical histological findings associated with ARDS, the most likely finding shortly before death would be interstitial edema. Therefore, the answer is (C) Interstitial edema.",,,0.0,0.0,"What is the most common cause of respiratory distress in hospitalized trauma patients?
What is the most common cause of ARDS?
What is the most common cause of death in ARDS patients?
What is the most common cause of death in ARDS patients within the first 24 hours?
What is the most common cause of death in ARDS patients within the first 48 hours?
What is the most common cause of death in ARDS patients within the first 72 hours?
What is the most common cause of death in ARDS patients within the first week?
What is the most common cause of death in ARDS patients within the first month?
What is the most common cause of death in ARDS patients within the first year?
What is the most common cause of death in ARDS patients within the first 5 years?"
"A 55-year-old man presents to the emergency department with complaints of nausea, vomiting, palpitations, and dizziness, which have lasted for the past 3 hours. He was diagnosed with heart failure 1 year ago. During his last visit to his primary care physician, he was doing well and the lab results were normal. He reports that he has been taking low-dose aspirin and digoxin regularly for 1 year, and verapamil was recently added to prevent his frequent migraine headaches. An electrocardiogram is performed urgently and shows paroxysmal atrial tachycardia with block. Suspecting digitalis toxicity, the emergency medicine physician sends blood to the lab for a serum digoxin level, which is 3.7 ng/mL (therapeutic range: 0.8–2 ng/mL). Which of the following mechanisms most likely explains the development of digitalis toxicity in this patient?

Options:
A: Drug-induced hypokalemia
B: Increased intestinal absorption of digoxin
C: Inhibition of CYP 3A4 isoenzyme
D: Inhibition of P-glycoprotein
E: Increased enterohepatic circulation of digoxin",D,D,True,"First, let's summarize the available information:
- The patient has a history of heart failure and is on digoxin, low-dose aspirin, and recently added verapamil.
- He presents with symptoms that could be consistent with digoxin toxicity (nausea, vomiting, palpitations, dizziness).
- His ECG shows paroxysmal atrial tachycardia with block, which is also suggestive of digoxin toxicity.
- His serum digoxin level is 3.7 ng/mL, which is above the therapeutic range (0.8–2 ng/mL), confirming the suspicion of digoxin toxicity.

Now, let's evaluate the options in the context of digoxin toxicity:

A: Drug-induced hypokalemia - While hypokalemia can exacerbate digoxin toxicity, there is no information provided that the patient has hypokalemia.

B: Increased intestinal absorption of digoxin - There is no information suggesting that the patient has increased intestinal absorption of digoxin.

C: Inhibition of CYP 3A4 isoenzyme - Digoxin is not metabolized by the CYP 3A4 isoenzyme, so this is not the correct mechanism.

D: Inhibition of P-glycoprotein - Verapamil is known to inhibit P-glycoprotein, which can lead to increased levels of digoxin by reducing its efflux from intestinal cells back into the gut lumen. This would explain the elevated serum digoxin level.

E: Increased enterohepatic circulation of digoxin - There is no information suggesting that there is increased enterohepatic circulation of digoxin in this patient.

Given the patient's recent addition of verapamil, which is known to inhibit P-glycoprotein, and the resulting elevated serum digoxin level, the most likely explanation for the development of digitalis toxicity in this patient is the inhibition of P-glycoprotein.

Therefore, the answer is (D) Inhibition of P-glycoprotein.","“Digitalis compounds have a variety of effects on myocardial cells. Digoxin inhibits the ATP-dependent Na+-K+ exchange pump, increasing intracellular Na+ concentrations and decreasing intracellular K+ concentrations. The resultant increase in intracellular Ca2+ concentration accounts for the positive inotropic effects of digitalis. Digoxin can behave as an excitant, a depressant, or both. Excitant effects of digoxin have to do with enhanced automaticity and triggered activity, particularly at high therapeutic or toxic doses. At the same time, digoxin slows AV node conduction at therapeutic doses via lengthening of the refractory period.”",cc-79.md,12.678680419921875,12.678680419921875,"What is the therapeutic range of serum digoxin?
What are the common causes of digitalis toxicity?
Which mechanism of action of the drug leads to digitalis toxicity?"
"A 36-year-old man is brought to the emergency department 25 minutes after being involved in a high speed motor-vehicle collision in which he was an unrestrained passenger. He has acute myeloid leukemia and is currently receiving chemotherapy. On arrival, his temperature is 37°C (98.6°F), pulse is 63/min, respirations are 10/min, and blood pressure is 100/70 mm Hg. The pupils are equal and sluggish. There are multiple bruises over the face, trunk, and right upper and lower extremities. There is a 4-cm (1.6-in) laceration over his right cheek. He does not respond to any commands, but does groan. Painful stimuli cause him to open his eyes and withdraw all extremities. There are decreased breath sounds over the right lung base. There is tenderness to palpation over the left chest wall. Cardiac examination shows no abnormalities. The abdomen is soft and shows diffuse tenderness to palpation with no guarding or rebound. There is swelling of the right elbow and wrist. The right lower extremity is shorter than the left lower extremity. There are 2 lacerations around 2 cm (0.8 in) each on the right leg. The right knee is swollen. Which of the following is the most appropriate next step in management?

Options:
A: Focussed assessment sonography for trauma (FAST)
B: Insertion of intercostal chest tube
C: CT scan of the head and neck
D: X-rays of the extremities
E: Intubation and mechanical ventilation",E,E,True,"The patient is a 36-year-old man who has been involved in a high-speed motor-vehicle collision. He presents with multiple bruises, a laceration over his right cheek, decreased breath sounds over the right lung base, tenderness over the left chest wall, swelling of the right elbow and wrist, a shorter right lower extremity, and lacerations on the right leg. He is also experiencing acute myeloid leukemia and is undergoing chemotherapy.

The patient's vital signs show a temperature of 37°C, pulse 63/min, respirations 10/min, and blood pressure 100/70 mm Hg. His pupils are equal and sluggish, and he does not respond to any commands but does groan. Painful stimuli cause him to open his eyes and withdraw all extremities, indicating a Glasgow Coma Scale (GCS) score less than 8, which suggests a severe head injury.

Given the patient's GCS score and the presence of a head injury, the most appropriate next step in management is to secure the airway and provide respiratory support. This is because airway management can be difficult in patients with head trauma, and ensuring adequate oxygenation and ventilation is critical.

Therefore, the answer is (E) Intubation and mechanical ventilation.","We are uncertain whether a CT scan of the blood vessels in your head and neck will confidently exclude significant injuries. For the time being, if you’ve suffered a serious head or neck injury, it’s better to be at a trauma center with an interventional radiologist who can perform the more invasive and time-consuming test to exclude these injuries. However, if an interventional radiologist is unavailable and a CT angiogram demonstrates a significant injury, we will consult the surgeons immediately.
---
1. Describe the landmarks and structures using the Zones of the neck & the Triangles of neck.
2. List 6 hard and 6 soft signs of penetrating neck trauma. What are the indications for immediate OR vs CTA in managing penetrating neck trauma?
3. Describe an approach to managing acute neck trauma in the ER.
4. Describe the management of venous air embolism.
5. Describe techniques for airway management in penetrating neck trauma.
6. Describe the management of suspected pharyngoesophageal trauma. What are signs of esophageal injury?
7. List 3 hard signs of laryngotracheal trauma and describe airway management dilemmas.",cc-44.md | sgem-91.md,15.337332725524902,14.477664947509766,"What is the primary concern in a patient with a head injury and decreased level of consciousness?
What are the indications for intubation and mechanical ventilation?
What are the indications for a CT scan of the head and neck?
What are the indications for focussed assessment sonography for trauma (FAST)?
What are the indications for insertion of an intercostal chest tube?"
"A 23-year-old man presents with sudden loss of consciousness while pitching in a baseball game. There is no history of injury. Consciousness is regained after cardiopulmonary resuscitation. Past medical history is negative for any neurological and cardiovascular problems. Physical examination reveals a prominent A wave on the jugular venous pulse and a double apical impulse. There are no audible murmurs. An S4 is present. What is the most likely diagnosis?

Options:
A: Dilated cardiomyopathy
B: Hypertrophic cardiomyopathy
C: Aortic stenosis
D: Takotsubo cardiomyopathy
E: Restrictive cardiomyopathy",B,B,True,"First, let's summarize the available information from the question:
- A 23-year-old man experienced sudden loss of consciousness during a baseball game.
- CPR was required, indicating a potentially life-threatening event.
- The patient has no history of neurological or cardiovascular problems.
- Physical examination reveals a prominent A wave on the jugular venous pulse, a double apical impulse, and an S4 heart sound.
- No murmurs are audible.

Now, let's analyze the options in the context of the clinical findings:

A: Dilated cardiomyopathy typically presents with signs of heart failure and would likely have been detected earlier due to its progressive nature.

B: Hypertrophic cardiomyopathy (HCM) is often associated with sudden cardiac arrest in young athletes, especially males. The presence of a prominent A wave, double apical impulse, and S4 can be consistent with HCM, which can cause dynamic outflow obstruction and arrhythmias.

C: Aortic stenosis usually presents with a systolic ejection murmur and would be less likely to cause sudden cardiac arrest in a young patient without a history of the disease.

D: Takotsubo cardiomyopathy, also known as stress-induced cardiomyopathy, typically occurs after a stressful event and is less likely to be the cause of sudden cardiac arrest in a young, otherwise healthy athlete.

E: Restrictive cardiomyopathy is a rare form of cardiomyopathy that usually presents with signs of heart failure and is less likely to cause sudden cardiac arrest in young athletes.

Based on the clinical presentation and the typical demographics of sudden cardiac arrest in athletes, hypertrophic cardiomyopathy is the most likely diagnosis. Therefore, the answer is (B) Hypertrophic cardiomyopathy.","Sudden cardiac arrest (SCA) is a rare but critical event that can occur in athletes during physical activity, with a higher incidence reported in male athletes compared to females. This disparity may be attributed to males' participation in more physically demanding sports and a higher likelihood of genetic predispositions to heart conditions. Despite the lower incidence in female athletes, SCA remains a significant risk, necessitating cardiovascular screening for females engaged in high-intensity sports to detect potential underlying heart conditions. The increasing participation of females in sports highlights the need for more research to understand sex-based differences in SCA risk and improve prevention strategies.",sgem-400.md,13.386469841003418,13.386469841003418,"What is the most common cause of sudden cardiac death in young athletes?
What are the classic physical exam findings in hypertrophic cardiomyopathy?
What is the most likely diagnosis in a young patient with sudden loss of consciousness, a prominent A wave on jugular venous pulse, a double apical impulse, and an S4?"
"A 39-year-old man is brought to the emergency department unconscious following 2 episodes of generalized tonic-clonic seizures. According to the attendants, he has complained of recurrent headaches for the past 2 weeks. There is no history of fever, head trauma, or a seizure disorder. The patient does not smoke cigarettes but reportedly drinks 2 glasses of wine daily. He has multiple sexual partners and history regarding the contraceptive use is unavailable. The patient’s vitals include: blood pressure 137/88 mm Hg, temperature 37.2°C (99.0°F). On physical examination, he is obtunded. He grimaces on pain and localizes in response to pain in both upper extremities. Pupils are bilateral 3-mm in diameter and equally round and reactive. Laboratory tests are within normal limits. An MRI of the brain with contrast is shown in the exhibit (see image). A brain biopsy is performed that reveals perivascular clusters of lymphocytes. Which of the following is most associated with this patient’s condition?

Options:
A: Epstein-Barr virus
B: Human herpes virus
C: Human papilloma virus
D: Human T-lymphotropic virus
E: Schistosoma haematobium",A,D,False,"The patient presents with recurrent headaches, seizures, and a brain MRI that likely shows lesions (although the actual image is not provided, the presence of a brain biopsy suggests there were findings). The biopsy reveals perivascular clusters of lymphocytes, which is a hallmark of central nervous system (CNS) lymphoma. CNS lymphoma can be associated with immunodeficiency, which may be related to HIV infection, often caused by the Human T-lymphotropic virus (HTLV). The patient's history of multiple sexual partners and unavailable information on contraceptive use could suggest a risk for sexually transmitted infections, including HIV. While Epstein-Barr virus (EBV) is associated with lymphomas, it is more commonly associated with extranodal NK/T-cell lymphomas, nasopharyngeal carcinoma, and Burkitt lymphoma. Human herpes virus (HHV) is not typically associated with CNS lymphoma. Human papilloma virus (HPV) is associated with cervical and other anogenital cancers and some head and neck cancers but not typically CNS lymphoma. Schistosoma haematobium is associated with urinary schistosomiasis and not CNS lymphoma.

Given the clinical presentation and the association with CNS lymphoma, the most likely etiology is related to an infectious agent known to cause immunodeficiency and CNS lymphoma. Therefore, the answer is (D) Human T-lymphotropic virus.",,,0.0,0.0,"What is the most common cause of primary brain lymphoma?
What are the risk factors for primary brain lymphoma?
Which viral infection is most associated with primary brain lymphoma?"
"A 25-year-old man with a past medical history of constipation and fibromyalgia presents to the emergency department with generalized malaise and severe diarrhea. The patient states that he has not felt well for the past 24 hours and his symptoms are no longer tolerable. He denies taking any medications or illicit drugs and states he is generally healthy. His temperature is 99.3°F (37.4°C), blood pressure is 122/88 mmHg, pulse is 107/min, respirations are 19/min, and oxygen saturation is 99% on room air. Physical exam demonstrates an ill appearing young man. Physical exam is notable for rhinorrhea, lacrimation, and piloerection. The patient’s pupils are dilated and reactive to light. During placement of an ultrasound guided IV, multiple scars are noted in the antecubital fossa, and it is noted that it is very difficult to place an IV in this patient. During the exam, he begins actively vomiting. Which of the following could be an appropriate treatment for this patient’s symptoms?

Options:
A: Clonidine
B: Diazepam taper
C: Haloperidol and diphenhydramine
D: Naloxone
E: Oseltamivir",A,C,False,"The patient presents with generalized malaise, severe diarrhea, rhinorrhea, lacrimation, and piloerection (goosebumps), which are signs of sympathetic overactivity. The presence of multiple scars in the antecubital fossa and difficulty placing an IV could suggest a history of intravenous drug use. The combination of these symptoms, along with the dilated pupils that are reactive to light, could be indicative of opioid withdrawal, especially considering the patient denies taking any medications or illicit drugs. Opioid withdrawal can cause severe symptoms including diarrhea, vomiting, and autonomic hyperactivity (elevated temperature, tachycardia, hypertension).

Given the clinical presentation, the most appropriate treatment would be to alleviate the symptoms of opioid withdrawal. Naloxone (option D) is an opioid antagonist and is used to treat opioid overdose, not withdrawal. Clonidine (option A) can be used in opioid withdrawal but is more commonly used for the management of hypertension and some off-label conditions. Diazepam taper (option B) can be used to treat alcohol withdrawal, which can present with similar symptoms but is not the first-line treatment for opioid withdrawal. Oseltamivir (option E) is an antiviral medication used to treat influenza and is not indicated in this scenario.

Haloperidol and diphenhydramine (option C) can be used to treat the symptoms of opioid withdrawal. Haloperidol is an antipsychotic that can help with agitation and restlessness, while diphenhydramine is an antihistamine that can help with the runny nose and lacrimation. This combination is not the standard of care for opioid withdrawal but can be used to manage some of the symptoms.

Considering the clinical presentation and the options provided, the most appropriate treatment for this patient’s symptoms, which are consistent with opioid withdrawal, would be a medication that can alleviate those symptoms. While not the standard first-line treatment, the combination of haloperidol and diphenhydramine could help manage the patient’s symptoms.

Therefore, the answer is (C) Haloperidol and diphenhydramine.",,,0.0,0.0,"What is the most likely diagnosis for a patient with malaise, severe diarrhea, rhinorrhea, lacrimation, and piloerection?
What is the treatment for this diagnosis?
What is the treatment for the patient's difficulty with IV placement and active vomiting?"
"A 55-year-old woman with a history of HIV presents to the emergency department with progressive dyspnea, fever, and dry cough for the past 4 days. She has not been compliant with antiretroviral or prophylactic medication. On evaluation, the patient is in moderate respiratory distress. The temperature is 38.8°C (102.0°F), the blood pressure is 124/82 mm Hg, the pulse is 96/min, and the respiratory rate is 20/min. Pulse oximetry is 92% on 4 L oxygen by nasal cannula. Her CD4 count is 180 cells/μL. IV antibiotics and glucocorticoids are administered. After 30 minutes, the patient develops severe respiratory distress. Repeat vital signs show: temperature 38.3°C (101.0°F), blood pressure 80/50 mm Hg, pulse 104/min, respiration rate 32/min and pulse oximetry 85% on nasal cannula. The trachea deviates to the left. Breath sounds are absent on the right side and the neck veins are distended. Telemetry shows sinus tachycardia. Which of the following is the best next step in the management of this patient?

Options:
A: Discontinue antibiotics
B: Administer epinephrine
C: Perform an arterial blood gas
D: Needle thoracostomy
E: Stat chest X-ray",D,D,True,"The patient presents with signs of severe respiratory distress, hypoxia, hypotension, tracheal deviation to the left, absent breath sounds on the right, and distended neck veins. These findings are highly suggestive of a tension pneumothorax, which is a life-threatening emergency requiring immediate intervention to prevent cardiovascular collapse. The presence of fever and a low CD4 count in a patient with HIV suggests an opportunistic infection, but in the acute setting, the tension pneumothorax is the immediate concern.

The correct management for tension pneumothorax is an immediate needle decompression to relieve the pressure in the pleural space and prevent cardiovascular compromise. This is a critical intervention that should not be delayed for imaging or other diagnostic procedures.

Therefore, the answer is (D) Needle thoracostomy.","The document provides a comprehensive overview of pleural diseases, focusing on pneumothorax and pleural effusion. It discusses the pathophysiology of pneumothorax, highlighting primary and secondary causes, with COPD being a significant contributor to secondary cases. Key clinical findings for tension pneumothorax include tachycardia, hypoxia, hypotension, JVD, and tracheal deviation. Management strategies vary based on pneumothorax size and symptoms, ranging from observation and oxygen therapy to catheter aspiration and chest tube insertion. The document also covers pleural effusion, explaining Starling’s Law in fluid dynamics and detailing diagnostic criteria like Light’s Criteria. Procedures such as thoracentesis and tube thoracostomy are described, including their complications and contraindications. Additionally, it addresses specific conditions like catamenial pneumothorax and provides guidance on securing chest tubes and using the Seldinger technique for insertion.
---
A spontaneous pneumothorax is characterized by the presence of air in the pleural space between the lung and chest wall without an obvious precipitating factor, and it can occur with or without underlying lung disease. Clinically, it is significant due to its potential complications, which occur in 9–26% of cases. The standard first-line treatment for a primary spontaneous pneumothorax is chest tube drainage, although simple aspiration is a less invasive alternative. The optimal management strategy for a first episode remains uncertain. Post chest tube placement, a chest X-ray (CXR) is typically obtained, though it may not alter management unless the patient is deteriorating or the tube is not functioning. The correct placement of the chest tube in the pleural space is crucial, and in cases of traumatic hemothorax in hemodynamically stable patients, small percutaneous catheters are as effective as large open chest tubes. For tension pneumothorax, the anatomical location for needle decompression is debated,
---
chest tubes. For tension pneumothorax, the anatomical location for needle decompression is debated, with no evidence supporting the superiority of the second intercostal space-midclavicular line over the fourth/fifth intercostal space-anterior axial line. Conservative management of a first large spontaneous pneumothorax may be reasonable with close follow-up.",sgem-433.md | cc-77.md,14.705331802368164,13.68883490562439,"What is the most likely cause of this patient's acute respiratory distress?
What are the clinical signs of tension pneumothorax?
What is the immediate management for tension pneumothorax?"
"A 22-year-old woman with polycystic ovarian syndrome comes to the emergency department because of a 1-day history of left lower abdominal pain that began suddenly while she was running. Her last menstrual period was 2 weeks ago. Physical examination shows tenderness to palpation over the left adnexa and rebound tenderness in the left lower quadrant. There is no tenderness in the right lower quadrant. Urine pregnancy test is negative. An ultrasound is ordered to confirm the diagnosis of ruptured ovarian cyst. Visualization of fluid in which of the following locations would be most consistent with this diagnosis?

Options:
A: Lesser sac
B: Rectouterine pouch
C: Hepatorenal space
D: Splenorenal angle
E: Rectovesical pouch",B,A,False,"The patient is a 22-year-old woman with a history of polycystic ovarian syndrome who presents with acute onset left lower abdominal pain. The absence of tenderness in the right lower quadrant and the presence of rebound tenderness in the left lower quadrant, along with a negative urine pregnancy test, suggest that the pain is not due to appendicitis or an ectopic pregnancy. The sudden onset of pain while running and tenderness over the left adnexa are suggestive of an ovarian issue, such as a ruptured ovarian cyst.

When an ovarian cyst ruptures, the fluid from the cyst is typically released into the peritoneal cavity. The peritoneal cavity is divided into several potential spaces where fluid can accumulate. The lesser sac of the peritoneal cavity is the most likely location for fluid to accumulate following the rupture of an ovarian cyst because it is an anterior extension of the peritoneal cavity that can accommodate fluid from the ruptured cyst.

The other options listed are less likely locations for fluid from a ruptured ovarian cyst:
- The rectouterine pouch (B) is a potential space between the rectum and the uterus, which is not typically where ovarian cyst fluid would accumulate.
- The hepatorenal space (C) is the potential space between the liver and the kidneys, which is not a common site for ovarian cyst fluid to collect.
- The splenorenal angle (D) is the area between the spleen and the kidneys, and is also not a typical site for ovarian cyst fluid accumulation.
- The rectovesical pouch (E) is the potential space between the rectum and the bladder, which is not where ovarian cyst fluid would typically be found.

Therefore, the answer is (A) Lesser sac.",,,0.0,0.0,"What is the most common cause of acute abdominal pain in women?
What are the classic symptoms and signs of a ruptured ovarian cyst?
Where is free fluid most likely to be found in the case of a ruptured ovarian cyst?"
"A 52-year-old man comes to the physician because of generalized pruritus and raised, erythematous plaques on the skin over his hands, chest, and legs for 6 hours. He reports having clear liquid discharge from his nose and sneezing. He says that his symptoms began suddenly the previous night, 30 minutes after he had dinner at a seafood restaurant. He has had similar symptoms occasionally in the past as well. Four months ago, he had an episode of narrow-angle glaucoma. He takes no medications. His vital signs are within normal limits. Nasal exam shows clear, serous secretions, with edematous and erythematous mucosa and turbinates. Paranasal sinuses are not tender to palpation. Which of the following is the most appropriate pharmacotherapy?

Options:
A: Diphenhydramine
B: Amoxicillin
C: Fexofenadine
D: Vitamin K
E: Calamine lotion",C,C,True,"The patient presents with generalized pruritus, raised erythematous plaques on the skin, clear liquid discharge from the nose, and sneezing. These symptoms began suddenly after eating at a seafood restaurant, which suggests a possible allergic reaction, possibly to something he ate. The fact that he has had similar symptoms in the past and the sudden onset of symptoms after a meal supports this. His history of narrow-angle glaucoma is relevant because certain medications can exacerbate this condition, but it does not directly suggest a treatment for his current symptoms.

Given the options provided:

A: Diphenhydramine is an antihistamine that is commonly used to treat allergic reactions.
B: Amoxicillin is an antibiotic, which would be used to treat bacterial infections, not allergic reactions.
C: Fexofenadine is also an antihistamine, similar to diphenhydramine, but it does not cause sedation and is often used for allergic rhinitis.
D: Vitamin K is used to treat warfarin overdose or to correct a deficiency that leads to bleeding disorders, not for allergic reactions.
E: Calamine lotion is used to soothe itching and irritated skin, but it is not a pharmacotherapy for the systemic allergic reaction.

Considering the patient's symptoms and the sudden onset after a meal, the most appropriate pharmacotherapy would be an antihistamine. Since there is no mention of sedation being a concern for the patient, fexofenadine (C) would be a suitable choice as it treats allergic symptoms without causing sedation. Diphenhydramine (A) could also be appropriate, but fexofenadine is more specific to the symptoms described.

Therefore, the answer is (C) Fexofenadine.",,,0.0,0.0,"What is the most likely diagnosis for this patient?
What is the recommended pharmacotherapy for this condition?"
"A 7-year-old girl is brought to the emergency department with a 10-day history of fever and sore throat that acutely worsened over the past 2 days. Her sore throat is worse on the right side. She has difficulty swallowing and opening her mouth due to pain. She has also noticed a change in the quality of her voice over the last day. Her temperature is 38.2°C (100.8°F), pulse is 86/min, respirations are 18/min, and blood pressure is 110/75 mm Hg . Examination shows cervical lymphadenopathy. Oropharyngeal examination shows erythematous tonsils and swelling of the right tonsillar pillar. The uvula is deviated to the left. Laboratory studies show:
Hemoglobin 13.0 g/dL
Hematocrit 39%
Leukocyte count 12,000/mm3
Platelet Count 200,000/mm3
Serum
Na+ 138 mEq/L
Cl- 100 mEq/L
K+ 4.5 mEq/L
HCO3- 24 mEq/L
Urea nitrogen 14.0 mg/dL
Creatinine 1.1 mg/dL
Which of the following is the most appropriate next step in management?""

Options:
A: Intravenous dexamethasone therapy
B: Tonsillectomy
C: Incision and drainage with intravenous ampicillin-sulbactam therapy
D: Needle aspiration and oral clindamycin therapy
E: Intravenous ampicillin-sulbactam therapy",C,C,True,"The patient is a 7-year-old girl with a 10-day history of fever and sore throat that has acutely worsened, difficulty swallowing and opening her mouth, change in voice quality, and fever. The physical examination shows cervical lymphadenopathy, erythematous tonsils, swelling of the right tonsillar pillar, and uvula deviation to the left. These findings are suggestive of a severe throat infection, possibly a peritonsillar abscess, given the acute worsening, trismus (difficulty opening the mouth), and uvular deviation.

The laboratory studies show a slightly elevated leukocyte count, which is consistent with an infection. The rest of the laboratory values are within normal limits.

The most appropriate next step in management should address the likely diagnosis of peritonsillar abscess. The options are:

A: Intravenous dexamethasone therapy - This is typically used for inflammatory conditions, but not the first-line treatment for an abscess.
B: Tonsillectomy - This is a surgical procedure to remove the tonsils and is not the immediate next step in the management of an acute abscess.
C: Incision and drainage with intravenous ampicillin-sulbactam therapy - This is the standard treatment for a peritonsillar abscess. Incision and drainage of the abscess cavity, along with antibiotic therapy, is necessary to treat the infection.
D: Needle aspiration and oral clindamycin therapy - Needle aspiration may temporarily relieve symptoms, but it does not address the abscess cavity as effectively as incision and drainage. Oral antibiotics may not be sufficient for a severe infection like an abscess.
E: Intravenous ampicillin-sulbactam therapy - While antibiotics are an important part of the treatment, they are not sufficient without addressing the abscess cavity through incision and drainage.

Given the clinical presentation and the need to address both the infection and the abscess cavity, the most appropriate next step in management is incision and drainage of the abscess along with antibiotic therapy. Therefore, the answer is (C) Incision and drainage with intravenous ampicillin-sulbactam therapy.",,,0.0,0.0,"What is the most likely diagnosis for this patient?
What is the recommended treatment for this condition?"
"A 24-year-old man is brought to the emergency department by the police. He was found unconscious and covered in bruises outside of a local bar. The patient has a past medical history of polysubstance abuse, depression, multiple suicide attempts, neuropathic pain, and schizophrenia. As part of the patient’s initial workup, a head CT is performed which is unremarkable, and an arterial blood gas is performed as seen below:

pH: 7.29
PaCO2: 95 mm Hg
PaO2: 70 mm Hg
Bicarbonate: 24 mEq/L

Which of the following is the most likely etiology of this patient’s current presentation?

Options:
A: Alcohol
B: Amitriptyline
C: Cocaine
D: Ethylene glycol
E: Heroin",E,E,True,"First, let's analyze the arterial blood gas (ABG) results provided:

- pH: 7.29 (normal range: 7.35-7.45), which indicates acidemia.
- PaCO2: 95 mm Hg (normal range: 35-45 mm Hg), which is elevated, suggesting respiratory acidosis.
- PaO2: 70 mm Hg (normal range: 75-100 mm Hg), which is decreased, indicating hypoxemia.
- Bicarbonate: 24 mEq/L (normal range: 22-28 mEq/L), which is within the normal range.

The patient has a primary respiratory acidosis with a normal anion gap metabolic acidosis. This means that the primary problem is the high PaCO2, which is causing the acidemia, and the bicarbonate level is normal, suggesting there is not a concurrent metabolic acidosis.

Now, let's consider the possible etiologies based on the options provided:

A: Alcohol - Chronic alcohol abuse can lead to respiratory depression and thus respiratory acidosis. However, it is less likely to cause a normal anion gap metabolic acidosis.

B: Amitriptyline - Overdose of tricyclic antidepressants like amitriptyline can cause a mixed acid-base disorder, typically starting with respiratory alkalosis due to anticholinergic effects, followed by a shift to respiratory acidosis. However, this would also typically present with an elevated anion gap due to accumulation of acidic metabolites.

C: Cocaine - Cocaine overdose can cause a hyperventilation-induced respiratory alkalosis, not respiratory acidosis.

D: Ethylene glycol - Ingestion of ethylene glycol leads to a high anion gap metabolic acidosis due to the accumulation of its toxic metabolites, not a primary respiratory acidosis.

E: Heroin - Heroin overdose typically causes respiratory depression and thus respiratory acidosis. However, it is not associated with a concurrent metabolic acidosis, and the anion gap would not be affected.

Given the ABG results and the patient's history, the most likely etiology is a drug that causes respiratory acidosis without a concurrent metabolic acidosis. Among the options, alcohol and heroin are the most likely to cause respiratory acidosis. However, the normal anion gap metabolic acidosis suggests the presence of an underlying condition or substance that is not causing a significant metabolic disturbance. Alcohol can cause a mixed picture with both respiratory and metabolic effects, but the normal anion gap makes this less likely. Heroin overdose is more consistent with the presentation of isolated respiratory acidosis.

Therefore, the answer is (E) Heroin.","Key thought process: Is this a simple ABD or a mixed ABD?  
Often, acid-base disturbances are first identified when the results of laboratory tests ordered to evaluate the patient’s symptoms demonstrate alterations in the bicarbonate level, pH, or Paco2. The possibility of an acid-base disorder is suggested by clinical events such as toxic ingestions, severe vomiting, or diarrhea, as well as in patients with diseases primarily affecting the lungs and kidneys. All critically ill patients and all patients being mechanically ventilated should have an assessment of their acid-base status. When an acid-base disturbance is identified or suspected, elucidation of its underlying cause(s) is central to appropriate management.  
Painful arterial blood sampling is unnecessary for the evaluation of acid-base disturbances. Paco2, HCO3−, and pH values taken from peripheral venous, central venous, intraosseous, and capillary blood are all suitable for acid-base assessment.
---
The document provides a comprehensive overview of acid-base disorders, focusing on the diagnosis and management of metabolic and respiratory acidosis and alkalosis. Key diagnostic principles include the use of the anion gap and delta gap to identify mixed acid-base disorders, and the importance of assessing respiratory compensation in acute metabolic acidosis. Management strategies emphasize the need for appropriate ventilation support and caution against the empirical use of sodium bicarbonate, except in life-threatening acidemia. The document also outlines differential diagnoses for various acid-base disturbances, such as respiratory acidosis due to hypoventilation and metabolic acidosis from intrinsic or extrinsic acids. Additionally, it highlights the potential complications of bicarbonate therapy and the physiological effects of altered blood pH on calcium binding, which can lead to symptoms like paresthesias and muscle cramps in hyperventilation.",cc-124.md,15.707815170288086,15.678542613983154,"What condition is associated with the given arterial blood gas (ABG) results?
What conditions can cause a mixed acid-base disorder?
Which substance overdose can lead to a mixed respiratory acidosis and metabolic alkalosis?"
"A 3-year-old girl is brought to the emergency department by her parents for an acute arm injury. The mother reports that they were walking in the park and the patient’s dad was swinging the patient in the air by her arms. The dad reports he then heard a click and the patient immediately began to cry. On examination, the patient is holding her right forearm in a pronated position and her elbow slightly flexed. Pain is localized to the lateral aspect of the elbow. She refuses to use the affected limb. She does allow passive flexion and extension with full range of motion but supination is limited and causes pain. Which of the following is the next step in management?

Options:
A: Immobilization
B: Moderate flexion then hyperpronation
C: Open reduction
D: Radiograph
E: Supination then maximal extension",B,B,True,"The patient is a 3-year-old girl who has sustained an acute arm injury while being swung by her arms. The history provided suggests a possible fracture or dislocation, especially given the ""click"" sound heard by the father and the immediate onset of pain. The examination findings are consistent with a specific injury pattern: the patient is holding her forearm in pronation and there is pain on the lateral aspect of the elbow, with limited supination. This presentation is suggestive of a nursemaid's elbow, which is a subluxation of the radial head.

The typical management for a nursemaid's elbow involves gentle manipulation to reduce the subluxation. The correct technique is to apply moderate flexion to the arm and then hyperpronate the forearm (turning it inward and downward) to pop the radial head back into its socket. Immobilization (A) is not typically required as this is a non-displaced subluxation. Open reduction (C) would be indicated for a displaced fracture or a dislocation that cannot be reduced by manual methods. Radiograph (D) is usually not necessary for typical nursemaid's elbow unless there is concern for a fracture or the reduction is not easily achieved. Supination then maximal extension (E) is not the correct technique for reducing a nursemaid's elbow and could potentially worsen the subluxation.

Therefore, the answer is (B) Moderate flexion then hyperpronation.",,,0.0,0.0,"What is the most common cause of arm fractures in toddlers?
What is the most common site of fracture in toddlers with arm fractures?
How is a ""nursemaid's elbow"" treated?"
