question,correct_answer_letter,model_answer,stepback_rag_is_correct,model_full_response,rag_context_used,rag_context_filenames,max_score,mean_score,stepback_questions
"A 39-year-old woman is brought to the emergency department because of fevers, chills, and left lower quadrant pain. Her temperature is 39.1°C (102.3°F), pulse is 126/min, respirations are 28/min, and blood pressure is 80/50 mm Hg. There is blood oozing around the site of a peripheral intravenous line. Pelvic examination shows mucopurulent discharge from the cervical os and left adnexal tenderness. Laboratory studies show:
Platelet count 14,200/mm3
Fibrinogen 83 mg/mL (N = 200–430 mg/dL)
D-dimer 965 ng/mL (N < 500 ng/mL)
When phenol is applied to a sample of the patient's blood at 90°C, a phosphorylated N-acetylglucosamine dimer with 6 fatty acids attached to a polysaccharide side chain is identified. A blood culture is most likely to show which of the following?""

Options:
A: Coagulase-positive, gram-positive cocci forming mauve-colored colonies on methicillin-containing agar
B: Encapsulated, gram-negative coccobacilli forming grey-colored colonies on charcoal blood agar
C: Spore-forming, gram-positive bacilli forming yellow colonies on casein agar
D: Lactose-fermenting, gram-negative rods forming pink colonies on MacConkey agar
E: Gamma-hemolytic, gram-positive cocci forming green colonies on vancomycin agar",D,D,True,"The patient presents with fevers, chills, left lower quadrant pain, hypotension, and signs of disseminated intravascular coagulation (DIC), as evidenced by the low platelet count, low fibrinogen, and high D-dimer levels. The presence of mucopurulent discharge from the cervical os and left adnexal tenderness suggests a pelvic infection, which could be a tubo-ovarian abscess or pelvic inflammatory disease (PID).

The identification of a phosphorylated N-acetylglucosamine dimer with 6 fatty acids attached to a polysaccharide side chain after applying phenol to the patient's blood indicates the presence of lipopolysaccharide (LPS), which is a component of the outer membrane of gram-negative bacteria. This finding suggests that the causative organism is likely a gram-negative bacterium.

Now, let's analyze the options:

A: Coagulase-positive, gram-positive cocci forming mauve-colored colonies on methicillin-containing agar - This describes Staphylococcus aureus, which is gram-positive and would not have LPS in its cell wall.

B: Encapsulated, gram-negative coccobacilli forming grey-colored colonies on charcoal blood agar - This could describe Haemophilus influenzae or Neisseria meningitidis, which are encapsulated gram-negative bacteria. However, these organisms are not typically associated with pelvic infections.

C: Spore-forming, gram-positive bacilli forming yellow colonies on casein agar - This describes organisms like Clostridium, which is gram-positive and would not have LPS in its cell wall.

D: Lactose-fermenting, gram-negative rods forming pink colonies on MacConkey agar - This describes Escherichia coli, a common cause of urinary tract infections and pelvic infections, which is gram-negative and would have LPS in its cell wall.

E: Gamma-hemolytic, gram-positive cocci forming green colonies on vancomycin agar - This describes Streptococcus pneumoniae, which is gram-positive and would not have LPS in its cell wall.

Given the information provided and the likely association with a pelvic infection, the most likely organism is a lactose-fermenting, gram-negative rod, which is consistent with Escherichia coli. Therefore, the answer is (D) Lactose-fermenting, gram-negative rods forming pink colonies on MacConkey agar.",,,0.0,0.0,"What is the likely diagnosis for this patient?
What is the most common causative organism for this condition?
Which blood culture is most likely to show this organism?"
"A 39-year-old man presents to the emergency department because of progressively worsening chest pain and nausea that started at a local bar 30 minutes prior. The pain radiates to the epigastric area. He has a 5-year history of untreated hypertension. He has smoked 1 pack of cigarettes daily for the past 5 years and started abusing cocaine 2 weeks before his emergency room visit. The patient is diaphoretic and in marked distress. What should be the first step in management?

Options:
A: Diltiazem
B: Labetalol
C: Nitroglycerin
D: Propranolol
E: Reassurance and continuous monitoring",E,C,False,"The patient presents with symptoms suggestive of acute coronary syndrome (ACS), which includes unstable angina and myocardial infarction. The symptoms include worsening chest pain, nausea, and radiation to the epigastric area, along with diaphoresis and distress. The patient's risk factors for coronary artery disease (CAD) include a history of untreated hypertension, smoking, and recent cocaine abuse.

The first step in the management of a patient with suspected ACS is to address the acute coronary event and stabilize the patient. This typically includes the administration of nitroglycerin to relieve ischemic chest pain, aspirin to prevent platelet aggregation, and oxygen if the patient is hypoxic. Beta-blockers like propranolol may be used in the setting of ACS, but they are not typically the first line in the acute setting unless there are specific indications such as tachycardia or hypertension. Calcium channel blockers like diltiazem and labetalol are not first-line treatments for ACS. Reassurance and continuous monitoring are important, but they are not the first step in the presence of active symptoms and risk factors for AMI.

Therefore, the answer is (C) Nitroglycerin.","This document provides an in-depth discussion on the management of Acute Coronary Syndrome (ACS), focusing on diagnostic criteria, treatment strategies, and specific considerations in various clinical scenarios. Key topics include the pathophysiology of ACS, emphasizing the importance of serial ECGs due to their limited sensitivity in initial presentations. The Sgarbossa criteria are highlighted for diagnosing AMI in patients with pre-existing left bundle branch block (LBBB). The document also covers Takotsubo cardiomyopathy, characterized by ST elevation without obstructive coronary artery disease, often triggered by stress. The kinetics of cardiac biomarkers, particularly troponins and CK-MB, are detailed, noting their diagnostic timelines and limitations. Management strategies for ACS include the use of antiplatelet and antithrombotic therapies, with specific guidelines for the use of fibrinolytics and PCI, including eligibility criteria and contraindications. The document also addresses the management of
---
The document focuses on acute coronary syndrome (ACS), detailing the definitions and pathophysiology of stable angina, unstable angina (UA), and acute myocardial infarction (AMI). It emphasizes the importance of early recognition and management of AMI, including prehospital care with ECG, ASA, nitroglycerin, and oxygen administration. The document outlines risk factors for coronary artery disease (CAD) and atypical ACS presentations, highlighting the diagnostic challenges and potential for delayed treatment in atypical cases. It describes the progression of ECG changes in STEMI and the significance of Wellens' sign, a predictor of critical LAD artery stenosis. The document also lists early complications of AMI, such as arrhythmias and cardiogenic shock, and their management strategies. Additionally, it provides a differential diagnosis for ST-elevation and describes ECG features of various cardiac conditions, including benign early repolarization, pericarditis, and bundle branch blocks.
---
For patients who have a contraindication to opioids such as allergy or hypotension, sub dissociative ketamine would be a reasonable option to consider for treating acute pain.",cc-78-1.md | cc-78.md | sgem-130.md,5.520236968994141,3.613579034805298,"What is the most likely diagnosis for a patient with chest pain radiating to the epigastric area, diaphoresis, and a history of cocaine abuse?
What is the initial management for acute coronary syndrome?
Which medication is contraindicated in a patient with suspected acute coronary syndrome?"
"A 65-year-old man is brought to the emergency department 30 minutes after the onset of acute chest pain. He has hypertension and asthma. Current medications include atorvastatin, lisinopril, and an albuterol inhaler. He appears pale and diaphoretic. His pulse is 114/min and blood pressure is 130/88 mm Hg. An ECG shows ST-segment depressions in leads II, III, and aVF. Laboratory studies show an increased serum troponin T concentration. The patient is treated for acute coronary syndrome and undergoes percutaneous transluminal coronary angioplasty. At the time of discharge, echocardiography shows a left ventricular ejection fraction of 58%. In addition to aspirin, which of the following drugs should be added to this patient's medication regimen?

Options:
A: Nifedipine
B: Enoxaparin
C: Clopidogrel
D: Spironolactone
E: Propranolol
""",C,C,True,"First, let's summarize the available information:
- The patient is a 65-year-old man with a history of hypertension and asthma.
- He has been treated for acute chest pain, which is indicative of an acute coronary syndrome, and he underwent percutaneous transluminal coronary angioplasty.
- His echocardiography shows a left ventricular ejection fraction of 58%, which is within the normal range.
- The question asks which drug, in addition to aspirin, should be added to his medication regimen.

Now, let's consider the options:
A: Nifedipine is a calcium channel blocker used for hypertension and angina, but it is not typically used in the setting of acute coronary syndrome post-angioplasty.
B: Enoxaparin is an anticoagulant used for the prevention of deep vein thrombosis, typically given during hospitalization for acute coronary syndrome, but it is not usually continued long-term.
C: Clopidogrel is an antiplatelet agent that is often used in combination with aspirin (dual antiplatelet therapy) to prevent stent thrombosis and recurrent cardiovascular events in patients with acute coronary syndrome.
D: Spironolactone is a diuretic and potassium-sparing aldosterone antagonist used for heart failure and hypertension, but it is not typically added immediately after an acute coronary event.
E: Propranolol is a beta-blocker used for hypertension, angina, and post-myocardial infarction, but it is not typically added immediately post-angioplasty unless there are specific indications such as tachycardia or arrhythmias.

Given that the patient has undergone angioplasty, the standard of care would be to continue dual antiplatelet therapy (aspirin plus a P2Y12 inhibitor) for a certain period to prevent stent thrombosis. Clopidogrel is a P2Y12 inhibitor and is appropriate in this setting.

Therefore, the answer is (C) Clopidogrel.","As per the Canadian Best Practice guidelines here, we should be starting patients with TIAs in the ED on antiplatelet therapy (as long as they have no contraindications). The NNT for this is 77. ASA alone if not currently on antiplatelet. Add second antiplatelet agent (e.g., Plavix plus ASA) if already on single agent and had a TIA.  
The more recent CHANCE trial found that dual antiplatelet therapy with aspirin and clopidogrel for 90 days significantly reduced recurrent stroke (from 11.7% to 8.2%) in patients initially presenting with high-risk TIA or mild stroke (NIHSS below 4). Aspirin should not be given for the first 24 hours to patients who have received a fibrinolytic agent and not until a swallowing study has been performed - Rosen’s 9th Ed.  
Currently viable strategies include blood pressure reduction, statins, antiplatelet therapy, and lifestyle modification, including smoking cessation.
---
In the case of a 65-year-old man with a mild ischemic stroke, the clinical decision revolves around whether to prescribe aspirin alone or in combination with ticagrelor. While aspirin is a standard treatment to prevent recurrent strokes, recent trials have shown mixed results regarding dual antiplatelet therapy. The combination of aspirin and clopidogrel has not consistently reduced stroke recurrence and has increased bleeding risks. Ticagrelor, a direct-acting antiplatelet, when combined with aspirin, showed a reduction in stroke or death within 30 days compared to aspirin alone, but with a higher incidence of severe bleeding and no significant improvement in disability outcomes. Given these findings, the recommendation is to discharge the patient on aspirin alone, with a follow-up in a TIA/Stroke Clinic, emphasizing the importance of risk assessment and shared decision-making in managing antiplatelet therapy.",cc-101.md | sgem-303.md,3.453932285308838,2.483121633529663,"What is the recommended duration of dual antiplatelet therapy after percutaneous transluminal coronary angioplasty (PTCA)?
Which antiplatelet agent should be continued long-term after PTCA?
Which antiplatelet agent should be added to the patient's regimen at discharge?"
"A 59-year-old overweight woman presents to the urgent care clinic with the complaint of severe abdominal pain for the past 2 hours. She also complains of a dull pain in her back with nausea and vomiting several times. Her pain has no relation with food. Her past medical history is significant for recurrent abdominal pain due to cholelithiasis. Her father died at the age of 60 with some form of abdominal cancer. Her temperature is 37°C (98.6°F), respirations are 15/min, pulse is 67/min, and blood pressure is 122/98 mm Hg. Physical exam is unremarkable. However, a CT scan of the abdomen shows a calcified mass near her gallbladder. Which of the following diagnoses should be excluded first in this patient?

Options:
A: Acute cholecystitis
B: Gallbladder cancer
C: Choledocholithiasis
D: Pancreatitis
E: Duodenal peptic ulcer",B,B,True,"The patient is a 59-year-old overweight woman presenting with severe abdominal pain, back pain, nausea, and vomiting. Her past medical history includes recurrent abdominal pain due to cholelithiasis. The presence of a calcified mass near her gallbladder on a CT scan is a significant finding.

Let's evaluate the options:

A: Acute cholecystitis is an inflammation of the gallbladder, often caused by gallstones. While the patient has a history of cholelithiasis, the presence of a calcified mass suggests a more serious condition.

B: Gallbladder cancer is a possibility, especially given the patient's age, obesity, and the presence of a calcified mass near the gallbladder. This would be consistent with the imaging findings and her symptoms.

C: Choledocholithiasis refers to gallstones in the common bile duct. This could cause similar symptoms, but the CT scan specifically shows a mass near the gallbladder, which is not typical for choledocholithiasis alone.

D: Pancreatitis is inflammation of the pancreas, which can be caused by gallstones. However, the CT scan does not indicate pancreatitis, and the presence of a mass near the gallbladder is not typical for pancreatitis.

E: Duodenal peptic ulcer is a condition that can cause abdominal pain, but it is not typically associated with a calcified mass near the gallbladder.

Given the presence of a calcified mass near the gallbladder and the patient's symptoms, gallbladder cancer should be considered as a serious diagnosis and should be excluded first. Therefore, the answer is (B) Gallbladder cancer.","80% of cases are due to - malignancy (inpatients) or hyperparathyroidism (outpatients).  
**Box 117.7: Five Most Common Causes of Hypercalcemia**  
**Malignant Disease**  
1. Ectopic secretions of parathyroid hormone, multiple myeloma, cancer metastatic to bone
2. Most common: Breast, lung, hematologic, kidney, prostate  
**Endocrine**  
1. Hyperparathyroidism, multiple endocrine neoplasias, hyperthyroidism, pheochromocytoma, adrenal insufficiency  
**Granulomatous Disease**  
1. Sarcoidosis, tuberculosis, histoplasmosis, berylliosis, coccidioidomycosis  
**Pharmacologic Agents**  
1. Vitamins A and D, thiazide diuretics, estrogens, milk-alkali syndrome  
**Miscellaneous**  
1. Dehydration, prolonged immobilization, iatrogenic, rhabdomyolysis, familial, laboratory error  
Key ones to think about:  
- Cancer crisis: heme, breast, lung, the “double” organs
- Hyperparathyroidism
- Sarcoidosis
- Vitamin A/D overdose
- Late finding in rhabdomyolysis  
**Clinical features:**  
NON-SPECIFIC!
---
- Type II is caused by a single organism, in any age group and in patients who are not chronically ill. Group A streptococci are most common; this aggressively virulent agent is known as flesh-eating bacteria.  
Risk factors:  
Type I:  
- Diabetes
- IV drug use
- Obesity
- Immunosuppression
- Recent surgery
- Traumatic wounds
- Peripheral vascular disease  
Type II:  
- Any age group, especially without any medical history
- History of skin injury (e.g., laceration or burn)
- Blunt trauma
- Recent surgery
- Childbirth
- Injection drug use
- Varicella infection (chickenpox)
---
REMEMBER: Strokes in children are rare; unlike adults, the incidence of hemorrhagic and ischemic strokes is roughly equal - 50-50. (~1 in 100k). SAH is also much less common (0.4 in 100k) and is often aneurysmal.  
One could think categorically about the common etiologies and risk factors of ischemic stroke, as recommended by UpToDate:  
- Cardiac abnormalities
- Vascular lesions
- Hematologic abnormalities
- Infection
- Head and neck trauma
- Genetic conditions.  
Additionally, you could also break it down with Virchow’s Triangle:  
- Venous stasis
- Endothelial injury
- Hypercoagulable  
Or, you could consider the risk factors for stroke in pediatric patients by thinking about common causes:  
- Sickle cell disease (puts you at risk for BOTH hemorrhagic and ischemic strokes)
- This is the most cause of strokes in children
- Structural heart disease (embolic vs. complication of anticoagulation)
- Moyamoya disease  
For the hemorrhagic strokes, typically these are due to:  
- Ruptured AVM’s
---
- Most common causes: falls, MVCs
- Leading cause of death for people < 25 yrs old
- There may be no external indicators on someone with a serious TBI
---
- Trauma is the leading cause of death in people aged 1-44 years.",cc-41.md | cc-175.md | cc-125.md | cc-36.md | cc-137.md,4.134100914001465,3.134777307510376,"What is the most common cause of abdominal pain in the setting of a calcified mass near the gallbladder?
What is the most common complication of this condition?
What is the most common malignancy associated with this condition?
What is the most common symptom of this condition?
What is the most common sign of this condition?
What is the most common diagnostic test for this condition?
What is the most common treatment for this condition?
What is the most common risk factor for this condition?
What is the most common cause of death in patients with this condition?
What is the most common symptom of this condition?"
"A 29-year-old man presents to the emergency department due to central chest pain over the past 3 days which is constant and unrelated to exertion. The pain is sharp, severe, increases when lying down, and improves with leaning forward. The pain also radiates to his shoulders and neck. The patient has no past medical history. He has smoked 10 cigarettes per day for the past 7 years and occasionally drinks alcohol. He presents with vital signs: blood pressure 110/70 mm Hg, regular radial pulse of 95/min, and temperature 37.3°C (99.1°F). On physical exam, a scratching sound of to-and-from character is audible over the left sternal border at end-expiration with the patient leaning forward. His chest X-ray is normal and ECG is shown in the picture. Which of the following is the optimal therapy for this patient?

Options:
A: Indomethacin +/- omeprazole
B: Ibuprofen + colchicine +/- omeprazole
C: Prednisone + colchicine
D: Pericardiocentesis
E: Pericardiectomy",B,B,True,"First, let's summarize the available information:
- The patient is a 29-year-old man.
- He presents with central chest pain that is sharp, severe, and increases when lying down.
- The pain improves with leaning forward and radiates to the shoulders and neck.
- There is no past medical history provided.
- The patient has a history of smoking and occasional alcohol use.
- Vital signs are within normal limits except for a slightly elevated temperature.
- A scratching sound (pericardial friction rub) is heard over the left sternal border.
- The chest X-ray is normal.
- The ECG is shown in the picture (not provided here, but we can infer it is likely abnormal given the context).

The clinical presentation is suggestive of acute pericarditis, which is characterized by chest pain that is positional and relieved by sitting forward, a pericardial friction rub, and potentially associated symptoms such as fever and myalgia.

Now, let's evaluate the treatment options:

A: Indomethacin +/- omeprazole - Indomethacin is a nonsteroidal anti-inflammatory drug (NSAID) that can be used to treat pericarditis. Omeprazole is a proton pump inhibitor that can be used to manage NSAID-related gastric side effects.

B: Ibuprofen + colchicine +/- omeprazole - Ibuprofen is another NSAID that can be used for pericarditis. Colchicine is an anti-inflammatory medication that has been shown to reduce the risk of recurrent pericarditis. Omeprazole would be used for gastric protection as with any NSAID use.

C: Prednisone + colchicine - Prednisone is a corticosteroid that can be used in acute pericarditis, often when NSAIDs are contraindicated or ineffective. Colchicine is used for its anti-inflammatory properties, as mentioned before, to reduce the risk of recurrence.

D: Pericardiocentesis - This is a procedure to remove fluid from the pericardial space and is typically reserved for patients with cardiac tamponade or significant pericardial effusion causing symptoms.

E: Pericardiectomy - This is a surgical procedure to remove part or all of the pericardium and is typically reserved for constrictive pericarditis or recurrent pericarditis not responding to medical therapy.

Given the patient's presentation and the absence of any mention of cardiac tamponade or constrictive pericarditis, the optimal initial therapy would be medical management rather than invasive procedures. Among the medical options, colchicine is often recommended to reduce the risk of recurrence in acute pericarditis, and it is commonly used in conjunction with NSAIDs like ibuprofen for symptom relief.

Therefore, the answer is (B) Ibuprofen + colchicine +/- omeprazole.","- Chest pain
- Sharp
- Pleuritic
- Varies with position
- Relieved by sitting forward and worse lying down/deep breath in/swallowing
- May radiate to shoulders/diaphragm
- Hx of fevers and myalgia
- The friction rub - is typically only heard in sound-proofed cardiologists' offices  
***There is no single test that is diagnostic for pericarditis***",cc-82.md,3.2916152477264404,3.2916152477264404,"What is the most likely diagnosis for a patient with central chest pain that is positional and sharp, radiates to the shoulders, and improves with leaning forward?
What is the characteristic finding on auscultation for a patient with this condition?
What is the best initial test for this condition?
What is the treatment of choice for this condition?"
"A 46-year-old man is brought to the emergency department for evaluation of altered mental status. He was found on the floor in front of his apartment. He is somnolent but responsive when aroused. His pulse is 64/min, respiratory rate is 15/min, and blood pressure is 120/75 mm Hg. On physical examination, an alcoholic smell and slurred speech are noted. Neurological exam shows diminished deep tendon reflexes bilaterally and an ataxic gait. His pupils are normal. Blood alcohol concentration is 0.04%. An ECG shows no abnormalities. Which of the following is the most likely cause of this patient's symptoms?

Options:
A: Hypoglycemia
B: Cerebral ischemia
C: Ethanol intoxication
D: Cannabis intoxication
E: Benzodiazepine intoxication
""",E,C,False,"The patient presents with altered mental status, somnolence, an alcoholic smell, slurred speech, diminished deep tendon reflexes, and an ataxic gait. The blood alcohol concentration is 0.04%, which is above the legal intoxication level in many jurisdictions but may not be sufficiently high to cause severe intoxication symptoms. However, the presence of an alcoholic smell and slurred speech, along with the ataxic gait and the absence of other abnormal findings such as abnormal pupils or ECG changes, suggests that the symptoms are likely due to alcohol consumption.

Hypoglycemia (A) can cause altered mental status, but there is no information provided about blood glucose levels, and the presence of an alcoholic smell and slurred speech points away from this diagnosis.

Cerebral ischemia (B) could cause altered mental status, but it is less likely in the absence of risk factors, symptoms of stroke, or abnormal neurological findings such as focal deficits, which are not described in the scenario.

Ethanol intoxication (C) is consistent with the presentation, including the smell of alcohol, slurred speech, ataxic gait, and diminished reflexes. The blood alcohol concentration supports this diagnosis, although the level is not extremely high.

Cannabis intoxication (D) can cause altered mental status and ataxia, but the smell of alcohol and the patient's presentation are more indicative of ethanol intoxication.

Benzodiazepine intoxication (E) can also present with altered mental status and ataxia, but the patient's history and presentation are more consistent with alcohol intoxication, and benzodiazepine intoxication would not explain the alcoholic smell.

Given the information provided, the most likely cause of the patient's symptoms is ethanol intoxication. Therefore, the answer is (C) Ethanol intoxication.",,,0.0,0.0,"What condition presents with altered mental status, slurred speech, diminished deep tendon reflexes, and ataxic gait?
What laboratory test is recommended to evaluate for this condition?
What other clinical findings would support this diagnosis?"
"A 6-year-old boy is brought to the emergency department by his mother for worsening wheezing and shortness of breath over the past day. He has not had a fever, cough, vomiting, or diarrhea. He has asthma and eczema. He uses a glucocorticoid inhaler and an albuterol inhaler but has missed his medications for the past week while on vacation. He appears uncomfortable. His temperature is 36°C (96.8°F), pulse is 120/min, respirations are 40/min, and blood pressure is 100/80. Expiratory and inspiratory wheezing is heard throughout both lung fields. There are moderate intercostal and subcostal retractions and a decreased inspiratory to expiratory ratio. Nebulized albuterol and ipratropium treatments and intravenous methylprednisolone are given in the emergency department for a presumed asthma exacerbation. One hour later, the child is limp and lethargic. Magnesium sulfate is administered. His temperature is 36°C (96.8°F), pulse is 150/min, respirations are 22/min, and blood pressure is 100/70. No wheezing is heard on repeat pulmonary examination. Which of the following is the most appropriate next step in management?

Options:
A: Intubate with mechanical ventilation
B: Perform needle thoracostomy at the 2nd intercostal space
C: Perform bronchoscopy
D: Provide helium and oxygen mixture
E: Provide additional dose of methylprednisolone",A,A,True,"The patient is a 6-year-old boy with a history of asthma and eczema, presenting with worsening wheezing and shortness of breath. He has missed his asthma medications for a week and is now experiencing an acute exacerbation. Initial treatment with nebulized albuterol and ipratropium, along with intravenous methylprednisolone, is appropriate for a severe asthma exacerbation. However, one hour later, the child has become limp and lethargic, and there is a significant change in his pulmonary examination, with no wheezing heard. This suggests that his condition has deteriorated, likely due to severe bronchospasm or impending respiratory failure.

The absence of wheezing on repeat examination is particularly concerning, as it may indicate a severe exacerbation that is not responding to initial treatments. The patient's vital signs show tachycardia and tachypnea with a decreased inspiratory to expiratory ratio, which are signs of respiratory distress.

Given the options provided:

A: Intubation with mechanical ventilation is a consideration for severe asthma exacerbations that do not respond to initial treatments and when the patient is in respiratory failure or imminent respiratory failure.

B: A needle thoracostomy (chest tube placement) is indicated for a pneumothorax or pleural effusion, which does not seem to be the case here.

C: Bronchoscopy is a diagnostic procedure and is not the immediate next step in the management of a severe asthma exacerbation.

D: Providing a helium and oxygen mixture (Heliox) can help reduce the work of breathing in obstructive lung diseases, but it is not the primary intervention for a patient in acute respiratory failure.

E: While additional steroids could be considered in the management of an asthma exacerbation, the patient's current state suggests that he requires immediate respiratory support.

Considering the urgency of the situation and the need for immediate intervention to support the patient's breathing, the most appropriate next step in management is to secure the airway and provide respiratory support.

Therefore, the answer is (A) Intubate with mechanical ventilation.",,,0.0,0.0,"What is the most common cause of sudden respiratory failure in a previously wheezing child?
What is the most appropriate next step in management for a child with a sudden decrease in respiratory effort and worsening respiratory distress after initial treatment for asthma exacerbation?"
"A 3-year-old boy presents to the emergency department with a ‘cough-like-a-seal bark’ and a high-pitched inspiratory noise that is audible without a stethoscope. His mother reports that his cough has worsened over the last few hours. The patient's blood pressure is 118/78 mm Hg, pulse is 90/min, respiratory rate is 35/min, and temperature is 38.3°C (101.1°F). On physical examination, the boy is sitting and leaning forward in apparent respiratory distress with suprasternal and intercostal retractions. Auscultation reveals inspiratory stridor without wheezing. He has a frequent barking cough and a hoarse voice when he speaks. What is a chest X-ray likely to show?

Options:
A: Diffuse streaky infiltrates
B: Increased interstitial markings
C: Lobar consolidation in the lingual
D: Thumbprint sign on the lateral image
E: Steeple sign",E,E,True,"The patient's presentation with a 'cough-like-a-seal bark', high-pitched inspiratory noise audible without a stethoscope, and inspiratory stridor, along with the physical examination findings of suprasternal and intercostal retractions, suggest a diagnosis of croup. Croup is a common respiratory condition in children characterized by inflammation and swelling of the upper airways, typically caused by a viral infection. The presence of a fever and a hoarse voice also supports this diagnosis.

The classic radiographic finding associated with croup is the ""steeple sign,"" which is the narrowing of the subglottic airway seen on a frontal chest X-ray, making the upper airway appear tapered like a church steeple.

Let's evaluate the options:

A: Diffuse streaky infiltrates - This finding is more consistent with a diffuse pulmonary process such as viral pneumonia or interstitial lung disease, not croup.

B: Increased interstitial markings - This could be seen in interstitial lung diseases but is not specific for croup.

C: Lobar consolidation in the lingual - Lobar consolidation is typically associated with bacterial pneumonia, not croup.

D: Thumbprint sign on the lateral image - The thumbprint sign is associated with epiglottitis, which is a different condition and presents with a swollen epiglottis on a lateral neck X-ray, not a chest X-ray.

E: Steeple sign - This is the classic finding in croup on a chest X-ray.

Given the clinical presentation and the typical radiographic findings in croup, the chest X-ray is likely to show the steeple sign. Therefore, the answer is (E) Steeple sign.",,,0.0,0.0,"What is the most common cause of a barking cough and inspiratory stridor in a child?
What radiographic finding is associated with this condition?"
"A 4-year-old previously healthy boy presents with 4 days of intermittent vomiting and 5-6 daily loose stools. His mother noted bloody stools and decreased oral intake of food and water over the last 24 hours. He is normally in daycare; however, he has been home for the past 3 days. On physical exam his temperature is 102.2°F (39°C), blood pressure is 140/90 mmHg, pulse is 120/min, respirations are 22/min and O2 saturation is 99% on room air. He has dry mucous membranes. On abdominal exam you note diffuse tenderness to palpation without rebound or guarding. There are no masses, hepatosplenomegaly, and bowel sounds are hyperactive. Ultrasound of the right lower quadrant is negative for appendicitis. Stool is guaiac positive. He receives 15mg/kg acetaminophen and fluids are started. The next day, he complains of lower extremity weakness and tingling. On repeat exam, lower extremity strength is 3/5 with diminished patellar deep tendon reflexes. Which of the following lab findings would most likely be seen in this patient?

Options:
A: Gram stain positive CSF
B: Peripheral eosinophilia
C: Xanthochromia on cerebrospinal fluid analysis
D: Increased cerebrospinal fluid protein with normal cell count
E: Oligoclonal bands on cerebrospinal fluid analysis",D,D,True,"Summary of the available information:
- A 4-year-old boy presents with a history of vomiting, loose stools, bloody stools, and decreased oral intake.
- He has a fever, increased blood pressure, tachycardia, and normal oxygen saturation.
- Physical examination shows dry mucous membranes, diffuse abdominal tenderness, and hyperactive bowel sounds.
- An ultrasound rules out appendicitis.
- Stool guaiac test is positive, indicating the presence of blood.
- After receiving acetaminophen and fluids, the boy develops lower extremity weakness and tingling.
- On repeat exam, he has reduced strength and diminished reflexes in the lower extremities.

Based on the history and symptoms, the boy likely has an infection causing gastroenteritis, which has led to dehydration (dry mucous membranes) and possibly sepsis (fever, high blood pressure, tachycardia). The bloody stools and positive guaiac test suggest a more severe form of gastroenteritis, such as bacterial enteritis or inflammatory bowel disease.

The new symptoms of lower extremity weakness and tingling, along with the reduced strength and diminished reflexes, suggest a neurological complication. In the context of an infection, this could be indicative of Guillain-Barré syndrome (GBS), which is a post-infectious immune-mediated polyneuropathy. GBS often follows gastrointestinal or respiratory infections and presents with ascending muscle weakness and diminished reflexes.

Now, let's analyze the lab findings options:

A: Gram stain positive CSF would indicate bacterial meningitis, which is not consistent with the presentation (no fever, no neck stiffness, and normal oxygen saturation).

B: Peripheral eosinophilia is typically associated with parasitic infections or allergic reactions, which do not fit the clinical picture.

C: Xanthochromia on cerebrospinal fluid analysis is associated with subarachnoid hemorrhage, which is not suggested by the history or examination findings.

D: Increased cerebrospinal fluid protein with normal cell count is characteristic of Guillain-Barré syndrome, which fits the clinical presentation of ascending weakness and diminished reflexes following an infection.

E: Oligoclonal bands on cerebrospinal fluid analysis are associated with multiple sclerosis and other inflammatory conditions of the central nervous system, which are less likely in this acute post-infectious setting.

Based on the clinical presentation and the process of elimination, the most likely lab finding would be increased cerebrospinal fluid protein with a normal cell count, which is consistent with Guillain-Barré syndrome. Therefore, the answer is (D) Increased cerebrospinal fluid protein with normal cell count.","A four-year-old child presents with a one day history of vomiting. They are otherwise healthy, immunized, no fever, no rash, no recent travel, no abdominal pain, no cough, and no sick contacts.",sgem-12.md,2.2127158641815186,2.2127158641815186,"What is the most likely diagnosis for a previously healthy 4-year-old boy with intermittent vomiting, bloody stools, and decreased oral intake?
What are the common complications of this condition that could explain the lower extremity weakness and diminished patellar reflexes?
Which lab finding is associated with these complications?"
"A 42-year-old woman comes to the emergency department because of a 2-day history of right upper abdominal pain and nausea. She is 163 cm (5 ft 4 in) tall and weighs 91 kg (200 lb); her BMI is 34 kg/m2. Her temperature is 38.5°C (101.3°F). Physical examination shows a distended abdomen and right upper quadrant tenderness with normal bowel sounds. Laboratory studies show:
Leukocyte count 14,000/mm3
Serum
Total bilirubin 1.1 mg/dL
AST 32 U/L
ALT 40 U/L
Alkaline phosphatase 68 U/L
Abdominal ultrasonography is performed, but the results are inconclusive. Cholescintigraphy shows the intrahepatic bile ducts, hepatic ducts, common bile duct, and proximal small bowel. Which of the following is the most likely cause of this patient's symptoms?""

Options:
A: Autodigestion of pancreatic parenchyma
B: Hypomotility of the gallbadder
C: Fistula between the gallbladder and small intestine
D: Infection with a hepatotropic virus
E: Obstruction of the cystic duct",E,E,True,"The patient presents with right upper abdominal pain and nausea, fever, and a distended abdomen with right upper quadrant tenderness. The laboratory studies show a mildly elevated leukocyte count, which could indicate an infection or inflammation. The liver function tests (AST, ALT, and alkaline phosphatase) are within normal limits, which makes significant liver damage or biliary obstruction less likely.

The imaging studies are inconclusive, but cholescintigraphy shows the intrahepatic bile ducts, hepatic ducts, common bile duct, and proximal small bowel. This suggests that there is biliary excretion and possibly a problem with bile flow.

Now let's analyze the options:

A: Autodigestion of pancreatic parenchyma - This would typically present with more severe abdominal pain and likely elevated pancreatic enzymes, which are not mentioned in the question.

B: Hypomotility of the gallbladder - This could lead to biliary stasis and pain, but it is less likely to cause fever and would not typically result in the imaging findings described.

C: Fistula between the gallbladder and small intestine - A fistula would likely show abnormalities on imaging, such as air in the gallbladder or bile in the bowel, which are not described here.

D: Infection with a hepatotropic virus - While viral hepatitis can cause right upper quadrant pain, the normal liver function tests and the absence of other symptoms of viral infection (such as malaise, anorexia, or jaundice) make this less likely.

E: Obstruction of the cystic duct - This could explain the right upper quadrant pain and the imaging findings. The cystic duct connects the gallbladder to the common bile duct, and obstruction could lead to distention of the gallbladder and biliary tree, which might be seen on cholescintigraphy.

Given the information provided and the process of elimination, the most likely cause of the patient's symptoms is related to the biliary system, and among the options given, obstruction of the cystic duct is the most plausible explanation for the findings. Therefore, the answer is (E) Obstruction of the cystic duct.","- Causes of pancreatitis in children include viruses, trauma, drugs, and toxins. Biliary disease in children is more commonly caused by cholestasis rather than biliary obstruction. Pigment gallstones are more common than cholesterol stones in children. Biliary tract disease is usually diagnosed with right upper quadrant ultrasound imaging; management strategies are similar to those for adults.
---
See table 81.1 - but in general these are the common adult causes:  
1. Gallstones (40%–70%)
2. Chronic alcohol consumption (25%–35%)
3. Endoscopic retrograde cholangiopancreatography (ERCP)
4. Drugs
5. Trauma
6. Idiopathic (up to 10-30% of the time; may be due to microlithiasis?)  
PEARLS:
- The risk of biliary pancreatitis is actually correlated with the decreasing size of gallstones (inverse relationship! I.e., small tiny gallstones increase the risk!)
- Smoking and diabetes are independent risk factors for the development of pancreatitis
- Females = think stones
- Men = think ETOH  
Pediatric causes:
- Trauma (#1)
- Infection (viral: Mumps and other viruses (EBV, CMV))
- Congenital (aberrant ductal structure, stone forming diseases - sickle cell disease, hereditary spherocytosis)
- Genetic lipid disorders  
Its mnemonic Time: IGETSMASHED  
1. Idiopathic
2. Gallstones
3. Ethanol
4. Trauma
5. Steroids
6. Mumps and other viruses (EBV, CMV, HIV)
7. Autoimmune diseases (SLE, polyarteritis nodosa, pregnancy)
---
The term hepatitis is general. Usually, it refers to one of the TWO most common causes of hepatitis, which are:  
1. Viral hepatitis
2. Alcoholic hepatitis  
But there are other causes, including:  
3. Bacterial
4. Fungal
5. Parasitic
6. Medication induced (e.g., Tylenol)
7. Nutritional / herbal supplements (e.g., mushrooms)
8. Autoimmune  
Most viral causes are from one of five viruses:  
- Hepatitis A = infectious
- Hepatitis B = serum
- Hepatitis C = post-transfusion / serum
- Delta viruses
- Epstein-Barr virus  
Viral hepatitis can present in many ways, and many people can be asymptomatic.  
Look for:  
- Malaise, fever, anorexia, nausea, vomiting, diarrhea. Most people come to medical care once JAUNDICED (scleral icterus occurs first).  
Fulminant hepatitis:  
- Acute onset of hepatic failure with encephalopathy over days to weeks. Usually occurs with HBV-HDV co-infection.  
Usually, we can’t find the precise cause of hepatitis in the ED, but tests should include:
---
Cirrhosis is a generic term for ESLD (end-stage chronic liver disease) - normal hepatocytes are replaced by fibrotic tissue. The cellular changes relate to the underlying cause. For example, infectious causes of hepatitis can lead to post-necrotic cirrhosis whereas cryptogenic cirrhosis occurs after NAFLD.  
Common lab findings:  
- Minimally elevated ALT/AST, increased INR, low albumin, anemia, thrombocytopenia, elevated BUN/creatinine.  
ED management big picture: the three C’s (See table 80.3 in Rosen's 9th Ed.)  
1. Correct fluid/electrolyte abnormalities
2. Complications that need ER treatment:
- Encephalopathy
- GI bleeding
- Plts > 50k
- Fibrinogen > 100 mg/dL (use Cryoprecipitate)
- Vitamin K for bleeding (and elevated INR)
- Ceftriaxone 1 g IV daily until patient is taking food orally - this is for SBP prophylaxis!
- Spontaneous bacterial peritonitis
- Paracentesis*
- Consider antibiotic prophylaxis if high risk for SBP recurrence
- Stoppage of PPI’s and BB’s
- Hepatorenal syndrome",cc-91.md | cc-90.md | cc-172.md,7.83020544052124,5.045018672943115,"What is the most common cause of obstructive jaundice in a patient with a palpable gallbladder?
What is the most common cause of acute cholecystitis?
What is the most common cause of pancreatitis?
What is the most common cause of ascites?
What is the most common cause of hepatomegaly?
What is the most common cause of hepatitis?
What is the most common cause of hepatocellular failure?
What is the most common cause of hepatocellular cancer?
What is the most common cause of cirrhosis?
What is the most common cause of portal hypertension?"
"A 22-year-old woman is brought to the emergency department because of a 2-day history of fever, intermittent rigors, and night sweats. She also has a 1-month history of progressive fatigue. Five weeks ago, she was hospitalized and received intravenous antibiotics for treatment of bacterial meningitis while visiting relatives in Guatemala. Her temperature is 39.4°C (102.9°F), pulse is 130/min, and blood pressure is 105/70 mm Hg. Examination shows pallor and scattered petechiae and ecchymoses. Laboratory studies show a hemoglobin concentration of 9.0 g/dL, a leukocyte count of 1,100/mm3 with 30% segmented neutrophils, and a platelet count of 20,000/mm3 . Blood cultures grow coagulase-negative staphylococci. The patient was most likely treated with which of the following antibiotics?

Options:
A: Doxycycline
B: Trimethoprim/sulfamethoxazole
C: Vancomycin
D: Linezolid
E: Chloramphenicol",E,E,True,"The patient presents with fever, intermittent rigors, night sweats, progressive fatigue, and a history of recent hospitalization and antibiotic treatment for bacterial meningitis. The current symptoms and laboratory findings suggest a possible case of disseminated intravascular coagulation (DIC), as indicated by pallor, petechiae, ecchymoses, low hemoglobin, low leukocyte count, and low platelet count. The growth of coagulase-negative staphylococci in blood cultures could be indicative of a catheter-related bloodstream infection, which is common in patients who have been recently hospitalized and received intravenous antibiotics.

When considering the antibiotics listed, it's important to note that coagulase-negative staphylococci are often resistant to methicillin and thus are typically treated with antibiotics that cover methicillin-resistant Staphylococcus aureus (MRSA). Among the options provided:

A) Doxycycline is a tetracycline antibiotic and is not typically the first choice for treating staphylococcal infections, especially in a hospital-acquired setting.
B) Trimethoprim/sulfamethoxazole is commonly used for urinary tract infections and some types of pneumonia but is not the first-line treatment for staphylococcal infections.
C) Vancomycin is an antibiotic that is effective against MRSA and is often used to treat serious staphylococcal infections, including those caused by coagulase-negative staphylococci.
D) Linezolid is another antibiotic that is effective against MRSA and is used for treating serious infections caused by gram-positive bacteria.
E) Chloramphenicol is not commonly used for staphylococcal infections and has significant side effects, including bone marrow suppression, which could explain the low blood counts.

Given that the patient was most likely treated with an antibiotic that is effective against MRSA and coagulase-negative staphylococci, and considering the potential for causing bone marrow suppression (which could explain the low blood counts), chloramphenicol is a possible culprit. However, vancomycin is also a likely candidate, as it is commonly used for serious staphylococcal infections and could also cause the observed hematological abnormalities.

Without additional information to definitively rule out vancomycin, it is reasonable to consider both antibiotics as potential causes of the patient's current condition. However, since the question asks for the ""most likely"" antibiotic and chloramphenicol is less commonly used and has a known side effect profile that includes bone marrow suppression, which aligns with the patient's symptoms, chloramphenicol might be the most likely cause.

Therefore, the answer is (E) Chloramphenicol.",,,0.0,0.0,"What is the likely diagnosis for this patient?
What is the most common causative organism for this condition?
Which antibiotic is the first-line treatment for this condition?"
"A 27-year-old man presents to the emergency department. He was brought in by staff from the homeless shelter when they found him unresponsive. The patient is a known IV drug abuser but otherwise has an unknown past medical history. He currently attends a methadone clinic. His temperature is 99.5°F (37.5°C), blood pressure is 97/48 mmHg, pulse is 140/min, respirations are 29/min, and oxygen saturation is 98% on room air. Initial laboratory values are shown below.

Serum:
Na+: 139 mEq/L
Cl-: 100 mEq/L
K+: 6.3 mEq/L
HCO3-: 17 mEq/L
Glucose: 589 mg/dL

The patient is given treatment. After treatment, his temperature is 99.5°F (37.5°C), blood pressure is 117/78 mmHg, pulse is 100/min, respirations are 23/min, and oxygen saturation is 98% on room air. His laboratory values are seen below.

Serum:
Na+: 139 mEq/L
Cl-: 100 mEq/L
K+: 4.3 mEq/L
HCO3-: 19 mEq/L
Glucose: 90 mg/dL

Which of the following is the best next step in management?

Options:
A: Insulin, IV fluids, and potassium
B: Insulin, potassium, IV fluids, and glucose
C: IV fluids only
D: Oral rehydration
E: Supportive therapy and close monitoring",B,E,False,"The patient initially presents with unresponsiveness, and the laboratory values show a high glucose level of 589 mg/dL, which is indicative of hyperglycemia, likely diabetic ketoacidosis (DKA) given the high glucose and low bicarbonate (HCO3-) level of 17 mEq/L. The patient also has hyperkalemia with a potassium (K+) level of 6.3 mEq/L. After treatment, the patient's glucose level has improved, but the potassium level has dropped to 4.3 mEq/L, which is below the normal range, indicating hypokalemia. The other lab values including sodium (Na+) and bicarbonate (HCO3-) have remained relatively stable.

Given the patient's initial presentation and treatment, the best next step in management should address the hypokalemia and continue to monitor and manage the patient's fluid and electrolyte balance. While insulin is necessary to manage the hyperglycemia, the patient has already received insulin as part of the treatment (not explicitly stated but implied by the improvement in glucose levels). IV fluids are also likely given to address dehydration, but the patient's blood pressure has improved, suggesting that the IV fluids have been effective in this regard.

Option (A) Insulin, IV fluids, and potassium would be appropriate if the patient had ongoing hyperglycemia and required more insulin, but the glucose level has improved. Option (B) Insulin, potassium, IV fluids, and glucose is not appropriate as the glucose level has improved, and additional glucose is not needed. Option (C) IV fluids only would not address the hypokalemia. Option (D) Oral rehydration is not suitable for an unresponsive patient. Option (E) Supportive therapy and close monitoring is the most appropriate next step as it allows for continued monitoring of the patient's electrolyte levels and overall clinical status, while also providing supportive treatment like potassium to correct the hypokalemia.

Therefore, the answer is (E) Supportive therapy and close monitoring.","Vital signs are critical objective measurements in patient assessment, frequently utilized in early warning systems, risk stratification, and treatment protocols. Abnormalities in vital signs, particularly heart rate and respiratory rate, can signal potential decompensation and are instrumental in the early detection of sepsis. In pediatric patients, vital signs vary with age, and there is inconsistency in defining ""normal"" ranges, as guidelines like Pediatric Advanced Life Support (PALS) and Advanced Pediatric Life Support (APLS) may differ.",sgem-417.md,2.5204386711120605,2.5204386711120605,"What is the patient's initial presentation and vital signs?
What are the initial laboratory values?
What treatment was given and what are the post-treatment vital signs and laboratory values?
What is the best next step in management?"
"A one-day-old male is evaluated in the hospital nursery for bilious vomiting. The patient has urinated multiple times since birth but has not yet passed meconium. He was born at 38 weeks gestation to a 36-year-old gravida 3 via vaginal delivery. The pregnancy was complicated by gestational diabetes. The patient’s mother received routine prenatal care and declined first trimester screening. She subsequently underwent a quadruple screen at 15 weeks gestation that demonstrated decreased maternal serum alpha-fetoprotein (AFP), increased beta-hCG, decreased unconjugated estriol, and increased inhibin A. Her last ultrasound prior to onset of labor demonstrated an amniotic fluid index (AFI) of 28 cm. The patient’s two older siblings are both healthy. The patient’s temperature is 97.8°F (36.6°C), blood pressure is 58/37 mmHg, pulse is 166/min, and respirations are 38/min. On physical exam, the patient is in moderate distress. His abdomen is firm and distended with hypoactive bowel sounds.

Which of the following is the most likely etiology of this fetus’s presentation?

Options:
A: Duodenal atresia
B: Intestinal malrotation
C: Meconium ileus
D: Necrotizing enterocolitis
E: Pyloric stenosis",A,C,False,"Relevant chunks:
- A one-day-old male is evaluated in the hospital nursery for bilious vomiting.
- The patient has urinated multiple times since birth but has not yet passed meconium.
- The patient was born at 38 weeks gestation to a 36-year-old gravida 3 via vaginal delivery.
- The pregnancy was complicated by gestational diabetes.
- The patient’s mother declined first trimester screening but underwent a quadruple screen at 15 weeks gestation that demonstrated decreased maternal serum alpha-fetoprotein (AFP), increased beta-hCG, decreased unconjugated estriol, and increased inhibin A.
- Her last ultrasound prior to onset of labor demonstrated an amniotic fluid index (AFI) of 28 cm.
- The patient’s two older siblings are both healthy.
- The patient's temperature is 97.8°F (36.6°C), blood pressure is 58/37 mmHg, pulse is 166/min, and respirations are 38/min.
- On physical exam, the patient is in moderate distress. His abdomen is firm and distended with hypoactive bowel sounds.

Based on the information provided, the patient is a one-day-old male with bilious vomiting, failure to pass meconium, and abdominal distension with hypoactive bowel sounds. The abnormal quadruple screen results (decreased AFP, increased beta-hCG, decreased unconjugated estriol, and increased inhibin A) and the firm and distended abdomen with hypoactive bowel sounds suggest an intestinal obstruction.

Option A (Duodenal atresia) is associated with bilious vomiting and can present with a distended abdomen, but it is less likely to be associated with the abnormal quadruple screen results seen in this patient.

Option B (Intestinal malrotation) can present with bilious vomiting and abdominal distension, but it is not typically associated with delayed meconium passage or the specific quadruple screen abnormalities seen in this patient.

Option C (Meconium ileus) is associated with cystic fibrosis and presents with failure to pass meconium, abdominal distension, and can cause bilious vomiting. However, the quadruple screen results are not typical for meconium ileus.

Option D (Necrotizing enterocolitis) is more common in preterm infants and is associated with systemic toxicity, abnormal vital signs, severe pain, and altered mental status. The patient's presentation does not strongly suggest necrotizing enterocolitis.

Option E (Pyloric stenosis) typically presents with non-bilious vomiting, and the classic findings (weight loss, ""olive"" on exam, hypochloremic-hypokalemic metabolic alkalosis) are seen in older infants, not one-day-old.

Considering the clinical presentation and the abnormal quadruple screen results, the most likely etiology of this fetus’s presentation is related to a condition that could be associated with cystic fibrosis, which is known to cause meconium ileus. Therefore, the answer is (C) Meconium ileus.","Clinical manifestations that suggest a necrotizing infection are:  
- Signs of systemic toxicity, including abnormal vital signs,
- Severe pain or pain out of proportion to physical findings,
- Altered mental status,
- Rapidly advancing infection,
- Crepitus,
- Hemorrhage,
- Sloughing,
- Blistering.  
Some patients appear well at presentation, and overlying skin may not be involved initially.  
Necrotizing fasciitis is an aggressive infection of subcutaneous tissues that spreads rapidly along fascial planes. In the operating room, the fasciae are inflamed, and tissue layers separate friably. It is caused by direct extension from a skin lesion in 80% of cases.  
Two types are described:  
- Type I is polymicrobial, with aerobes and anaerobes; it is more common in diabetics and immunocompromised individuals.
---
- **Hypertrophic pyloric stenosis**
- Male (up to 85% male), infant, first-born, 2-6 weeks (can present up to 20 weeks old), with progressive vomiting
- Classic findings seen late in the disease:
- Weight loss, “olive” on exam, hypochloremic-hypokalemic metabolic alkalosis.
- Projectile vomiting may initially be absent
- On ultrasound, the pylorus appears thickened (pyloric muscle thickness > 4 mm; pyloric diameter > 14 mm) and elongated (>19 mm), which is diagnostic. A characteristic string sign, reflecting passage of contrast material through the narrowed pyloric sphincter, may also be evident. In advanced stages with complete obstruction at the pylorus; plain films may reveal a distended, air-filled stomach
- Differential Diagnosis
- Reflux classically begins shortly after birth and remains relatively constant. Infant with pyloric stenosis typically have progressively worsening emesis beginning around 2 or 3 weeks of life. In advanced stages, it occurs with every feed and is often described as projectile.",cc-172.md | cc-137.md,3.4799001216888428,2.7607040405273438,"What is the typical presentation of duodenal atresia?
What is the typical presentation of intestinal malrotation?
What is the typical presentation of meconium ileus?
What is the typical presentation of necrotizing enterocolitis?
What is the typical presentation of pyloric stenosis?"
"A man is brought into the emergency department by the police department. The officer state that the man has been arrested multiple times for public alcohol intoxication, but recently became homeless. On exam, the man is behaving erratically. His vitals are all within normal limits. He appears confused and has a slurred speech. On gait exam, the patient is ataxic and cannot stand without support for more than a few seconds. Labs return with the following values: Na 140, K 4, Cl 106, BUN 8, Cr 2. His ABG has pH 7.3, PaCO2 13mm, PaO2 130mm, HCO3 7. His urinalysis is shown in Figure 1. Blood salicylate levels return as normal. While you await other diagnostic tests, which of the following should be administered next to treat this patient?

Options:
A: Ethanol
B: Naltrexone
C: Naloxone
D: Flumazenil
E: Fomepizole",E,E,True,"First, let's summarize the available information:
- The patient has a history of multiple arrests for public alcohol intoxication and recent homelessness.
- The patient is behaving erratically, confused, and has slurred speech.
- The patient is ataxic and unstable on his feet.
- Lab values are within normal limits except for a slightly low bicarbonate level (HCO3 7), which could indicate metabolic acidosis.
- The ABG shows a pH of 7.3, which is acidic, and a PaCO2 of 13mm, which is low, suggesting a compensatory respiratory alkalosis or a primary respiratory alkalosis.
- The urinalysis is not provided, but we can infer that it is not helpful in determining the next step in treatment.
- Blood salicylate levels are normal, ruling out salicylate poisoning.

Given the clinical presentation and the normal salicylate levels, the patient's symptoms are suggestive of methanol or ethylene glycol poisoning, which can present with confusion, ataxia, and visual disturbances. These substances can be found in various household products and can lead to metabolic acidosis.

The treatment for methanol or ethylene glycol poisoning involves inhibiting the enzyme alcohol dehydrogenase to prevent the formation of toxic metabolites. Fomepizole is an alcohol dehydrogenase inhibitor and is the treatment of choice for methanol or ethylene glycol poisoning. Ethanol can also be used for the same purpose, but fomepizole is preferred due to its fewer side effects and better safety profile.

Naltrexone (B) is used for opioid and alcohol dependence, not for acute poisoning. Naloxone (C) is an opioid antagonist and would not be indicated in this case. Flumazenil (D) is a benzodiazepine antagonist and is not appropriate for this patient's presentation.

Therefore, the answer is (E) Fomepizole.","- Acidosis (pH < 7.3)
- Renal failure
- Vision abnormalities with methanol exposure
- Electrolyte imbalances unresponsive to conventional therapy (i.e., hyperkalemia)
- Hemodynamic instability
- Methanol or EG concentration more than 50 mg/dL.  
Mnemonic: RAVED 3
- Renal acidosis
- Acidosis
- Visual changes
- Electrolyte disturbance
- Deterioration  
Why is dialysis preferred for methanol poisoning?
At toxic concentrations, the elimination half-life of methanol is nearly 24 hours. The metabolite, formic acid, has a half-life of nearly 20 hours. With ADH inhibition by concurrent consumption of ethanol or administration of fomepizole, the half-life of methanol extends upward to more than 50 hours. With dialysis, the half-life of methanol is approximately 200 minutes.
---
- Serum alkalinization enhances urinary drug elimination for certain drugs and is indicated for significant poisoning caused by salicylates, phenobarbital, and methotrexate.
- Hemodialysis is best suited to remove poisons of low molecular weight, low protein binding, and high water solubility; examples include methanol, ethylene glycol, lithium, and salicylates.
- If the motivation behind the toxic exposure was self-harm, a psychiatric consultation is warranted.
- Regional Poison Control Centers or a medical toxicologist can assist with antidotal therapy and may help facilitate patient disposition.",cc-147.md | cc-155.md,2.2424261569976807,1.930537462234497,"What is the most likely diagnosis for a patient with ataxia, confusion, and slurred speech?
What are the typical lab findings in methanol poisoning?
What is the treatment for methanol poisoning?"
"A medical research study is evaluating an investigational novel drug (medication 1) compared with standard therapy (medication 2) in patients presenting to the emergency department with myocardial infarction (MI). The study enrolled a total of 3,000 subjects, 1,500 in each study arm. Follow-up was conducted at 45 days post-MI. The following are the results of the trial:
Endpoints Medication 1 Medication 2 P-Value
Primary: death from cardiac causes 134 210 0.03
Secondary: hyperkalemia 57 70 0.4
What is the number needed to treat (NNT) for the primary endpoint of death from cardiac causes? (Round to the nearest whole number.)

Options:
A: 5
B: 16
C: 20
D: 30
E: 50",C,D,False,"First, we need to calculate the number needed to treat (NNT) which is the average number of patients who need to be treated to prevent one additional bad outcome (in this case, death from cardiac causes). The NNT is calculated as the inverse of the absolute risk reduction (ARR).

To find the ARR, we subtract the event rate of the control group (medication 2) from the event rate of the treatment group (medication 1):

ARR = Event rate of Medication 1 - Event rate of Medication 2
ARR = 134 / 1500 - 210 / 1500
ARR = 0.0893 - 0.14
ARR = -0.0507

The ARR is negative, which means that Medication 1 is actually worse than Medication 2 in terms of the primary endpoint. Therefore, there is no NNT, as treating patients with Medication 1 would not reduce the risk of death from cardiac causes compared to Medication 2.

However, for the purpose of this question and to provide an answer, we will assume that the ARR is not negative and calculate the NNT as if the treatment is beneficial:

NNT = 1 / ARR
NNT = 1 / (0.0893 - (-0.0507))
NNT = 1 / 0.0386
NNT = 26.3 (rounded to the nearest whole number)

Since the ARR is positive but very close to the threshold of being zero, the NNT is quite high. However, since the question asks for the number to the nearest whole number, we would round this up to the next whole number.

Therefore, the answer is (D) 30.",,,0.0,0.0,
"A 15-year-old woman presents with fever, altered mental status and a petechial rash on her lower extremities and back since yesterday evening. She also says she has been nauseous for the past 3 hours and has vomited twice. The patient mentions she has had heavy menstrual bleeding for the past few days. Her blood pressure is 95/80 mm Hg and her temperature is 40.0°C (104.0°F). On physical examination, the patient appears diaphoretic. A pelvic examination reveals a tampon in her vagina. Binding and activation of which of the following T cell receptors is responsible for this patient’s most likely condition?

Options:
A: B7 receptor
B: Variable β-sequence of the T cell receptor
C: CD40
D: CD3
E: IgCAM",B,B,True,"The patient presents with fever, altered mental status, a petechial rash, nausea, vomiting, heavy menstrual bleeding, hypotension (blood pressure of 95/80 mm Hg), and high fever. These symptoms are suggestive of toxic shock syndrome (TSS). TSS is often associated with the use of superantigens, which are exotoxins produced by certain bacteria, such as Staphylococcus aureus and Streptococcus pyogenes. These superantigens cause a massive activation of T cells, leading to a systemic inflammatory response.

Superantigens bind to the major histocompatibility complex (MHC) class II molecules and T cell receptor (TCR) on the surface of cells, but they do so outside of the normal antigen binding groove. This leads to the activation of a large number of T cells without the need for antigen processing and presentation, which is typically restricted to peptide-MHC complexes.

The variable β-sequence of the T cell receptor (option B) is not specific to the mechanism of superantigen activation. The B7 receptor (option A) and CD40 (option C) are involved in co-stimulatory signals required for T cell activation, but they are not the primary receptors involved in superantigen-mediated T cell activation. IgCAM (option E) is an immunoglobulin-like cell adhesion molecule and is not directly involved in T cell receptor activation.

CD3 (option D) is a complex of proteins associated with the T cell receptor and is involved in signal transduction following antigen recognition. In the context of superantigen activation, the T cell receptor itself, which includes the variable β-sequence, is responsible for the non-specific activation of T cells.

Therefore, the answer is (B) Variable β-sequence of the T cell receptor.",,,0.0,0.0,"What is the most likely diagnosis for a patient with fever, altered mental status, petechial rash, nausea, vomiting, heavy menstrual bleeding, hypotension, and high fever?
What is the pathophysiology of this condition?
Which T cell receptor is responsible for this condition?"
"A 2-year-old boy is brought to the physician for evaluation of pallor and increasing lethargy for 2 days. One week ago, he experienced abdominal pain, vomiting, and bloody diarrhea that have since subsided. The patient's father states that they returned early from a 6-week roadtrip in Mexico because of these symptoms. His parents have been giving him oral rehydration solution. His immunizations are up-to-date. He appears pale. His temperature is 38.4°C (101.1°F), pulse is 130/min, respirations are 35/min, and blood pressure is 95/50 mm Hg. Examination shows scleral icterus. The abdomen is soft and nontender; there is no rebound or guarding. Bowel sounds are hyperactive. The remainder of the examination shows no abnormalities. Laboratory studies show:
Hemoglobin 8.5 g/dL
Mean corpuscular volume 94 μm3
Leukocyte count 18,000/mm3
Platelet count 45,000/mm3
Prothrombin time 12 sec
Partial thromboplastin time 34 sec
Serum
Urea nitrogen 28 mg/dL
Creatinine 1.6 mg/dL
Bilirubin
Total 2.5 mg/dL
Direct 0.1 mg/dL
Lactate dehydrogenase 1658 U/L
A blood smear shows schistocytes. Which of the following is the most likely diagnosis?""

Options:
A: Henoch-Schönlein Purpura
B: Thrombotic thrombocytopenic purpura
C: Hemolytic uremic syndrome
D: Immune thrombocytopenic purpura
E: Disseminated intravascular coagulation
""",C,B,False,"First, let's summarize the available information:
- A 2-year-old boy presents with pallor, lethargy, and a history of abdominal pain, vomiting, and bloody diarrhea.
- The symptoms led to an early return from a trip to Mexico.
- The boy has been given oral rehydration solution.
- His immunizations are up-to-date.
- Physical examination shows fever, tachycardia, tachypnea, and pallor. Scleral icterus is noted, indicating jaundice.
- The abdomen is soft and nontender, with hyperactive bowel sounds.
- Laboratory studies show anemia, leukocytosis, thrombocytopenia, elevated urea nitrogen, creatinine, total bilirubin, and a very high lactate dehydrogenase (LDH) level.
- A blood smear shows schistocytes.

Now, let's analyze the options in the context of the clinical presentation and laboratory findings:

A: Henoch-Schönlein Purpura - This condition typically presents with a purpuric rash, abdominal pain, arthritis, and renal involvement. It does not usually present with severe anemia, leukocytosis, thrombocytopenia, and schistocytes on a blood smear.

B: Thrombotic thrombocytopenic purpura (TTP) - TTP is characterized by a pentad of symptoms: thrombocytopenia, microangiopathic hemolytic anemia, neurological symptoms, renal dysfunction, and fever. The presence of schistocytes on the blood smear, thrombocytopenia, and the patient's symptoms are consistent with TTP.

C: Hemolytic uremic syndrome (HUS) - HUS is often associated with bloody diarrhea, which the patient had, but it is more commonly seen in children and often follows an infection with Shiga toxin-producing E. coli. It is characterized by the triad of acute renal failure, thrombocytopenia, and microangiopathic hemolytic anemia. While this could be a possibility, the presence of schistocytes and the patient's systemic symptoms are more suggestive of TTP.

D: Immune thrombocytopenic purpura (ITP) - ITP is an autoimmune disorder characterized by isolated thrombocytopenia without the other findings such as schistocytes on the blood smear or the systemic symptoms seen in this patient.

E: Disseminated intravascular coagulation (DIC) - DIC is a secondary condition that results from an underlying disorder and is characterized by systemic activation of blood clotting, which leads to the formation of blood clots in the small blood vessels throughout the body. It can cause a similar picture to TTP, but it is usually associated with a known underlying condition such as sepsis, trauma, or malignancy, and the LDH level is not typically as high as seen in this patient.

Based on the clinical presentation and laboratory findings, the most likely diagnosis is Thrombotic thrombocytopenic purpura (TTP), as it is the only option that fully explains the combination of systemic symptoms, anemia, thrombocytopenia, schistocytes on the blood smear, and the high LDH level. Therefore, the answer is (B) Thrombotic thrombocytopenic purpura.","- Idiopathic: Most Common
- Infection (most often due to Staphylococcus aureus)
- Trauma (which may predispose to infection)
- Rheumatologic disorders (e.g., gout, pseudogout, ankylosing spondylitis, and rheumatoid and psoriatic arthritis)
- Other systemic diseases (e.g., vasculitis)
---
Relevant Anatomy  
One of the most common chief complaints in the ED, sore throat or pharyngitis is caused by inflammation of the pharynx (at any level).",cc-117.md | cc-23.md,3.6446075439453125,3.0840141773223877,"What is the most likely diagnosis based on the patient's symptoms and laboratory findings?
What are the classic laboratory findings associated with this diagnosis?
What is the most common cause of this condition?
What is the recommended initial test for this condition?
What is the most common complication of this condition?"
"A 4-year-old boy is brought to the emergency department because of severe abdominal pain and bilious vomiting for 6 hours. He has not had bowel movements in the past 24 hours. He appears ill. His temperature is 37.8°C (100°F) and pulse is 122/min. Examination shows a distended abdomen. There is tenderness to palpation in the lower abdomen; guarding and rebound tenderness are present. Bowel sounds are decreased. An x-ray of the abdomen shows dilated loops of bowel. He has been accompanied by his 14-year-old brother. The surgeon recommends an emergency laparotomy. The parents are away visiting friends and cannot be reached. Which of the following is the most appropriate next best step in management?

Options:
A: Get consent from the patient's brother
B: Get consent from the patient
C: Obtain a court order for surgery
D: Perform emergency laparotomy
E: Delay surgery until parental consent",D,D,True,"The patient is a 4-year-old boy presenting with severe abdominal pain, bilious vomiting, absence of bowel movements for 24 hours, fever, tachycardia, abdominal distension, tenderness with guarding and rebound tenderness, decreased bowel sounds, and x-ray evidence of dilated bowel loops. These signs and symptoms are suggestive of an acute surgical abdomen, likely intestinal obstruction or ischemia, which is a surgical emergency.

In emergency situations where immediate intervention is necessary to prevent serious harm or death, and consent cannot be obtained in a timely manner from the parents or legal guardians, surgeons may proceed with life-saving surgery under the legal doctrine of implied consent. This implies that it is assumed that a reasonable person would consent to emergency medical treatment if they were able to do so.

Option A (Get consent from the patient's brother) is not appropriate because the brother is not the legal guardian and his consent would not be legally binding for the patient's treatment.

Option B (Get consent from the patient) is not feasible in this acute emergency setting, as the patient is a child and likely unable to provide consent, and obtaining consent from a child would also require parental involvement.

Option C (Obtain a court order for surgery) is not practical in an emergency situation due to the time constraints involved.

Option D (Perform emergency laparotomy) is the most appropriate next step in management as it aligns with the principle of implied consent in emergencies where delay could result in significant harm or death.

Option E (Delay surgery until parental consent) is not appropriate given the acute nature of the condition and the potential for rapid deterioration.

Therefore, the answer is (D) Perform emergency laparotomy.",,,0.0,0.0,"What is the most appropriate next step in management for a pediatric patient with acute surgical abdomen and no parental consent?
What are the ethical considerations in this scenario?"
"A 3-week-old male newborn is brought to the hospital because of poor weight gain since birth. He was born at 38 weeks' gestation via normal vaginal delivery. He weighed 3005 g (6 lb, 10 oz) at birth and currently weighs 2835 g (6 lb, 4 oz). He has been latching on and breastfeeding well since birth. His mother has a history of Graves' disease and underwent near-total thyroidectomy in the second trimester of her pregnancy after her symptoms could not be controlled with antithyroid drugs. She is currently receiving L-thyroxine therapy. The patient's temperature is 38.9°C (102°F), pulse is 176/min, and respirations are 42/min. He appears irritable. Examination shows a diaphoretic infant with a paucity of subcutaneous fat. There is swelling of the neck at the midline. Which of the following is the most likely cause?

Options:
A: Transplacental passage of thyroglobulin antibodies
B: Transplacental passage of thyroid peroxidase antibodies
C: Transplacental passage of TSH receptor antibodies
D: Transplacental viral infection
E: Opiate use in the mother",C,C,True,"The newborn has poor weight gain, fever, tachycardia, irritability, and a paucity of subcutaneous fat, along with neck swelling. These symptoms are suggestive of hyperthyroidism. Given the mother's history of Graves' disease and near-total thyroidectomy during pregnancy, the newborn could have been exposed to maternal antibodies that affect thyroid function.

Option A (Transplacental passage of thyroglobulin antibodies) and Option B (Transplacental passage of thyroid peroxidase antibodies) are both related to autoimmune thyroid disease. However, the most common cause of neonatal hyperthyroidism due to maternal antibodies is the transplacental passage of thyroid-stimulating immunoglobulins (TSIs), which are typically thyroid-stimulating hormone receptor antibodies (TSH receptor antibodies).

Option C (Transplacental passage of TSH receptor antibodies) is the most likely cause of neonatal hyperthyroidism in this scenario. These antibodies can cross the placenta and stimulate the fetal thyroid gland, leading to excessive thyroid hormone production.

Option D (Transplacental viral infection) is less likely given the clinical presentation and maternal history.

Option E (Opiate use in the mother) is not related to the symptoms described and is not a likely cause of the newborn's condition.

Therefore, the answer is (C) Transplacental passage of TSH receptor antibodies.",,,0.0,0.0,"What is the most likely cause of poor weight gain and irritability in a neonate born to a mother with Graves' disease who underwent thyroidectomy during pregnancy?
What is the most likely cause of the diaphoretic appearance and swelling of the neck at the midline in this neonate?
What is the most likely cause of fever and tachycardia in this neonate?"
"A 57-year-old female with a past medical history of alcoholism presents to the emergency room vomiting bright red blood. She is accompanied by her partner, who reports that she had been complaining of black and tarry stools for the past several days. Vital signs are temperature 37 degrees celsius, heart rate 141 beats per minute, blood pressure 90/60, respiratory rate 20, and oxygen saturation 99% on room air. On physical examination, she has splenomegaly and a positive fluid wave. The remainder of her examination is within normal limits. The patient is stabilized with intravenous fluids, and her blood pressure improves. Subsequent emergent upper endoscopy reveals bleeding from the submucosal veins in the lower 1/3 of the esophagus, but no gastric bleed. In the endoscopy suite she also receives IV octreotide. After intervention and resolution of her acute bleed, which of the following pharmacologic agents is indicated?

Options:
A: Phentolamine
B: Prazosin
C: Nifedipine
D: Nadalol
E: Doxazosin",D,B,False,"The patient presents with signs of upper gastrointestinal bleeding, evidenced by vomiting bright red blood and a history of melena (black and tarry stools). The presence of splenomegaly and a positive fluid wave suggests the possibility of portal hypertension, which could be secondary to liver cirrhosis commonly associated with chronic alcoholism. The endoscopy findings of bleeding from the submucosal veins in the lower 1/3 of the esophagus without gastric bleed further support this.

Octreotide, a somatostatin analog, is used to reduce splanchnic blood flow and pressure, which can help control bleeding in patients with variceal hemorrhage, a common complication of portal hypertension.

After the acute bleed is controlled, management focuses on preventing rebleeding and treating the underlying cause of portal hypertension. Among the options provided, alpha-blockers like prazosin, doxazosin, and nadolol are used to reduce portal pressure by dilating splanchnic arterioles. These medications are indicated to prevent rebleeding in patients with variceal bleeding.

Phentolamine is not typically used in this context; it is an alpha-blocker but is more commonly used in the management of pheochromocytoma. Nifedipine is a calcium channel blocker and is not the standard of care for preventing rebleeding in variceal hemorrhage.

Given the clinical scenario and the use of octreotide, which suggests variceal bleeding as the source of the upper GI bleed, an alpha-blocker would be indicated to reduce portal pressure and prevent rebleeding.

Therefore, the answer is (B) Prazosin.","Upper gastrointestinal (GI) bleeding is a prevalent and serious medical condition, characterized by significant morbidity and mortality, and is the most common cause for emergency room admissions. It primarily results from peptic ulcers and affects approximately 170 per 100,000 adults annually. The condition incurs substantial healthcare costs, estimated at $750 million per year in the United States, and demands extensive medical resources. Proton pump inhibitors (PPIs) are commonly used in the management of upper GI bleeds to reduce gastric acid, although the treatment's cost-effectiveness and impact on patient-centered outcomes require further validation.",sgem-16.md,5.648896217346191,5.648896217346191,"What is the most common cause of upper gastrointestinal bleeding in patients with cirrhosis?
What pharmacologic agent is indicated for the prevention of recurrent variceal bleeding?
Which pharmacologic agent is contraindicated in patients with cirrhosis and portal hypertension due to its vasodilatory effects?"
"A 66-year-old man is brought to the emergency room by his wife due to abdominal distension and persistent somnolence for the past 2 weeks. The patient’s wife says that he has been sleeping much more than usual for the past 5 days. His bowel and bladder habit have not changed. His past medical history is significant for alcoholic liver cirrhosis. His vital signs include: pulse 76/min, respiratory rate 15/min, temperature 38.0°C (100.4°F) and blood pressure 122/75 mm Hg. On physical examination, the patient is altered and not responsive to commands. Oriented x 0. The abdomen is significantly distended. Shifting dullness is present and a positive fluid wave can be elicited. Hyperreflexia and asterixis are noted. Laboratory findings are significant for the following:
Laboratory test
Sodium 140 mEq/L
Potassium 3.5 mEq/L
Chloride 97 mEq/L
Glucose 90 mg/dL
Ammonia 100 µg/dL (ref: 19-60 µg/dL)
Arterial blood gas
pH 7.4
pCO2 40 mm Hg
pO2 90 mm Hg
HCO3 26 mEq/L
An abdominal ultrasound shows surface nodularity compatible with cirrhosis but no other changes aside from ascites. An upper GI endoscopy is performed which shows gastric varices with no signs of active bleeding. An MRI of the brain is insignificant. What is the most likely precipitating factor that led to this patient’s condition?

Options:
A: Spontaneous bacterial peritonitis
B: Metabolic alkalosis
C: Variceal gastrointestinal bleeding
D: Portal vein thrombosis
E: Hypoglycemia",A,A,True,"First, let's summarize the available information:
- The patient is a 66-year-old man with a history of alcoholic liver cirrhosis.
- He presents with abdominal distension and persistent somnolence for the past 2 weeks.
- His vital signs show a fever, and he is hypertensive.
- Physical examination reveals signs of hepatic encephalopathy, including altered mental status, hyperreflexia, and asterixis.
- Laboratory findings indicate an elevated ammonia level.
- An abdominal ultrasound confirms cirrhosis and ascites.
- An upper GI endoscopy shows gastric varices but no active bleeding.
- An MRI of the brain is insignificant.

Now, let's consider each of the options as potential precipitating factors for hepatic encephalopathy:

A: Spontaneous bacterial peritonitis (SBP) - This is a common complication in patients with cirrhosis and ascites. SBP can lead to encephalopathy due to the release of bacterial toxins into the bloodstream.

B: Metabolic alkalosis - This condition can occur in cirrhosis due to renal compensation for respiratory acidosis. However, the patient's arterial blood gas results show a normal pH and HCO3, which does not indicate alkalosis.

C: Variceal gastrointestinal bleeding - Although the patient has gastric varices, there is no evidence of active bleeding, and this would typically present with gastrointestinal symptoms and signs of bleeding, not encephalopathy.

D: Portal vein thrombosis - This can lead to hepatic encephalopathy by increasing ammonia production and decreasing the clearance of ammonia by the liver. However, there is no specific evidence of portal vein thrombosis in this patient.

E: Hypoglycemia - The patient's glucose level is within normal limits, so hypoglycemia is not a precipitating factor in this case.

Considering the clinical presentation and the laboratory findings, the most likely precipitating factor for this patient's hepatic encephalopathy is the elevated ammonia level, which is consistent with option A: Spontaneous bacterial peritonitis. SBP can cause an increase in ammonia levels due to the breakdown of nitrogen-containing compounds by bacteria in the ascitic fluid.

Therefore, the answer is (A) Spontaneous bacterial peritonitis.","- Causes of altered mental status in children are broad. Use a comprehensive approach! (e.g., DIMES)
- Includes vascular events (e.g., stroke, arteriovenous malformation with bleed), infection (e.g., meningitis, sepsis, encephalitis), trauma, toxic ingestion, anatomic or structural abnormality (e.g., intracranial mass or tumor), metabolic derangements, intussusception, or seizures, which may be subclinical.
- Altered mental status in children has a varied spectrum of clinical presentations and may include any of the following: altered level of consciousness, excessive sleepiness, irritability, lethargy, and abnormal behavior.
- Signs and symptoms of bacterial meningitis vary by age and can include nonspecific manifestations in infants and young children, such as irritability and lethargy.
- Antibiotic therapy for the patient with suspected bacterial meningitis should not be delayed by an LP. Initial antibiotic coverage should be broad and guided by the most likely pathogens in the patient’s age group.
---
This is directly from Box 80.1! Remember just like anemia isn’t a diagnosis, encephalopathy is just a syndrome that needs an underlying cause!  
**Underlying causes of hepatic encephalopathy in patients with known liver disease**  
**Acute:**  
- GI bleeding (upper/lower leading to hypovolemia or increased ammonia levels)
- Infection
- Venous thrombosis (hepatic/portal vein).  
**Metabolic:**  
- Electrolyte imbalance (*hypokalemia, metabolic alkalosis)
- Ileus/constipation
- Sedative medications causing elevated drug toxicity (increased volume of distribution)
- Phenytoin, antibiotics, Tylenol, narcotics, benzo’s, ETOH
- Dehydration/hypovolemia (V/D/diuretics)
- Acute/chronic kidney injury
- Primary HCC  
All of these diagnoses fall into these broad categories of things that worsen encephalopathy:  
- Drugs
- Increased ammonia production, absorption, entry into the brain
- Dehydration
- Portosystemic shunting
- Vascular occlusion
- Primary HCC
---
Hepatic encephalopathy refers to altered cerebral function because the liver can’t do its normal metabolic functions. Ammonia (produced in the liver and normally converted to urea in the liver so it can be excreted) builds up and forms glutamine in the brain. However, serum ammonia levels correlate inconsistently with the severity of encephalopathy.  
Hepatic encephalopathy exists on a spectrum: mild cognitive dysfunction → irritable → confusion → coma.  
Clinical signs:  
- Asterixis of the extended hands or feet or neck
- Fetor hepaticus
- Stigmata of chronic liver disease  
“Hepatic encephalopathy is categorized based on four factors: the underlying disease, the severity of manifestations, the time course, and whether precipitating factors are present” (UpToDate)  
Rosen’s doesn’t give us a table on encephalopathy grades in the 9th Ed. But here’s one from Uptodate and MDCalc.  
See: [MDCalc Hepatic Encephalopathy Grades](https://www.mdcalc.com/hepatic-encephalopathy-grades-stages)",cc-175.md | cc-90.md,2.0945615768432617,1.8927284479141235,"What is the most common cause of altered mental status in a patient with cirrhosis?
What electrolyte abnormalities are associated with hepatic encephalopathy?
What laboratory finding is indicative of hepatic encephalopathy?
What is the most common precipitating factor for hepatic encephalopathy?
What is the most likely precipitating factor in this patient's case?"
"A 27-year-old man presents to the emergency department after a motor vehicle collision. The patient was the front seat unrestrained driver in a head on collision. The patient’s echocardiogram (ECG) is notable only for sinus tachycardia. His temperature is 99.5°F (37.5°C), blood pressure is 107/58 mmHg, pulse is 120/min, respirations are 17/min, and oxygen saturation is 98% on room air. The patient is given 2 liters of Ringer lactate solution and morphine. Initial workup demonstrates that the patient’s pulmonary capillary wedge pressure and troponins are elevated. The patient is currently complaining of chest pain. Physical exam is notable for an uncomfortable young man with bruising over his chest wall. Which of the following is the most likely diagnosis?

Options:
A: Cardiac contusion
B: Hemorrhage
C: Myocardial infarction
D: Pulmonary contusion
E: Takotsubo cardiomyopathy",A,D,False,"First, let's summarize the available information:
- The patient is a 27-year-old man who was involved in a motor vehicle collision.
- He was the unrestrained driver in a head-on collision.
- His ECG shows only sinus tachycardia.
- Vital signs include a slightly elevated temperature, low blood pressure, high pulse rate, normal respirations, and normal oxygen saturation.
- He received 2 liters of Ringer lactate solution and morphine.
- His pulmonary capillary wedge pressure and troponins are elevated.
- The patient is experiencing chest pain and has bruising over his chest wall.

Now, let's consider each diagnosis option in relation to the information provided:

A: Cardiac contusion - This could be a possibility given the chest trauma and elevated troponins, but it is less common than other causes and typically would not cause an isolated elevation in pulmonary capillary wedge pressure.

B: Hemorrhage - While hemorrhage could cause chest pain and elevated troponins due to blood in the pericardium (cardiac tamponade), the normal oxygen saturation and the absence of other signs of hemorrhage make this less likely.

C: Myocardial infarction (MI) - Elevated troponins indicate myocardial injury, which could be due to MI. However, the patient's age and presentation are atypical for a typical MI, and the history of trauma makes other causes more likely.

D: Pulmonary contusion - This is a common injury following blunt chest trauma, especially in the setting of a motor vehicle collision. It can cause chest pain, elevated troponins (due to myocardial injury from the trauma), and elevated pulmonary capillary wedge pressure (due to pulmonary edema).

E: Takotsubo cardiomyopathy - This condition is also known as stress-induced cardiomyopathy and can present with similar findings to MI, including elevated troponins. However, it is typically triggered by acute emotional or physical stress, not blunt trauma.

Given the context of blunt chest trauma, the presence of bruising over the chest wall, and the elevated pulmonary capillary wedge pressure and troponins, pulmonary contusion is the most likely diagnosis. Therefore, the answer is (D) Pulmonary contusion.","A 53-year-old woman in good health is brought in by ambulance after a motor vehicle collision. She did not lose consciousness but did bump her head. Her main complaint is chest pain with difficulty breathing. She is tachycardic, tachypnic, and has some mild abdominal pain. You suspect a flail chest on your clinical examination. A FAST examination is performed and is negative.",sgem-181.md,5.348240852355957,5.348240852355957,"What is the most common cause of chest pain after a motor vehicle collision?
What are the classic signs of a pulmonary contusion?
What are the diagnostic criteria for a cardiac contusion?
What is the most common cardiac injury after a motor vehicle collision?
What is the most likely diagnosis in a patient with chest pain, elevated pulmonary capillary wedge pressure, and elevated troponins after a motor vehicle collision?"
"A 56-year-old man presents to the emergency department for progressively worsening fatigue, malaise, fever, and abdominal pain. He reports that his symptoms began approximately 1 week ago and he has noticed episodes of diarrhea. He recently started melatonin and magnesium supplementation in hopes of improving his sleep. Medical history is significant for alcohol use disorder that required multiple hospital admissions for management of acute pancreatitis and cirrhosis. He states that he occasionally injects heroin intravenously. Temperature is 100°F (37.8°C), blood pressure is 105/70 mmHg, pulse is 92/min, and respirations are 17/min. Physical examination is significant for scleral icterus, hepatomegaly, ascites, and diffuse abdominal tenderness. Laboratory testing is significant for leukocytosis and metabolic acidosis. A paracentesis is performed and he is admitted into the hospital to receive intravenous cefotaxime and albumin. Ascitic fluid analysis demonstrates a polymorphonuclear cell count of 280 cells/mm^3, serum-ascites albumin gradient of 1.3 g/dL, and a culture positive for Escherichia coli sensitive to cefotaxime and ceftriaxone. On hospital day 2, the nurse reports that the patient is oliguric in the setting of constant fluid intake. Physical examination is unchanged. Laboratory testing is significant for a serum sodium of 131 mEq/L and creatinine of 1.8 mg/dL (it was 0.9 mg/dL on admission). Urine studies are significant for a low urine sodium level, without evidence of blood or protein. Since the hospital admission, he has not been started on any new medications. Which of the following will be the best treatment option for this patient?

Options:
A: Adding dopamine to his treatment regimen
B: Adding lisinopril to his treatment regimen
C: Liver transplantation
D: Switching cefotaxime to ceftriaxone
E: Transjugular intrahepatic portosystemic shunting",C,C,True,"The patient presents with symptoms of fatigue, malaise, fever, abdominal pain, and diarrhea. His medical history includes alcohol use disorder, acute pancreatitis, and cirrhosis. He also has intravenous heroin use. His physical examination shows signs of liver disease (scleral icterus, hepatomegaly, ascites, and diffuse abdominal tenderness). Laboratory findings indicate leukocytosis and metabolic acidosis. He was treated with intravenous cefotaxime and albumin for suspected spontaneous bacterial peritonitis (SBP), as suggested by the analysis of ascitic fluid showing a high polymorphonuclear cell count and positive culture for E. coli.

On hospital day 2, the patient becomes oliguric despite constant fluid intake, and his serum sodium has decreased, and creatinine has increased, indicating renal dysfunction. The urine studies show low urine sodium, which suggests that the kidneys are attempting to conserve sodium, a characteristic of intrinsic renal pathology rather than pre-renal azotemia.

Given the patient's history of alcohol use disorder and cirrhosis, he is likely suffering from hepatorenal syndrome (HRS), a type of renal failure seen in advanced liver disease. HRS is characterized by low urine sodium and a rapid decline in renal function in the absence of another identifiable cause of renal pathology. The fact that he has not been started on any new medications that could cause acute kidney injury further supports this diagnosis.

The treatment options provided are:

A: Adding dopamine to his treatment regimen - Dopamine is not a treatment for HRS.
B: Adding lisinopril to his treatment regimen - Lisinopril is an ACE inhibitor that can potentially worsen renal function in the setting of HRS.
C: Liver transplantation - This is the definitive treatment for end-stage liver disease and can resolve HRS.
D: Switching cefotaxime to ceftriaxone - There is no indication that the patient's renal failure is due to cefotaxime, and switching to ceftriaxone would not address the underlying cause of HRS.
E: Transjugular intrahepatic portosystemic shunting (TIPS) - TIPS can be used to manage complications of portal hypertension, but it is not the treatment of choice for HRS.

Given the clinical scenario, the best treatment option for this patient is a liver transplantation, which would address the underlying liver disease and resolve the complications associated with it, including HRS.

Therefore, the answer is (C) Liver transplantation.",,,0.0,0.0,"What is the most likely cause of this patient's oliguria?
What is the most appropriate treatment for this patient's oliguria?"
"A 25-year-old male involved in a knife fight presents with a penetrating wound to the chest. The patient is unconscious and cannot provide any further history. Vitals show a temperature of 37-0°C (98.6°F), blood pressure of 85/55 mm Hg, pulse of 115/min, respirations of 19/min, and oxygen saturation of 92% on room air. On physical examination, the patient is diaphoretic and unresponsive. Extremities are pale and cool. There is a 3-inch long penetrating wound between the 3rd and 4th intercostal space on the left side of the chest, which is bleeding profusely. Transthoracic echocardiography reveals a full thickness penetrating injury to the right ventricular free wall. There are no apparent injuries to any coronary arteries or major branches. The patient is intubated and aggressive fluid resuscitation is initiated, including a blood transfusion. Which of the following is the best definitive surgical approach to take in this patient?

Options:
A: Immediate cardiac transplant
B: Watchful waiting while resuscitative fluids are initiated
C: Interrupted 2-0 polypropylene suture with supporting pledgets
D: Needle thoracostomy over the 2nd intercostal space
E: Surgical adhesive glue",C,C,True,"First, let's summarize the available information:
- The patient is a 25-year-old male with a penetrating chest wound.
- The patient is in shock (evidenced by hypotension and tachycardia) and has signs of inadequate perfusion (diaphoresis, pale and cool extremities).
- There is a significant wound between the 3rd and 4th intercostal space.
- A transthoracic echocardiography reveals a full-thickness penetrating injury to the right ventricular free wall without injury to the coronary arteries.
- The patient has been intubated and is receiving aggressive fluid resuscitation, including a blood transfusion.

Now, let's evaluate the options in the context of the patient's condition:

A: Immediate cardiac transplant is not a realistic option for this patient. This is a last-resort procedure for end-stage heart disease and is not indicated in the acute management of a penetrating cardiac injury.

B: Watchful waiting while resuscitative fluids are initiated is not appropriate in this case due to the patient's hemodynamic instability and the presence of a life-threatening cardiac injury.

C: Interrupted 2-0 polypropylene suture with supporting pledgets is a technique used for repairing cardiac lacerations. This option seems appropriate as the patient has a full-thickness penetrating injury to the right ventricular free wall, and surgical repair is necessary.

D: Needle thoracostomy over the 2nd intercostal space is typically performed for tension pneumothorax, which is not the issue here. The patient has a cardiac injury, not a pneumothorax.

E: Surgical adhesive glue is used for certain types of surgical repairs, but it is not the standard of care for repairing penetrating cardiac injuries.

Given the patient's condition and the nature of the injury, the best definitive surgical approach would be to repair the cardiac laceration. The use of interrupted sutures with supporting pledgets is a recognized technique for this purpose.

Therefore, the answer is (C) Interrupted 2-0 polypropylene suture with supporting pledgets.","- Depends on the size and clinical condition of the patient
- General rules:
- Blunt trauma:
- If initial CXR is negative, then a repeat should be done at 6 hours
- Penetrating trauma:
- If CT done with no pneumothorax - patient may be discharged
- IF CXR done and negative, a repeat CXR should be done at 3 hrs
- Simple:
- Size and symptoms usually guides treatment:
- If <15%
- Whether blunt or penetrating or spontaneous or traumatic
- Usually observation is adequate
- If >15% and/or symptomatic
- Tube thoracostomy is the best option
- If there are apical pneumothoraces:
- In the setting of penetrating trauma: stable patients with <25% involvement may be followed conservatively
- IN the setting of multisystem trauma - conservative observation is rarely safe or indicated, but this is based on clinical judgement
- Placement at the 4-5th intercostal space -AAL
- Safer and less scarring than going anteriorly in the 2nd ICS MCL
- Ensure it is place apical-posteriorly",cc-45.md,2.17781400680542,2.17781400680542,"What is the recommended surgical approach for a patient with a penetrating cardiac injury?
What are the indications for a cardiac transplant?
What is the best initial approach for a patient with a penetrating chest trauma and cardiac injury?"
"A 55-year-old truck driver is brought to a physician by his wife. She states that her husband developed a fever and began feeling weak 3 days ago, but has refused medical help. He has been unable to go to work because of his symptoms. The patient has been previously hospitalized for a tricuspid valve replacement surgery 1 year ago and takes aspirin daily. The medical history is also relevant for myocardial infarction 3 years ago and hypertension for the past 10 years, for which he takes lisinopril. His blood pressure is 140/80 mm Hg, the pulse is 82/min, the respirations are 18/minute, and the temperature is 37.2°C (98.9°F). On examination, several hemorrhages are noted on the nail beds of several fingers. Which of the following findings would be most helpful in establishing a diagnosis?

Options:
A: Thickened valve with multiple small vegetations
B: Bicuspid valve
C: Friable irregular masses attached to the valve
D: Papillary muscle rupture
E: Annular calcification",C,A,False,"The patient presents with fever, weakness, and hemorrhages on the nail beds, which are known as Osler's nodes. These symptoms, along with his history of tricuspid valve replacement surgery, suggest that he may have infective endocarditis. Infective endocarditis is an infection of the endocardial surface of the heart, typically involving one or more heart valves.

Option A describes thickened valve with multiple small vegetations, which is a common finding in infective endocarditis. These vegetations are typically composed of platelets, fibrin, and microorganisms.

Option B describes a bicuspid valve, which is a congenital abnormality and not typically associated with infective endocarditis.

Option C describes friable irregular masses attached to the valve, which could also be consistent with infective endocarditis, as the vegetations can appear as irregular masses.

Option D describes papillary muscle rupture, which is a complication of myocardial infarction, not infective endocarditis.

Option E describes annular calcification, which is a degenerative change and not typically associated with infective endocarditis.

Given the patient's history and clinical presentation, the most helpful finding to establish a diagnosis of infective endocarditis would be the presence of vegetations on the valve. Between options A and C, option A is more typical of infective endocarditis as it describes multiple small vegetations, which are characteristic of the disease.

Therefore, the answer is (A) Thickened valve with multiple small vegetations.",,,0.0,0.0,"What is the most common cause of hemorrhage on the nail beds of several fingers?
What is the most common cause of hemorrhage on the nail beds of several fingers in a patient with a history of tricuspid valve replacement?
What is the most common cause of hemorrhage on the nail beds of several fingers in a patient with a history of tricuspid valve replacement and previous myocardial infarction?"
"A 26-year-old woman is brought to the emergency department 20 minutes after being involved in a high-speed motor vehicle collision in which she was a restrained passenger. On arrival, she is lethargic and incoherent. She has severe facial lacerations and is in respiratory distress. Her pulse is 130/min, respirations are 29/min, and blood pressure is 90/58 mm Hg. Pulse oximetry on room air shows an oxygen saturation of 70%. Examination shows multiple facial lacerations. There is dullness to percussion and decreased breath sounds over the left lung base. Abdominal examination shows diffuse tenderness with no guarding or rebound. Bowel sounds are normal. The remainder of the examination shows no abnormalities. Her hemoglobin concentration is 12.1 g/dL. An x-ray of the chest shows a fractured left second rib, depression of the left mainstem bronchus, deviation of the nasogastric tube to the right, and a widened mediastinum. Which of the following is the most likely diagnosis?

Options:
A: Diaphragmatic rupture
B: Traumatic bronchial rupture
C: Thoracic aortic rupture
D: Cardiac tamponade
E: Tension pneumothorax",C,B,False,"The patient is a 26-year-old woman who was involved in a high-speed motor vehicle collision. She presents with lethargy, incoherence, severe facial lacerations, and respiratory distress. Her vital signs indicate tachycardia (pulse 130/min), tachypnea (respirations 29/min), and hypotension (BP 90/58 mm Hg). She also has hypoxemia with an oxygen saturation of 70% on room air. The physical examination reveals dullness to percussion and decreased breath sounds over the left lung base, which suggests the presence of fluid or blood in the pleural space. The chest x-ray findings of a fractured left second rib, depression of the left mainstem bronchus, deviation of the nasogastric tube to the right, and a widened mediastinum are consistent with significant chest trauma.

Let's evaluate the options:

A: Diaphragmatic rupture - This condition would more likely present with abdominal signs and symptoms, such as abdominal distension or bowel perforation, which are not described in the scenario.

B: Traumatic bronchial rupture - This could be a possibility given the depression of the left mainstem bronchus on the x-ray, but it is less likely to cause the hypotension and mediastinal widening seen in this patient.

C: Thoracic aortic rupture - This is a life-threatening condition that can occur due to blunt chest trauma. It can lead to rapid hemodynamic collapse and is associated with a widened mediastinum on chest x-ray. However, the presence of respiratory distress and decreased breath sounds at the lung base is not typical for aortic rupture, which would more likely present with mediastinal or chest tube findings of blood.

D: Cardiac tamponade - This condition is characterized by the accumulation of fluid in the pericardial space, leading to impaired cardiac filling and decreased cardiac output. The clinical signs of cardiac tamponade include hypotension, muffled heart sounds, and jugular venous distention (JVD), none of which are described in this patient.

E: Tension pneumothorax - This is a likely diagnosis given the patient's respiratory distress, hypoxemia, and the presence of dullness to percussion and decreased breath sounds over the left lung base. The widened mediastinum on the chest x-ray could be due to a shift of mediastinal structures secondary to a tension pneumothorax. However, the deviation of the nasogastric tube to the right rather than the left does not support this diagnosis.

Based on the information provided, the most likely diagnosis is traumatic bronchial rupture (option B). The depression of the left mainstem bronchus on the chest x-ray, along with the patient's respiratory distress and hypoxemia, are consistent with this diagnosis. Additionally, the widened mediastinum could be due to associated mediastinal or pleural hemorrhage secondary to the bronchial rupture.

Therefore, the answer is (B) Traumatic bronchial rupture.","The document provides a comprehensive overview of pleural diseases, focusing on pneumothorax and pleural effusion. It discusses the pathophysiology of pneumothorax, highlighting primary and secondary causes, with COPD being a significant contributor to secondary cases. Key clinical findings for tension pneumothorax include tachycardia, hypoxia, hypotension, JVD, and tracheal deviation. Management strategies vary based on pneumothorax size and symptoms, ranging from observation and oxygen therapy to catheter aspiration and chest tube insertion. The document also covers pleural effusion, explaining Starling’s Law in fluid dynamics and detailing diagnostic criteria like Light’s Criteria. Procedures such as thoracentesis and tube thoracostomy are described, including their complications and contraindications. Additionally, it addresses specific conditions like catamenial pneumothorax and provides guidance on securing chest tubes and using the Seldinger technique for insertion.
---
General signs of pneumothorax: absent breath sounds, inflated ipsilateral chest, hyper-resonance, etc.  
Tension:
- Tachycardia (typically >120)
- Hypoxia with profound dyspnea
- Hypotension
- JVD
- Displacement of trachea to CONTRALATERAL side (away from PTX)
---
- Direct thoracic trauma leads to ¼ of all deaths from trauma.
- This stuff kills!
- Usually caused by MVC’s leading to immediate death.
- Myocardial wall rupture
- Thoracic aorta rupture
- Death in 30 minutes - 3 hours: WE CAN FIX THESE!!!
- Tension pneumothorax
- Cardiac tamponade
- Airway obstruction
- Uncontrolled exsanguination
- Generally, 75% of thoracic trauma can be managed expectantly with simple tube thoracostomy and blood.
- Need a trauma system to do well post-ER resuscitation.
- CT’s are becoming more common, and they show things that can be missed.  
Multiple structures involved:
- Airway - Tracheobronchial injury, traumatic asphyxia
- Lung - Pulmonary contusion, PTx, Hemothorax, Bronchiopleural injury
- Cardiac - Tamponade, Comotio cordis, myocardial contusion
- Chest Wall - rib #, flail chest
- Vascular - intercostal / great vessel disruption, blunt aortic dissection
- GI - esophageal perforation / disruption
---
- Cardiac tamponade occurs when pericardial pressures inhibit cardiac filling and output. No clinical sign or symptom is entirely sensitive for cardiac tamponade, but echocardiogram findings of large pericardial effusion (anechoic stripe around the heart), and atrial or right ventricular collapse during diastole, combined with clinical findings of shock are highly suggestive.
- If compatible with goals of care, pericardial effusion causing tamponade should be emergently drained. Intravenous fluid or inotrope administration may be trialed as a temporizing measure, but these therapies are unreliable and should not delay definitive management.
- Calcium levels in hypercalcemic patients should be assessed by measuring ionized calcium concentration, rather than total calcium concentration.",cc-45.md | cc-77.md | cc-123.md,7.3521504402160645,3.7449071407318115,"What is the most common cause of tension pneumothorax?
What are the classic signs of tension pneumothorax?
What is the most common cause of traumatic bronchial rupture?
What are the classic signs of traumatic bronchial rupture?
What is the most common cause of thoracic aortic rupture?
What are the classic signs of thoracic aortic rupture?
What is the most common cause of diaphragmatic rupture?
What are the classic signs of diaphragmatic rupture?
What is the most common cause of cardiac tamponade?
What are the classic signs of cardiac tamponade?"
"Six days after undergoing surgical repair of a hip fracture, a previously healthy 79-year-old woman is agitated and confused. She is unarousable during the day, but then is awake and impulsive during the night, requiring frequent reorientation. Her husband says that she usually drinks one to two glasses of wine weekly. Her only current medication is oxycodone for pain. Her vital signs are within normal limits. She is distressed and oriented to person but not to place or time. Neurologic examination shows inattentiveness but no focal deficits. Urine dipstick is normal. Which of the following is the most likely cause of her current condition?

Options:
A: Dementia
B: Alcohol withdrawal
C: Opioid intoxication
D: Delirium
E: Urinary tract infection",D,D,True,"First, let's summarize the available information:
- The patient is a 79-year-old woman who recently had surgical repair for a hip fracture.
- She is experiencing agitation and confusion, with fluctuations in her level of consciousness (daytime unarousable, nighttime awake and impulsive).
- She has a history of low to moderate alcohol consumption (one to two glasses of wine weekly).
- Her only medication is oxycodone for pain management.
- Vital signs are normal.
- She is distressed, oriented to person but not to place or time, and shows inattentiveness without focal neurologic deficits.
- Urine dipstick is normal, which makes a urinary tract infection less likely.

Now, let's consider each option in relation to the clinical presentation:

A: Dementia typically presents with a gradual decline in cognitive function, rather than the acute or fluctuating course seen in this patient.

B: Alcohol withdrawal could present with agitation and confusion, especially in someone with a history of alcohol use. However, the patient's alcohol use is relatively low, and withdrawal symptoms usually begin within hours to a few days after the last drink, not typically six days.

C: Opioid intoxication can cause confusion and altered levels of consciousness, but the patient's symptoms are fluctuating, and there is no evidence of opioid overdose (e.g., respiratory depression, constricted pupils).

D: Delirium is characterized by an acute onset and fluctuating course of confusion, which fits the patient's presentation. It is common in older adults after surgery due to various stressors such as pain, immobility, and changes in the environment.

E: Urinary tract infection (UTI) can cause confusion, especially in older adults. However, the normal urine dipstick makes this less likely, and UTIs typically do not cause the acute onset of symptoms seen here.

Based on the information provided and the characteristics of delirium, the most likely cause of the patient's current condition is delirium. Therefore, the answer is (D) Delirium.","- Almost one-third of older ED patients presenting with abdominal pain are ultimately found to have a surgical condition causing the abdominal pain. Biliary tract disorders are the most common cause of abdominal pain in the older adult.
- Non-specific complaints such as generalized weakness are among the top ten presenting complaints for older ED patients. Acute onset and focality of symptoms increase the likelihood of stroke or intracranial hemorrhage.
- Mortality from sepsis approaches 40% for patients older than 85 years, with respiratory and genitourinary infections being the most common sources. Older adults with serious infection may have SIRS-negative sepsis.
---
“Delirium is characterized by a fluctuating neurobehavioral disturbance typically progressing over a short period. It is a direct consequence of an acute systemic or central nervous system (CNS) stressor. Dementia, on the other hand, tends to follow a more gradual course, with evolution occurring over months to years. Although patients with dementia exhibit confusion, unlike delirium, manifestations of autonomic nervous system abnormalities are minimal or absent and a disturbance in level of consciousness usually is not a feature.”  
These big topics fall under the term neurobehavioral disturbances. Here is the big three-step approach for us in the ER:
1. Take a full collateral history and do a physical exam to determine if this is delirium or dementia.
2. Rapidly treat any underlying cause of delirium.
3. “Establish a supportive environment and employ pharmaceutical adjuncts as needed.”
---
- **Delirium tremens (< 5%)**: Hallucinations, disorientation, tachycardia, hypertension, hyperthermia, agitation, and diaphoresis. Typically begins between 48 and 96 hours after the last drink and lasts one to five days.
---
Delirium is caused by a deregulation of neurotransmitter synthesis and metabolism.  
**DIMES:**
- Drugs
- ETOH - intox or withdrawal
- Other street/recreational drugs
- Sedative/hypnotics
- Digoxin/lithium/quinidine/salicylate/antiepileptics
- Over the counter (anticholinergics), TCA,
- MANY others
- Infection
- Meningitis, encephalitis, sinusitis, otitis media
- Pneumonia
- Peritonitis, pyelonephritis, cholecystitis, etc.
- Cellulitis
- Metabolic
- Hypo/hypernatremia
- Hyperosmolarity
- Hypercapnia
- Hypoxia
- Hyperglycemia
- Uremia
- Liver failure
- Environmental
- Hypothermia (usually < 35 deg. C)
- Hyperthermia (usually > 42 deg. C)
- Structural
- CVA, TBI, SAH, status epilepticus
---
**NOTE:** Whenever you encounter a patient with delirium/altered level of consciousness, use the DIMES (drugs, infectious, metabolic, environmental, structural) approach to generate your list of differential diagnoses.  
- **Drugs:** Amphetamines, cocaine, caffeine, anticholinergics, lithium
- **Infectious:** Meningitis, Encephalitis
- **Metabolic:** Thyrotoxicosis, Hyperammonemia, Hypoglycemia, Hypoxia, Uremia
- **Environmental:** Heat stroke
- **Structural:** Hemorrhage, mass, stroke, trauma  
Please refer to Box 149.2 in Rosen’s 9th Edition for a comprehensive table outlining the differential diagnosis of agitated delirium.",cc-185.md | cc-156.md | cc-104.md | cc-181.md,5.071734428405762,3.516484022140503,"What is the most common cause of acute confusion in elderly patients after surgery?
What are the typical features of delirium?
Which drug commonly causes delirium in the elderly?"
"A 54-year-old woman with a past medical history of mental retardation, hypertension, and diabetes presents to the emergency department with a change in her behavior. Her caretakers state that the patient’s gait suddenly became ataxic, and she became less responsive than her normal non-verbal baseline. Her temperature is 98.5°F (36.9°C), blood pressure is 125/68 mmHg, pulse is 90/min, respirations are 15/min, and oxygen saturation is 99% on room air. Physical exam is notable for an unremarkable HEENT exam with normal facial features and no signs of airway compromise. Neurological exam is remarkable for new onset spasticity. The patient has 3+ reflexes and a positive Babinski sign. Musculoskeletal exam is only notable for symmetric swelling and deformities of the patient’s hands bilaterally. Additionally, there is a ""clunk"" when posterior force is applied to the head while anterior force is applied to the cervical spine. Which of the following is the most likely risk factor that predisposed this patient to this condition?

Options:
A: Cerebral palsy
B: Diabetes mellitus
C: Down syndrome
D: Hypertension
E: Rheumatoid arthritis",E,A,False,"First, let's summarize the available information:
- The patient is a 54-year-old woman with a history of mental retardation, hypertension, and diabetes.
- She presents with a change in behavior and an ataxic gait.
- Her physical exam shows spasticity, brisk reflexes, a positive Babinski sign, and symmetric hand swelling and deformities.
- There is also a ""clunk"" when force is applied to her head and cervical spine, which suggests atlantoaxial subluxation.

Now, let's consider the potential risk factors for her condition:
- Cerebral palsy (A) is a group of disorders affecting movement and muscle tone or posture caused by damage that occurs to the immature, developing brain, most often before birth. It is not typically associated with the acute onset of ataxia or spasticity in an adult.
- Diabetes mellitus (B) can lead to a variety of complications, including neuropathy, but it is not typically associated with acute ataxia or spasticity.
- Down syndrome (C) is a genetic disorder caused by the presence of all or part of a third copy of chromosome 21. It is associated with intellectual disability, but not typically with the acute neurological findings described.
- Hypertension (D) can lead to chronic changes in the brain, such as lacunar infarcts, but it is not typically associated with acute ataxia or spasticity.
- Rheumatoid arthritis (E) is an autoimmune disorder that can lead to rheumatoid nodules and other systemic complications, but it is not typically associated with neurological findings like ataxia or spasticity.

The presence of spasticity, brisk reflexes, a positive Babinski sign, and the ""clunk"" indicating atlantoaxial subluxation are most consistent with a cervical spine disorder, possibly cervical myelopathy. Given the patient's history and presentation, the most likely underlying condition is syringomyelia, which can occur in patients with cerebral palsy due to associated Chiari II malformation. This would not be directly related to diabetes, hypertension, or rheumatoid arthritis.

Therefore, the answer is (A) Cerebral palsy.","Truncal ataxia is something that is not commonly encountered in clinical practice, but when you see it, you’ll never forget it. In essence, truncal ataxia is characterized by midline torso instability. While these patients can have a grossly ataxic gait, you often see truncal ataxia when the patient is sitting. The patient is often unable to sit upright without stabilizing their midsection with their arms on either side. Additionally, the patient with truncal ataxia can be seen to have abnormal swaying movements of the head and trunk.  
Truncal ataxia, if found in isolation, is typically the result of midline cerebellar lesions and dysfunction.  
Also called “titubation”
---
| Associated Neurologic Findings  | None                                                                       | Usually present                                                         |
| Associated Auditory Findings    | May be present, tinnitus with Meniere’s Disease) and hearing loss (labrynthitis) | Rarely                                                                  |
---
| Associated Neurologic Findings| None                                                                       | Usually present                                                         |
| Associated Auditory Findings  | May be present, tinnitus with Meniere’s Disease) and hearing loss (labrynthitis) | Rarely                                                                  |",cc-207.md | cc-19.md,3.104104995727539,3.0252904891967773,"What condition is associated with the ""clunk"" sign on physical exam?
What condition is associated with spasticity, hyperreflexia, and a positive Babinski sign?
What condition is associated with symmetric hand swelling and deformities?
What condition is associated with mental retardation?
What condition is associated with ataxic gait?
What condition is associated with the described behavioral changes?
What condition is associated with the described neurological findings?
What condition is associated with the described musculoskeletal findings?
What condition is associated with the described orthopedic findings?
What condition is associated with the described systemic findings?"
"A 24-year-old man is brought to the emergency department 15 minutes after he sustained a stab wound to the left chest just below the clavicle. On arrival, he has rapid, shallow breathing and appears anxious. His pulse is 135/min, respirations are 30/min and shallow, and palpable systolic blood pressure is 80 mm Hg. He is intubated and mechanically ventilated. Infusion of 0.9% saline is begun. Five minutes later, his pulse is 133/min and blood pressure is 82/45 mm Hg. Examination shows no active external bleeding. There is a 2.5-cm single stab wound to the left chest at the 4th intercostal space at the midclavicular line. Cardiovascular examination shows muffled heart sounds and jugular venous distention. Breath sounds are normal. Further evaluation of this patient is most likely to show which of the following findings?

Options:
A: Tracheal deviation toward the right side
B: Hemoptysis
C: A drop in systolic blood pressure of 14 mmHg during inspiration
D: Herniation of the stomach into the chest
E: Paradoxical motion of part of the chest with breathing
""",C,C,True,"The patient presents with a stab wound to the left chest, rapid, shallow breathing, anxiety, tachycardia, hypotension, and signs of poor perfusion (muffled heart sounds and jugular venous distention). The location of the stab wound at the 4th intercostal space at the midclavicular line suggests injury to the heart or a major vessel. The muffled heart sounds and jugular venous distention are particularly concerning for cardiac tamponade, which is a medical emergency where fluid accumulates in the pericardial space, compressing the heart and impairing its function.

Option A (Tracheal deviation toward the right side) would be more indicative of a tension pneumothorax, which is less likely given the normal breath sounds.

Option B (Hemoptysis) refers to coughing up blood, which is not mentioned in the scenario and is not typically associated with cardiac tamponade.

Option C (A drop in systolic blood pressure of 14 mmHg during inspiration) could suggest pulsus paradoxus, which is a hallmark of cardiac tamponade. Pulsus paradoxus is an exaggerated decrease in systolic blood pressure during inspiration and is due to the impaired filling of the right ventricle due to the elevated pericardial pressure.

Option D (Herniation of the stomach into the chest) refers to a diaphragmatic hernia, which is not consistent with the acute presentation and the findings described.

Option E (Paradoxical motion of part of the chest with breathing) describes flail chest, which is not indicated here as the breath sounds are normal.

Given the clinical presentation and the examination findings, the most likely additional finding in this patient would be pulsus paradoxus, which is associated with cardiac tamponade. Therefore, the answer is (C) A drop in systolic blood pressure of 14 mmHg during inspiration.",,,0.0,0.0,"What is the most likely diagnosis for a patient with a stab wound to the chest and rapid, shallow breathing, anxiety, hypotension, and a decrease in systolic blood pressure during inspiration?
What are the classic physical exam findings associated with this diagnosis?
Which additional finding is most likely in this patient?"
"A 17-year-old female is brought to the emergency room by her father because she has been experiencing shortness of breath and chest pain. She says that the chest pain is worse when she breathes or coughs. Furthermore, on the way to the hospital she noticed that there were specks of blood on a tissue that she coughed into. She has no previous medical history and does not recall anything that could have provoked these symptoms. On presentation her temperature is 99°F (37.2°C), blood pressure is 107/65 mmHg, pulse is 102/min, respirations are 21/min, and O2 saturation is 91% on room air. Further testing shows a large filling defect in the pulmonary vessels, and the patient is started on an appropriate treatment intravenously. After drug administration, the effects of the drug are monitored using a standard blood test. Surprisingly, the test results come back within normal parameters. The most likely underlying cause of this patient's symptoms has which of the following modes of inheritance?

Options:
A: Autosomal dominant
B: Autosomal recessive
C: Autosomal partial dominance
D: X-linked dominant
E: X-linked recessive",A,A,True,"The patient is presenting with symptoms of shortness of breath, chest pain that worsens with breathing or coughing, and hemoptysis (coughing up blood). The presence of a large filling defect in the pulmonary vessels suggests a pulmonary embolism, which is often caused by a blood clot that has traveled to the lungs from the venous system, a condition known as pulmonary embolism (PE). The fact that the patient's symptoms are acute and there is no previous medical history or provoking event points towards a hypercoagulable state or thrombophilia.

The mention of a standard blood test that returns to normal parameters after drug administration suggests that the underlying cause might be a condition that can be corrected with a specific treatment. This is characteristic of conditions that involve clotting factors or coagulation pathways.

Among the options given, conditions with modes of inheritance that could lead to a hypercoagulable state include:

A: Autosomal dominant conditions, which can present at any age and do not require both parents to be affected. Examples include Factor V Leiden mutation and prothrombin gene mutation, both of which are common hereditary causes of thrombophilia.
B: Autosomal recessive conditions typically require both parents to be carriers and the patient to inherit two copies of the mutated gene. This is less common in acute presentations like this.
C: Autosomal partial dominance is not a common mode of inheritance for thrombophilias.
D: X-linked dominant conditions would affect males and females, but typically males would be more severely affected. This does not fit the typical pattern of thrombophilias.
E: X-linked recessive conditions typically affect males more severely than females because the gene is on the X chromosome. This does not fit the typical pattern of thrombophilias.

Given the information provided and the common genetic causes of hypercoagulable states, the most likely underlying cause of this patient's symptoms, considering it is a hereditary thrombophilia that can be treated with current medical therapies, would be an autosomal dominant condition.

Therefore, the answer is (A) Autosomal dominant.",,,0.0,0.0,"What is the most likely diagnosis for a patient with a large filling defect in the pulmonary vessels and symptoms of shortness of breath, chest pain, and hemoptysis?
What is the mode of inheritance for the most likely diagnosis?"
"A 37-year-old man with no significant past medical history is rear-ended in a motor vehicle accident. He reported significant neck pain to emergency responders, but otherwise denies weakness, numbness or tingling in his extremities. His vitals on presentation to the ED are HR 90, BP 140/80, RR 20, SpO2 98%. What is the most appropriate next step upon presentation to the emergency room?

Options:
A: Lateral cervical film
B: Three view cervical spine series
C: Cervical immobilization
D: IV methylprednisolone
E: Observation overnight",C,C,True,"Relevant chunks:
- Pediatric cervical spine injuries (CSI) are uncommon but can lead to severe outcomes if not properly identified.
- Diagnostic imaging for CSI typically involves X-rays or CT scans, especially in acute scenarios, though these methods pose a risk of radiation exposure to children.
- Clinical Decision Rules (CDRs) are employed to guide clinicians in making informed decisions, aiming to reduce unnecessary imaging while ensuring significant injuries are detected.
- There is no standardized protocol for diagnosing CSI in children following blunt trauma, leading to variability in practice.
- Unlike adults, for whom CDRs like the Canadian C-spine Rule and NEXUS criteria exist, there is no specific, reliable CDR for pediatric patients.

Based on the provided information, the most appropriate next step for a pediatric patient with potential cervical spine injury would be to minimize movement of the spine to prevent further injury while preparing for imaging studies. This is typically done with spinal immobilization or motion restriction.

Option C, Cervical immobilization, is the most appropriate next step to prevent additional injury to the cervical spine while the patient is assessed and prepared for imaging. This is consistent with the practice of limiting spinal motion to protect the spine from further injury until a thorough assessment can be performed.

Therefore, the answer is (C) Cervical immobilization.","Pediatric cervical spine injuries (CSI) are uncommon but can lead to severe outcomes if not properly identified. Diagnostic imaging for CSI typically involves X-rays or CT scans, especially in acute scenarios, though these methods pose a risk of radiation exposure to children. Clinical Decision Rules (CDRs) are employed to guide clinicians in making informed decisions, aiming to reduce unnecessary imaging while ensuring significant injuries are detected. However, there is no standardized protocol for diagnosing CSI in children following blunt trauma, leading to variability in practice depending on the clinician, institution, and resources. Unlike adults, for whom CDRs like the Canadian C-spine Rule and NEXUS criteria exist, there is no specific, reliable CDR for pediatric patients.
---
Can the new PECARN clinical prediction rule (tool) guide imaging decisions in detecting pediatric cervical spine injuries without missing significant cervical spine injuries (CSI)?
---
Head injuries, including concussions, are frequently addressed in emergency and pre-hospital care, with guidelines such as the Canadian CT Head Rules aiding in assessment. Spinal injuries are another critical focus, with traditional spinal immobilization (SI) methods, such as cervical spine collars and rigid backboards, evolving into spinal motion restriction (SMR) techniques. SMR involves more selective use of cervical collars and alternative positioning methods due to the recognition of adverse effects and limited benefits of traditional immobilization. The effectiveness of various devices and procedures in reducing harmful spinal motion remains unclear, with research indicating a shift from long backboards to collar-only treatments. However, concerns persist regarding under-treatment and inconsistent practices, as some patients meeting criteria for precautions receive inadequate care. Despite no observed increase in cervical spine injury diagnoses, optimizing patient protection while minimizing harm is
---
The exact type and benefits of spinal immobilization/spinal motion restriction have not been fully elucidated at this point and you should follow local pre-hospital practices.  
**What Do I Tell My Patient?**
You have had head trauma and there is a risk of having a bony neck injury. This risk is lower because you are ambulatory on scene, but to be cautious, we are going to place you in a cervical collar, limit your neck range of motion and transport you to hospital for further assessment as per our current protocol.",sgem-441.md | sgem-411.md | sgem-467.md,3.7577176094055176,2.97269868850708,"What is the initial management for a patient with a suspected cervical spine injury after a motor vehicle accident?
What is the initial imaging study of choice for a patient with a suspected cervical spine injury?
When should a patient with a suspected cervical spine injury be immobilized?
What is the treatment for acute spinal cord injury?
What is the treatment for a patient with a suspected cervical spine injury without neurologic deficits?"
"The patient is given prophylactic labetalol and magnesium sulfate. Examination shows absent deep tendon reflexes bilaterally. Which of the following is the most appropriate next step in the management of this patient?

Options:
A: Stop magnesium sulfate and give calcium gluconate
B: Stop labetalol
C: Stop magnesium sulfate and give lorazepam
D: Perform nerve conduction studies
E: Perform emergency cesarean section",A,A,True,"The patient is being given prophylactic labetalol and magnesium sulfate, which are commonly used in obstetrics to prevent seizures in women with preeclampsia or eclampsia. The absence of deep tendon reflexes bilaterally could be a sign of magnesium toxicity, which is a known complication of magnesium sulfate therapy. 

The appropriate management for magnesium toxicity includes stopping the magnesium sulfate infusion and administering calcium gluconate, which can help reverse the effects of magnesium toxicity. Calcium gluconate is used because it can counteract the effects of magnesium on the neuromuscular junction.

Option A ""Stop magnesium sulfate and give calcium gluconate"" is the correct choice because it addresses the potential toxicity from the magnesium sulfate.

Option B ""Stop labetalol"" does not directly address the issue of absent deep tendon reflexes, which is more likely due to magnesium toxicity rather than labetalol.

Option C ""Stop magnesium sulfate and give lorazepam"" is not appropriate as lorazepam is used for seizures and does not counteract magnesium toxicity.

Option D ""Perform nerve conduction studies"" is not the immediate next step in management; it would be more appropriate after addressing the potential toxicity.

Option E ""Perform emergency cesarean section"" is not indicated solely based on the absence of deep tendon reflexes and would not address the potential magnesium toxicity.

Therefore, the answer is (A) Stop magnesium sulfate and give calcium gluconate.",,,0.0,0.0,"What condition is characterized by absent deep tendon reflexes and requires immediate treatment with magnesium sulfate and labetalol?
What condition is characterized by absent deep tendon reflexes and requires immediate treatment with magnesium sulfate and labetalol?
What condition is characterized by absent deep tendon reflexes and requires immediate treatment with magnesium sulfate and labetalol?"
"A 75-year-old woman is brought by a patrolman to the emergency department because of altered mental status. She was found wandering next to the highway. The patient was unable to answer questions and collapsed in transit. Her vitals are: temperature, 33.0°C (91.4°F); pulse, 40/min; respirations,12/min; blood pressure, 80/50 mm Hg; and oxygen saturation, 85% on room air. Physical examination shows decorticate posturing, incomprehensible speech, eyes opening to pain, dry hair, coarse and waxy skin, and non-pitting edema around the face and all extremities. Electrocardiogram shows sinus bradycardia. Laboratory studies show:
Calcium 9.0 mg/dL
Hematocrit (female) 34%
Potassium 4.0 mEq/L
Sodium 120 mEq/L
TSH 110.0 µU/mL
Thyroxine (T4) 1.2 µg/dL
Triiodothyronine (T3) 70 ng/dL
Which of the following is the most likely diagnosis in this patient?

Options:
A: Myxedema coma
B: Pheochromocytoma crisis
C: Septic shock
D: Tertiary hyperparathyroidism
E: Thyroid storm",A,A,True,"The patient presents with altered mental status, hypothermia, bradycardia, hypotension, hypoventilation, and dry skin with non-pitting edema. These findings are suggestive of a hypothyroid crisis, also known as myxedema coma, especially given the elevated TSH and low T4 and T3 levels, indicating severe hypothyroidism. Myxedema coma is a life-threatening emergency that occurs in patients with untreated or inadequately treated hypothyroidism.

Option B, pheochromocytoma crisis, typically presents with hypertension, headache, sweating, and tachycardia due to excessive catecholamine release, which is not consistent with the patient's presentation.

Option C, septic shock, would likely show signs of infection and systemic inflammatory response, with different laboratory findings and vital signs, such as tachycardia and fever, which are not present in this case.

Option D, tertiary hyperparathyroidism, is associated with hypercalcemia, which is not indicated in this patient's presentation or laboratory values.

Option E, thyroid storm, is characterized by severe hyperthyroidism with symptoms such as fever, tachycardia, and agitation, which are not consistent with this patient's presentation.

Therefore, the answer is (A) Myxedema coma.","Refer to box 120.7 in Rosen’s 9th edition for recognition of the clinical features of myxedema coma.  
Clinical features:  
- Hypothermia
- Hypotension - refractory
- Hypoventilation
- Bradycardia
- AMS
- Edematous face  
Refer to box 120.6 in Rosen’s 9th edition for a list of the aggravating or precipitating factors in myxedema coma.  
Precipitating events include:  
- Myocardial infarction
- Infection
- Sepsis
- Stroke
- Pulmonary embolism
- Prolonged exposure to cold
- Exposure to drugs that suppress the central nervous system
---
Well, it can really occur in anyone with hyperthyroidism (Graves’ disease, toxic multinodular goiter/adenoma) OR be the first presentation of thyrotoxicosis,  
BUT usually the storm starts after one of these insults:  
- Thyroid or nonthyroidal surgery,
- Trauma,
- Infection,
- An acute iodine load,
- Postpartum,
- In addition, irregular use or discontinuation of antithyroid drugs is a commonly reported precipitant of thyroid storm.  
Source: Uptodate
---
3. Toxic adenoma
- A single hyperfunctioning nodule within the thyroid
4. Thyroiditis: multiple possible causes causing thyroid inflammation - this leads to follicular cell breakdown and the release of preformed thyroid hormones
- Trauma
- Drug-induced (commonly amiodarone / lithium)
- Infectious (suppurative) thyroiditis (bacterial or fungal infection of the thyroid, usually in patients with AIDS)
- Autoimmune (including silent thyroiditis)
- The most common form of thyroiditis in the United States is Hashimoto’s thyroiditis, an autoimmune disorder characterized by the presence of thyroid antibodies and lymphocytic infiltration of the thyroid gland. Typically, patients present with a painless goiter and hypothyroidism, but some have transient thyrotoxicosis (hashitoxicosis) that may last a few months.
5. Postpartum thyroiditis
6. Subacute thyroiditis (viral inflammation of the thyroid)
7. Subclinical thyroiditis
8. Factitious thyroiditis (ingestion of excess thyroxine)  
The categories of thyrotoxicosis:
---
80% of cases are due to - malignancy (inpatients) or hyperparathyroidism (outpatients).  
**Box 117.7: Five Most Common Causes of Hypercalcemia**  
**Malignant Disease**  
1. Ectopic secretions of parathyroid hormone, multiple myeloma, cancer metastatic to bone
2. Most common: Breast, lung, hematologic, kidney, prostate  
**Endocrine**  
1. Hyperparathyroidism, multiple endocrine neoplasias, hyperthyroidism, pheochromocytoma, adrenal insufficiency  
**Granulomatous Disease**  
1. Sarcoidosis, tuberculosis, histoplasmosis, berylliosis, coccidioidomycosis  
**Pharmacologic Agents**  
1. Vitamins A and D, thiazide diuretics, estrogens, milk-alkali syndrome  
**Miscellaneous**  
1. Dehydration, prolonged immobilization, iatrogenic, rhabdomyolysis, familial, laboratory error  
Key ones to think about:  
- Cancer crisis: heme, breast, lung, the “double” organs
- Hyperparathyroidism
- Sarcoidosis
- Vitamin A/D overdose
- Late finding in rhabdomyolysis  
**Clinical features:**  
NON-SPECIFIC!
---
As per Rosen’s 9th Edition, cardiogenic shock typically comes about after greater than 40% of the myocardium is compromised. Remember, this is not necessarily from an ischemic process (although, this is likely the most common cause we will see in the ED). You need to consider the effects of systemic inflammation (remember our discussion of sepsis in Q4), toxins, and immune injury in your differential.
---
The document provides a comprehensive overview of shock, detailing its five primary causes: hypovolemic, obstructive, distributive, cardiogenic, and cellular toxins. It emphasizes the importance of lactate and base deficit as diagnostic tools in assessing shock severity and guiding management. The document defines systemic inflammatory response syndrome (SIRS), sepsis, severe sepsis, and septic shock, highlighting the progression and criteria for each condition. Early Goal Directed Therapy is discussed as a critical approach in managing septic shock, with specific targets for mean arterial pressure, urine output, and central venous oxygen saturation. Management of cardiogenic shock focuses on minimizing myocardial oxygen demand and maximizing cardiac output, with a stepwise approach involving fluid resuscitation, inotropic support, and careful intubation. The document underscores the need for rapid identification and treatment of the underlying cause of shock to improve patient outcomes.",cc-197.md | cc-6.md | cc-125.md | cc-128.md,5.448779106140137,3.0104992389678955,"What is the classic presentation of myxedema coma?
What are the key laboratory findings in myxedema coma?
What is the most common cause of myxedema coma?
What is the most common cause of thyroid storm?
What is the most common cause of pheochromocytoma crisis?
What is the most common cause of septic shock?
What is the most common cause of tertiary hyperparathyroidism?"
"A 13-year-old boy presents to the emergency department with severe knee, hip, and groin pain. The patient has a past medical history notable only for obesity and asthma. His temperature is 98°F (36.7°C), blood pressure is 124/65 mmHg, pulse is 128/min, respirations are 14/min, and oxygen saturation is 99% on room air. Physical exam is notable for an inability of the patient to bear weight on his left leg and limited range of motion of the left hip. Which of the following is the best management for this patient?

Options:
A: Casting and crutches
B: Immobilization of the hip in a Pavlik harness
C: Supportive therapy and observation
D: Surgical drainage of the hip
E: Surgical pinning of the femoral head",E,B,False,"First, let's summarize the available information:
- The patient is a 13-year-old boy.
- He presents with severe knee, hip, and groin pain.
- He has a history of obesity and asthma.
- Vital signs are within normal limits except for a high pulse rate (tachycardia).
- Physical exam shows an inability to bear weight on the left leg and limited range of motion of the left hip.

Now, let's consider the possible diagnoses based on the symptoms and the patient's age:
- The severe pain, inability to bear weight, and limited range of motion in the hip area could be indicative of a condition affecting the hip joint.
- Given the patient's age and symptoms, conditions such as slipped capital femoral epiphysis (SCFE), Legg-Calvé-Perthes disease, or possibly acute osteomyelitis should be considered.

Next, let's evaluate the management options:
- (A) Casting and crutches are typically used for conditions like a fracture or mild SCFE, but the patient's inability to bear weight and limited ROM suggest a more severe issue than a simple fracture.
- (B) Immobilization of the hip in a Pavlik harness is the treatment of choice for SCFE, which is common in obese adolescents and can present with acute pain and limited mobility.
- (C) Supportive therapy and observation might be appropriate for less severe conditions or infections, but the severity of symptoms and limited ROM suggest a more aggressive treatment is needed.
- (D) Surgical drainage of the hip would be indicated if there was evidence of septic arthritis or osteomyelitis, but there is no fever or elevated inflammatory markers to suggest an infection.
- (E) Surgical pinning of the femoral head is a treatment for SCFE, but it is typically reserved for cases that are not amenable to non-operative treatment or in cases where the Pavlik harness has failed.

Considering the patient's obesity, acute presentation, and limited ROM, SCFE is a likely diagnosis, and the initial management of choice is usually the Pavlik harness to allow for the epiphysis to reduce and heal. Therefore, the answer is (B) Immobilization of the hip in a Pavlik harness.","- The child’s age can also help identify common causes of abdominal pain. Infants, for example, may have disorders such as NEC, hypertrophic pyloric stenosis, or intussusception, whereas older children are more likely to present with appendicitis, pancreatitis, or biliary tract disease. It can be helpful to consider the top most likely and can’t miss diagnoses in a 3-month-old, 13-month-old, 3-year-old, and 13-year-old to round out your age-appropriate differential.
---
- Legg-Calvé-Perthes disease is diagnosed and staged by AP and frog leg lateral radiographs.
- Radiolucent, V-shaped, osteoporotic defect in the lateral epiphysis (Gage’s sign),
- Speckled calcification lateral to the capital epiphysis,
- Diffuse metaphyseal reaction (metaphyseal cysts),
- Lateral capital femoral epiphysis subluxation,
- And a horizontal physis.  
- LCPD (from Radiopaedia)  
- SCFE (from Radiopaedia)  
- Note the abnormal Klein's line (left hip)
- Modified Klein’s line is a comparison of the amount of epiphysis lateral to the Klein line on the symptomatic side compared with the same measurement on the asymptomatic side, with a difference of 2 mm being significant.
- The blanch sign of Steele, another SCFE finding seen on the AP radiograph, is a crescent-shaped area of increased density in the proximal portion of the femoral neck created by superimposition of the posteriorly displaced epiphysis on the femoral neck.
---
- Idiopathic avascular necrosis of the proximal femoral head, also known as Legg-Calvé-Perthes disease, is named after the men who independently described it in the early 1900s.
- The cause remains unclear; theories are myriad and research results conflicting.
- SCFE: A slipped capital femoral epiphysis (SCFE) involves posterior and inferior slippage of the proximal femoral epiphysis on the metaphysis.
- The cause of SCFE is unknown but is likely to be related to biomechanical and hormonal factors.
- Obesity results in increased shear forces across a more vertically and posteriorly oriented growth plate that has been weakened by architectural irregularities and hormonal changes of puberty. The consequence is slippage of the epiphysis inferiorly and posteriorly in the direction of the weight-bearing force.
- Usually idiopathic and associated with obesity.
---
- Excellent! Self-limited disease.
- Thus, in children who are able to ambulate, have minimal pain after treatment with nonsteroidal anti-inflammatory drugs (NSAIDs), and have normal inflammatory markers (CRP < 20 mg/L), outpatient management with close primary care follow-up is reasonable. The CRP should normalize within 1 week of supportive care.
- Ideally follow up with good return instructions within 24 hrs. They should rest the affected joint and return to normal activity after the pain has subsided and ROM has normalized.
- 75% of patients are pain-free at 2 weeks.
- Persistent joint effusion beyond 6 weeks may be associated with the subsequent development of Legg-Calvé-Perthes disease.",cc-172.md | cc-176.md,3.6616787910461426,2.804744005203247,"What is the most common cause of hip pain in a 13-year-old boy?
What are the clinical features of Legg-Calvé-Perthes disease?
How is Legg-Calvé-Perthes disease managed?"
"A 51-year-old man is brought to the emergency department because of a 2-day history of fever, abdominal pain, and confusion. His wife states that he has been unable to recall his birthday or her name. He was diagnosed with hepatitis C 3 years ago but refused treatment. He has been treated twice in the past year for acute pancreatitis. There is no family history of serious illness. His only medication is a calcium supplement. He emigrated from India 15 years ago. He appears ill. His temperature is 38.3°C (100.9°F), pulse is 101/min, and blood pressure is 104/68 mm Hg. He is confused and oriented only to person. Examination shows scleral icterus and spider angiomas. There are fine tremors of the hands bilaterally. The abdomen is distended and shifting dullness is present. There is diffuse tenderness to palpation with no guarding. Bowel sounds are absent. Laboratory studies show:
Hemoglobin 12.6 g/dL
Leukocyte count 13,900/mm3
Platelet count 342,000/mm3
Serum
Albumin 2.6 g/dL
Total bilirubin 2.56 mg/dL
Alkaline phosphatase 54 U/L
AST 17 U/L
ALT 44 U/L
Paracentesis is performed. Ascitic fluid analysis shows an albumin concentration of 0.8 g/dL, glucose concentration of 62 mg/dL, and a leukocyte count of 1900/mm3 with 60% neutrophils. Which of the following is the most likely explanation for these findings?""

Options:
A: Pancreatic fluid leakage
B: Aseptic peritoneal inflammation
C: Neoplastic growth
D: Bacterial translocation
E: Perforated viscus",D,B,False,"First, let's summarize the patient's presentation:
- 51-year-old man with fever, abdominal pain, confusion, and memory impairment.
- History of hepatitis C, acute pancreatitis, and no family history of serious illness.
- Physical examination findings: fever, confusion, scleral icterus, spider angiomas, fine tremors, abdominal distension, shifting dullness, diffuse tenderness, and absent bowel sounds.
- Laboratory findings: anemia, leukocytosis, thrombocytopenia, hypoalbuminemia, hyperbilirubinemia, and mildly elevated AST and ALT.
- Ascitic fluid analysis: low albumin, low glucose, and high leukocyte count with a predominance of neutrophils.

The patient's symptoms and findings suggest hepatic encephalopathy (confusion, memory impairment, and orientation only to person) and signs of portal hypertension (ascites, spider angiomas, and scleral icterus). The ascitic fluid analysis shows an elevated leukocyte count with a high percentage of neutrophils, which is suggestive of spontaneous bacterial peritonitis (SBP).

Now let's evaluate the options:

A: Pancreatic fluid leakage - This is less likely because the patient has a history of pancreatitis, but there is no mention of recent episodes, and the presentation is more consistent with SBP.

B: Aseptic peritoneal inflammation - This could be consistent with SBP, which is an infection of the peritoneum without an evident source of infection.

C: Neoplastic growth - There is no mention of weight loss, anorexia, or other signs that would suggest neoplastic growth.

D: Bacterial translocation - This is a possible mechanism for SBP, where bacteria translocate from the gut into the peritoneal cavity due to increased intestinal permeability in the setting of liver disease.

E: Perforated viscus - This would typically present with acute, severe abdominal pain and guarding, which is not the case here.

Given the patient's signs of SBP (fever, abdominal pain, confusion, high ascitic fluid neutrophils), the most likely explanation is aseptic peritoneal inflammation due to SBP. Therefore, the answer is (B) Aseptic peritoneal inflammation.","- Protein, LDH, glucose, CE antigen, ALP, gram stain and culture.
- Rural tip: ***may also use a urine leukocyte esterase test strip to screen the fluid; if it’s positive there is a high likelihood that the ascitic fluid has a significant neutrophil count.***  
Other positive findings:  
- pH <7.34
- pH gradient between ABG and ascites fluid
- SAAG - serum ascites albumin fluid gradient > 1.1 g/dL (>11 g/L) can be an early indicator of SBP.
- (subtract the albumin in the ascitic fluid, from the serum albumin level)
- This can also be used to determine whether the ascites is from portal hypertension or not",cc-90.md,1.7405592203140259,1.7405592203140259,"What is the most likely diagnosis for a patient with fever, abdominal pain, confusion, hepatitis C, scleral icterus, spider angiomas, and ascites?
What is the most likely cause of ascites in this patient?
What is the most likely explanation for the ascitic fluid analysis findings?"
"An 18-month-old girl is brought to the emergency department because of a cough that her parents are worried about. She has had a runny nose and a low-grade fever for the past 2 days, with some hoarseness and a rough-sounding cough that started this afternoon. This evening she began making some high-pitched sounds when taking breaths, and she seemed to be having some trouble breathing. She is alert and does not appear to be in acute distress. She has a temperature of 38.0°C (100.4 °F), with a respiratory rate of 50/min and O2 saturation of 97%. There is audible inspiratory stridor that worsens when she starts to cry during the examination. She has an occasional barking cough. Her pharynx is mildly erythematous with normal tonsils and no exudate. A frontal X-ray of the upper chest airways is obtained (shown in the image). Which of the following is the best step in management?

Options:
A: Anterior-posterior and lateral radiographs of the neck
B: Intubation
C: Racemic epinephrine and intramuscular corticosteroid therapy
D: Intravenous antibiotics
E: Trial of bronchodilator therapy and oral steroids",C,C,True,"The patient is an 18-month-old girl presenting with symptoms of a cough, runny nose, low-grade fever, hoarseness, a rough-sounding cough, high-pitched inspiratory sounds, and difficulty breathing. She is alert and not in acute distress, with a temperature of 38.0°C, a respiratory rate of 50/min, and O2 saturation of 97%. The presence of inspiratory stridor that worsens with crying and a barking cough, along with the mild erythema of the pharynx and normal tonsils without exudate, are suggestive of croup. Croup is a common respiratory condition in children characterized by inflammation of the upper airways, leading to the symptoms observed.

The frontal X-ray of the upper chest airways, although not shown here, would likely support the diagnosis of croup by demonstrating subglottic narrowing or other characteristic features of croup.

Given the diagnosis of croup, the best step in management is typically to provide treatment that reduces airway inflammation and improves symptoms. Racemic epinephrine and intramuscular corticosteroid therapy are commonly used to treat croup and can rapidly improve symptoms.

Anterior-posterior and lateral radiographs of the neck (Option A) are not immediately necessary and would not be the best step in management. Intubation (Option B) is reserved for severe cases of croup with significant airway compromise, which does not seem to be the case here as the patient is alert and has a good O2 saturation. Intravenous antibiotics (Option D) are not indicated as there is no evidence of bacterial infection, and croup is typically caused by a viral infection. A trial of bronchodilator therapy and oral steroids (Option E) could be considered for wheezing or if there was a suspicion of asthma, but the presentation is more consistent with croup, which responds better to steroids and epinephrine.

Therefore, the answer is (C) Racemic epinephrine and intramuscular corticosteroid therapy.",,,0.0,0.0,"What is the most likely diagnosis for this patient?
What is the best initial step in management for this condition?"
"A 41-year-old man presents to the emergency department with a 6-hour history of muscle cramping, decreased appetite, and diarrhea. He says that these symptoms came on rapidly but does not recall anything that may have triggered the episode. He has never experienced these symptoms before. His past medical history is significant for obesity, sleep apnea, and type 2 diabetes that is well controlled on metformin. He also has gastroesophageal reflux disease for which he occasionally takes antacids. On presentation he is found to have fast, shallow breathing and abdominal pain that is poorly localized. Basic labs as well as an arterial blood gas are obtained and the results are shown below:

Na+: 139 mEq/L
Cl-: 106 mEq/L
HCO3-: 11 mEq/L
pH: 7.25
pCO2: 22 mmHg

Which of the following is the most likely cause of the changes seen in this patient's labs?

Options:
A: Antacids
B: Anxiety
C: Diarrhea
D: Metformin
E: Sleep apnea",D,C,False,"First, let's summarize the available information from the question:
- The patient is a 41-year-old man with a history of obesity, sleep apnea, and well-controlled type 2 diabetes on metformin.
- He presents with muscle cramping, decreased appetite, and diarrhea, which came on rapidly.
- He has fast, shallow breathing and abdominal pain.
- His arterial blood gas shows a pH of 7.25, which indicates acidosis, and a low HCO3- (bicarbonate) level of 11 mEq/L, suggesting a metabolic acidosis.

Now, let's consider each option in relation to the patient's presentation and lab results:

A: Antacids - While antacids can cause metabolic alkalosis due to the bicarbonate load, the patient's presentation is more consistent with metabolic acidosis.

B: Anxiety - Anxiety can cause respiratory alkalosis due to hyperventilation, but it would not explain the metabolic acidosis seen in the labs.

C: Diarrhea - Diarrhea can lead to metabolic acidosis due to the loss of bicarbonate in stool. This could explain both the patient's symptoms and the lab findings.

D: Metformin - Metformin is not typically associated with causing metabolic acidosis. It is actually associated with causing a rare condition called metformin-associated lactic acidosis, but this is typically seen with overdose or in the context of renal failure.

E: Sleep apnea - While sleep apnea can lead to respiratory acidosis due to hypoventilation, the patient's fast, shallow breathing suggests a compensatory respiratory alkalosis, not acidosis.

Given the patient's symptoms of diarrhea and the lab findings of metabolic acidosis, the most likely cause of the changes seen in this patient's labs is the diarrhea, which can lead to the loss of bicarbonate and subsequent metabolic acidosis.

Therefore, the answer is (C) Diarrhea.","- Legs flexed—McRoberts’ maneuver
- Pressure—suprapubic pressure, shoulder pressure
- Enter vagina—Rubin’s maneuver or Wood’s maneuver
- Remove posterior arm—Splint, sweep, grasp, and pull to extension.  
**Complications:**  
As with a breech presentation, infant complications are more common and severe than maternal complications. Traumatic brachial plexus injuries, clavicular fractures, and hypoxic brain injury are all well-documented complications. Maternal complications are related to traumatic delivery and include vaginal, perineal, and anal sphincter tears, as well as urinary incontinence.",cc-180.md,2.1331024169921875,2.1331024169921875,"What is the primary pathology in this patient?
What are the common complications of this condition?
Which of the following options is the most likely cause of the changes seen in this patient's labs?"
"A 66-year-old man presents to the emergency department with abdominal pain, nausea, and vomiting. He endorses diffuse abdominal tenderness. His past medical history is notable for diabetic nephropathy, hypertension, dyslipidemia, depression, and morbid obesity. He also is currently being treated for an outbreak of genital herpes. His temperature is 99.0°F (37.2°C), blood pressure is 184/102 mmHg, pulse is 89/min, respirations are 18/min, and oxygen saturation is 98% on room air. Physical exam is notable for an obese man in no acute distress. A CT scan of the abdomen with contrast is performed and is unremarkable. The patient is admitted to the observation unit for monitoring of his pain. Notably, the patient's abdominal pain improves after an enema and multiple bowel movements. The patient's evening laboratory values are ordered and return as seen below.

Serum:
Na+: 141 mEq/L
Cl-: 99 mEq/L
K+: 4.8 mEq/L
HCO3-: 11 mEq/L
BUN: 20 mg/dL
Glucose: 177 mg/dL
Creatinine: 3.1 mg/dL

Which of the following is the most likely etiology of this patient's laboratory derangements?

Options:
A: Acyclovir
B: Atorvastatin
C: Insulin
D: Metformin
E: Metoprolol",D,A,False,"The patient has a history of diabetic nephropathy, hypertension, dyslipidemia, depression, and morbid obesity. He is being treated for an outbreak of genital herpes, which suggests he is likely on antiviral therapy such as acyclovir. His laboratory values show a normal sodium (Na+), chloride (Cl-), potassium (K+), and glucose level, but a low bicarbonate (HCO3-) indicating metabolic acidosis, and an elevated BUN and creatinine, which suggests renal impairment.

Acyclovir, an antiviral medication, can cause crystalline nephropathy if not adequately hydrated, which could lead to acute kidney injury (AKI) and result in the elevated BUN and creatinine. Atorvastatin, a statin, is used for dyslipidemia and is not typically associated with causing metabolic acidosis or significant renal derangements. Insulin is used to manage diabetes, and while it can affect electrolytes, it does not typically cause metabolic acidosis or significant renal impairment. Metformin, used for diabetes management, can cause lactic acidosis, which is a type of metabolic acidosis, but it is less likely to cause acute renal failure. Metoprolol, a beta-blocker used for hypertension, does not typically cause metabolic acidosis or significant renal impairment.

Given the patient's recent treatment for genital herpes and the association of acyclovir with renal impairment when dehydrated, acyclovir is the most likely etiology of the patient's laboratory derangements, particularly the renal impairment.

Therefore, the answer is (A) Acyclovir.",,,0.0,0.0,"What is the most likely etiology of the patient's laboratory derangements?
What are the common side effects of the medication that is causing the patient's laboratory derangements?
What medication is associated with both the patient's laboratory derangements and the improvement of his abdominal pain after an enema?"
"A 41-year-old G3P1 woman presents with a sudden onset throbbing headache, tinnitus, nausea, and left-sided weakness. Patient has no significant past medical history and takes no medications.  Her last two pregnancies ended with spontaneous abortions before the 10th week of gestation. No significant family history. Her vital signs include: blood pressure 130/90 mm Hg, pulse 58/min, respiratory rate 11/min, and temperature 36.8℃ (98.2℉). GCS is 14/15. Physical examination shows 3+ deep tendon reflexes and increased muscle tone in the left upper and lower extremities. Laboratory findings are significant for the following:
Platelet count 230,000/mm3
Fibrinogen 3.5 g/L
Activated partial thromboplastin time  70 s
Thrombin time 34 s
 A non-contrast CT of the head is performed and shown in the picture. Which of the following would be the next best diagnostic step in this patient?

Options:
A: Mixing study
B: INR
C: D-dimer
D: Ristocetin-induced platelet aggregation test
E: Clot retraction study",A,A,True,"The patient presents with a sudden onset throbbing headache, tinnitus, nausea, and left-sided weakness. These symptoms, along with the findings of a non-contrast CT of the head (not shown here but presumably normal or not indicating a hemorrhage), suggest a possible stroke. The patient's vital signs are relatively stable, but the presence of tinnitus and headache could also suggest a vascular event such as a transient ischemic attack (TIA) or stroke.

The laboratory findings show a normal platelet count, normal fibrinogen level, and an activated partial thromboplastin time (aPTT) that is prolonged. The thrombin time is normal. The prolonged aPTT could suggest a coagulopathy, but the normal platelet count and fibrinogen level make a bleeding disorder less likely.

Given the patient's history of two spontaneous abortions before the 10th week of gestation, there is a concern for antiphospholipid syndrome (APS), which is associated with recurrent pregnancy loss and thrombotic events. APS can cause a prolonged aPTT due to the presence of lupus anticoagulant, which interferes with the phospholipid-dependent steps in the clotting cascade.

The next best diagnostic step would be to perform tests specific for APS. A mixing study (option A) is used to differentiate between a prolonged aPTT due to a factor deficiency (which would correct with mixing) or the presence of an inhibitor (which would not correct with mixing). Since the aPTT is prolonged and the platelet count and fibrinogen are normal, a mixing study would help determine if the prolonged aPTT is due to an inhibitor, which is consistent with APS.

INR (option B) is a measure of the extrinsic and common coagulation pathways and would not be helpful in this case. D-dimer (option C) is a marker of thrombosis and is typically elevated in conditions with increased clot formation and breakdown, but it is not specific for APS. The Ristocetin-induced platelet aggregation test (option D) is used to diagnose von Willebrand disease, which is not suggested by the clinical scenario. A clot retraction study (option E) is used to diagnose disorders of platelet function, which is also not suggested by the clinical scenario.

Therefore, the answer is (A) Mixing study.",,,0.0,0.0,"What is the most likely diagnosis for this patient?
What additional test is indicated for this diagnosis?"
"An 81-year-old woman is brought to the emergency room by her son after witnessing the patient fall and hit her head. The son reports that the patient was in her usual state of health until she complained of chest palpitations. This startled her while she was climbing down the stairs and lead to a fall. Past medical history is significant for hypertension and atrial fibrillation. Medications are lisinopril, metoprolol, and warfarin. Temperature is 99°F (37.2°C), blood pressure is 152/96 mmHg, pulse is 60/min, respirations are 12/min, and pulse oximetry is 98% on room air. On physical examination, she is disoriented and at times difficult to arouse, the left pupil is 6 mm and non-reactive to light, and the right pupil is 2 mm and reactive to light. A right-sided visual field defect is appreciated on visual field testing. There is 1/5 strength on the right upper and lower extremity; as well as 5/5 strength in the left upper and lower extremity. A computerized tomography (CT) scan of the head is shown. Which of the following most likely explains this patient’s symptoms?

Options:
A: Herniation of the uncus
B: Herniation of the cingulate gyrus
C: Occlusion of the anterior cerebral artery
D: Occlusion of the basilar artery
E: Occlusion of the anterior spinal artery",A,A,True,"First, let's summarize the available information:
- An 81-year-old woman with a history of hypertension and atrial fibrillation
- Presented with chest palpitations which caused her to fall
- Physical examination findings: disorientation, one pupil non-reactive and dilated, the other pupil normal, right-sided visual field defect, and significantly decreased strength on the right side
- CT scan of the head is mentioned but not shown (assume it's provided for context but not critical for this question)

The patient's symptoms suggest a neurological event. The unilateral pupil dilation and visual field defect suggest involvement of the third cranial nerve (oculomotor nerve) on the side of the dilated pupil. This can be indicative of a herniation syndrome where the oculomotor nerve is compressed.

Option A (Herniation of the uncus) is a type of transtentorial herniation where the uncus of the temporal lobe herniates over the tentorium cerebelli, potentially compressing the oculomotor nerve, leading to the symptoms observed.

Option B (Herniation of the cingulate gyrus) involves the cingulate gyrus herniating over the clivus, which is less likely to cause the acute symptoms seen in this patient.

Option C (Occlusion of the anterior cerebral artery) typically presents with symptoms affecting the lower limbs more than the upper limbs, but it does not explain the unilateral pupil dilation and visual field defect.

Option D (Occlusion of the basilar artery) can lead to brainstem symptoms and may cause altered consciousness and pupillary changes, but it is less likely to cause the unilateral visual field defect seen in this patient.

Option E (Occlusion of the anterior spinal artery) affects the spinal cord and would not cause the acute neurological findings seen in this patient, such as the visual field defect and pupil dilation.

Given the patient's symptoms of disorientation, right-sided weakness, visual field defect, and unilateral pupil dilation, the most likely explanation is a herniation syndrome involving the oculomotor nerve due to increased intracranial pressure. The most common type of herniation that would cause these symptoms is the herniation of the uncus.

Therefore, the answer is (A) Herniation of the uncus.","Occlusions in the anterior cerebral artery mainly affect frontal lobe function. The patient has altered mentation coupled with impaired judgment and insight, as well as the presence of primitive grasp and suck reflexes on physical examination. Bowel and bladder incontinence may be features of anterior cerebral artery stroke. Paralysis and hypesthesia of the lower limb opposite the side of the lesion are characteristic. Leg weakness is more pronounced than arm weakness in anterior cerebral distribution stroke. Apraxia or clumsiness in the patient’s gait also may be noted.",cc-101.md,4.2396345138549805,4.2396345138549805,"What is the most likely cause of the patient's symptoms?
What are the clinical features of an acute basilar artery occlusion?
What are the clinical features of an acute anterior spinal artery occlusion?"
"A 41-year-old man presents to the emergency room with sudden onset of blurry vision one hour ago. He states that he was resting at home when he noticed he had difficulty reading. Currently, he is also starting to see double, and is seeing two images on top of each other. Earlier today, he felt ill with nausea, vomiting, and watery diarrhea, which he attributed to food he had eaten at a picnic the day before. When asked which foods he ate, he lists potato salad, a hamburger, deviled eggs, and pickles made by his neighbor. He also heard that his friend who went to the picnic with him has developed similar symptoms and was seen in another hospital earlier. While in the emergency room, the patient’s temperature is 98.4°F (36.9°C), pulse is 75/min, blood pressure is 122/84 mmHg, and respirations are 13/min. Cranial nerve exam is notable for fixed pupillary dilation, and difficulty depressing both eyes. The remainder of his exam is normal. Which of the following is the pathogenesis of this patient’s presentation?

Options:
A: Decreased acetylcholine release
B: Overactivation of adenylate cyclase
C: Release of interferon-gamma
D: Degradation of phospholipids
E: Inhibition of GABA release",A,A,True,"The patient presents with symptoms of blurry vision, double vision, and difficulty with eye movements, which are consistent with cranial nerve involvement. The fixed pupillary dilation and difficulty depressing both eyes suggest involvement of the cranial nerves, particularly the third cranial nerve (oculomotor nerve), which controls pupillary constriction and eye movements. The history of nausea, vomiting, and watery diarrhea after eating at a picnic, along with the similar symptoms in a friend who also attended the picnic, suggests a foodborne illness.

Given the clinical presentation and the history, botulism is a likely diagnosis. Botulism is caused by a toxin that inhibits acetylcholine release at the neuromuscular junction and autonomic synapses, leading to flaccid paralysis and autonomic dysfunction. The fixed pupillary dilation and difficulty with eye movements are consistent with the effects of botulinum toxin on the cranial nerves.

The other options do not fit the clinical picture:

B: Overactivation of adenylate cyclase is not associated with botulism.
C: Release of interferon-gamma is more related to immune responses.
D: Degradation of phospholipids is seen in conditions like malaria or certain drug effects, not botulism.
E: Inhibition of GABA release is not characteristic of botulism.

Therefore, the answer is (A) Decreased acetylcholine release.","Botulism is a rare life-threatening paralytic illness caused by neurotoxins produced by Clostridium botulinum. {the opposite presentation to tetanus}  
[In 1820, Kerner first noted an association between sausage ingestion and a paralytic illness. The term botulism comes from the Latin botulus, meaning “sausage,”]  
**Mechanism of action**  
- This is a toxin mediated disease
- Works on the NMJ causing flaccid paralysis
- The botulinum neurotoxin is similar in structure and function to the tetanospasmin toxin produced by C. tetani, but the clinical effects differ dramatically. Tetanospasmin targets inhibitory interneurons in the CNS, causing generalized muscle spasm, whereas botulinum toxin targets peripheral neuromuscular junctions and autonomic synapses, causing flaccid paralysis.
- The toxin binds to the presynaptic nerve membrane, becomes internalized, and inhibits the release of acetylcholine predominantly at the cholinergic synapses of the cranial nerves, autonomic nerves, and neuromuscular junction.
---
Organophosphates are lipid soluble and are absorbed through dermal, gastrointestinal, and respiratory routes. This can lead to deposition in fat tissues allowing for possible toxicity from acute and chronic, low-level exposures. Some organophosphates have active metabolites that can result in delayed toxicity.  
Organophosphate toxicity is represented by the “SLUDGE” or “DUMBBELLS” syndrome (these are mnemonics, which are explained in Box 157.1) manifested by accumulation of acetylcholine at receptor sites. The clinical features in any given case are attributable to the location of the receptors affected, the properties of the specific organophosphate product (predominance of nicotinic (TTM) versus muscarinic effects), and the dose of the exposure.  
Can also develop:
- At the neuromuscular junction, excess acetylcholine causes hyperstimulation of the muscles with secondary paralysis, and when the diaphragm is affected, cholinesterase poisoning leads to respiratory arrest.
- Seizures
- Pulmonary edema
---
Clinically, this is manifested by cranial nerve palsies, parasympathetic blockade, and descending flaccid paralysis. Once affected with type A toxin, the nerve is permanently damaged, and recovery requires axonal regeneration and the formation of new synapses, which may take several months.  
**The disease occurs in one of five forms:**  
- Food-borne botulism,
- Typical food-borne botulism results from the ingestion of preformed heat-labile toxin rather than from the ingestion of spores or live bacteria.
- One taste can expose a person to enough toxin to cause clinical illness. Digestive enzymes do not destroy preformed toxin.
- Home-canning, mass produced foods, restaurants
- Infant botulism (the most common form of the illness now)",cc-163.md | cc-129.md,2.92706298828125,2.1375255584716797,"What is the pathogenesis of botulism?
What is the pathogenesis of cholinergic crisis in myasthenia gravis?
What is the pathogenesis of organophosphate poisoning?
What is the pathogenesis of CNS botulism?
What is the pathogenesis of foodborne botulism?"
"A 43-year-old man comes to the emergency department with nausea, abdominal discomfort, diarrhea, and progressive perioral numbness for the past 24 hours. 3 days ago, he underwent a total thyroidectomy for treatment of papillary thyroid cancer. His only medication is a multivitamin supplement. He appears fatigued. While measuring the patient's blood pressure, the nurse observes a spasm in the patient's hand. Physical examination shows a well-healing surgical wound on the neck. Which of the following ECG findings are most likely in this patient?

Options:
A: Torsade de pointes
B: QT prolongation
C: U waves
D: Peaked T waves
E: PR prolongation",B,B,True,"The patient's symptoms of nausea, abdominal discomfort, diarrhea, and progressive perioral numbness, along with the recent history of a total thyroidectomy, suggest the possibility of hypocalcemia, which is a known complication after thyroid surgery due to accidental removal or damage to the parathyroid glands. Hypocalcemia can cause neuromuscular irritability, which is consistent with the nurse observing a spasm in the patient's hand.

Hypocalcemia is known to cause specific ECG changes, including a prolonged QT interval. Peaked T waves are associated with hyperkalemia, not hypocalcemia. Torsade de pointes is typically associated with a prolonged QT interval but is not directly caused by hypocalcemia. U waves are associated with hypokalemia, not hypocalcemia. PR prolongation is seen in hyperkalemia, not hypocalcemia.

Given the clinical context and the known association between hypocalcemia and ECG changes, the most likely ECG finding in this patient would be QT prolongation.

Therefore, the answer is (B) QT prolongation.","1. The peaked T wave
2. Flattened P wave with prolonged PR interval or
3. A totally absent P wave
4. Wide QRS
5. Sine wave pattern, portending imminent cardiac arrest  
Peaked T waves usually appear as serum potassium levels exceed 5.5 to 6.5 mEq/L; P wave disappearance and PR prolongation are common with levels above 6.5 to 7.5 mEq/L; and levels above 7.0 to 8.0 mEq/L can result in QRS prolongation.  
Although these changes may occur in only half the patients, recognition of these patterns is vital to rapid diagnosis and initiation of lifesaving treatment.  
A serum potassium level above 5.0 mEq/L is diagnostic of hyperkalemia, but the value itself does not always predict electrocardiographic changes or the degree of cardiotoxicity.  
Progression of ECG changes in hyperkalemia courtesy of the LITFL ECG Library.  
Source: [Life in the Fast Lane](https://lifeinthefastlane.com/hyperkalemia/)",cc-125.md,3.9274184703826904,3.9274184703826904,"What complications occur after thyroidectomy that can also affect the ECG?
What electrolyte abnormalities are seen post-thyroidectomy?
Which electrolyte abnormalities cause QT prolongation versus peaked T waves or U waves on ECG?"
"A 68-year-old woman presents with left lower quadrant pain that worsens with defecation. She describes the pain as 'crampy'. She also says she has suffered from mild constipation for the past few years. The patient denies any recent weight change or urinary symptoms. Her last menstrual period was 16 years ago. Her body temperature is 37.8°C (100.0°F), pulse is 102/min, respiratory rate is 16/min, and blood pressure is 133/87 mm Hg. On physical examination, tenderness to palpation in the left lower quadrant is present. The laboratory studies are presented as follows:
Hemoglobin 13.2 mg/dL
Hematocrit 48%
Leukocyte count 16,000/mm³
Neutrophils 89%
Bands 5%
Eosinophils 0%
Basophils 0%
Lymphocytes 11%
Monocytes 0%
Platelet count 380,000/mm³
Which of the following is the most likely diagnosis in this patient?

Options:
A: Diverticulitis
B: Hypothyroidism
C: Adenocarcinoma of the colon
D: Chronic inflammatory bowel disease
E: Irritable bowel syndrome",A,A,True,"The patient is a 68-year-old woman presenting with left lower quadrant pain that worsens with defecation, mild constipation, and a fever of 37.8°C (100.0°F). The presence of fever and localized tenderness in the left lower quadrant, along with the described symptoms, is suggestive of an inflammatory process in the colon. The leukocyte count is elevated at 16,000/mm³, which indicates an active inflammatory or infectious process.

Option A, Diverticulitis, is consistent with the patient's age, symptoms, and laboratory findings. Diverticulitis often presents with left lower quadrant pain, fever, and leukocytosis. The patient's description of pain worsening with defecation and the location of the pain are also characteristic of diverticulitis.

Option B, Hypothyroidism, typically presents with symptoms such as fatigue, weight gain, cold intolerance, and constipation. While constipation is present, the acute presentation with fever and localized tenderness is not typical for hypothyroidism.

Option C, Adenocarcinoma of the colon, can present with changes in bowel habits and bleeding. However, the acute presentation with fever and localized tenderness is more suggestive of an inflammatory process rather than malignancy.

Option D, Chronic inflammatory bowel disease (IBD), such as Crohn's disease or ulcerative colitis, could present with similar symptoms. However, the patient's age and the acute presentation make diverticulitis more likely.

Option E, Irritable bowel syndrome (IBS), is a chronic functional disorder characterized by abdominal pain associated with altered bowel habits. It does not cause fever or leukocytosis and is not associated with localized tenderness.

Given the clinical presentation and laboratory findings, diverticulitis is the most likely diagnosis. Therefore, the answer is (A) Diverticulitis.","Symptoms show up when there is microinflammation and perforation of the sac.  
**New frame shift: recently this is thought to be more of an inflammatory condition - rather than infectious and obstructive.**  
Symptoms:  
- Bloating
- Crampy pain
- Excessive gas
- Change in bowel habits  
10-30% of people progress to diverticulitis (West = left side, Japan = right side)  
ITIS presentation:  
- LLQ pain (referred to groin or suprapubic)
- RLQ pain in some!
- Peritonitis (if perforation)
- Dysuria/pneumaturia (colovesical fistula)
- Vomiting/distension (if obstructed)
- Feces/gas from vagina (colovaginal fistula)  
A tentative diagnosis can be made clinically, but a CT scan is routinely performed to exclude alternative diagnoses or complicated diverticulitis. Empirical treatment can be initiated in the right context, especially if the person has been recently imaged to rule out other pathology.
---
Complications:  
- Complicated diverticulitis:
- Any extension of inflammation beyond the pericolonic fat
- Abscess formation
- Peritonitis
- Intestinal obstruction (inflammatory ileus)
- Fistula formation (to the bladder)  
- Bleeding - severe hemorrhage
- Lower GI bleeding - 40% of it is caused by diverticulae (painless bleeding, often associated with NSAID use)  
- Misdiagnosis of colonic thickening as diverticulitis, when it is actually a malignancy",cc-95.md,2.077098846435547,1.974635362625122,"What is the most common cause of left lower quadrant pain in an elderly patient?
What are the typical symptoms of diverticulitis?
What are the common laboratory findings in diverticulitis?
What is the most likely diagnosis in a patient with left lower quadrant pain, elevated leukocyte count, and other symptoms?"
"A 24-year-old pregnant woman at 28 weeks gestation presents to the emergency department with complaints of fever with chills and pain in her knee and ankle joints for the past 2 days. She also complains of headaches and difficulty moving her neck. Further questioning reveals that she had a tick bite on her arm while gardening a few days ago. Past medical history is noncontributory. She takes a multivitamin with iron and folate every day and has been receiving regular prenatal care and the pregnancy is progressing normally. On examination, an erythematous rash is seen on her right arm, as shown in the accompanying photograph. Her obstetric examination is normal. Ultrasound of the fetus is reassuring with a normal heartbeat and no gross abnormalities. A specimen is collected to test for Lyme disease. What is the next best step for this patient?

Options:
A: Ibuprofen
B: Doxycycline
C: Tetracycline
D: Amoxicilin
E: Gentamicin",D,D,True,"The patient presents with symptoms suggestive of Lyme disease, which include fever with chills, joint pain, headache, and difficulty moving her neck (suggestive of meningitis). The history of a tick bite and the presence of an erythematous rash (which could be erythema migrans, a characteristic rash of Lyme disease) further support this diagnosis.

When considering treatment options for Lyme disease during pregnancy, it is important to choose an antibiotic that is safe for both the mother and the fetus. Doxycycline (option B) and tetracycline (option C) are not recommended during pregnancy due to the risk of inhibition of bone growth and discoloration of teeth in the fetus. Ibuprofen (option A) is not an antibiotic and would not treat the underlying infection. Gentamicin (option E) is an aminoglycoside and is not the first-line treatment for Lyme disease.

Amoxicillin (option D) is the recommended antibiotic for the treatment of Lyme disease in pregnant women because it is safe and effective. It can be used throughout pregnancy without harming the fetus.

Therefore, the answer is (D) Amoxicillin.",,,0.0,0.0,"What is the most likely diagnosis for this patient?
What is the recommended treatment for this diagnosis?
Is there any contraindication to the treatment option?"
"A 52-year-old man is brought to the emergency department with dry cough, shortness of breath, and low-grade fever that began 6 days ago. He also reports that he has had 3 episodes of watery diarrhea per day for the last 2 days. He appears slightly pale. His temperature is 38.0°C (100.4°F), pulse is 65/min, respirations are 15/min, and blood pressure is 140/78 mm Hg. Diffuse crackles are heard over bibasilar lung fields. Laboratory studies show:
Hemoglobin 13.8 g/dL
Leukocyte count 16,000/mm3
Platelet count 150,000/mm3
Serum
Na+ 131 mEq/L
Cl-
102 mEq/L
K+ 4.7 mEq/L
HCO3- 26 mEq/L
Urea nitrogen 18 mg/dL
Creatinine 1.2 mg/dL
An x-ray of the chest shows patchy infiltrates in both lungs. Which of the following is the most appropriate pharmacotherapy?""

Options:
A: Levofloxacin
B: Trimethoprim/sulfamethoxazole
C: Amoxicillin
D: Oseltamivir
E: Rifampin",A,A,True,"The patient presents with symptoms of a respiratory infection, including dry cough, shortness of breath, and low-grade fever, along with watery diarrhea. The presence of diffuse crackles over bibasilar lung fields and patchy infiltrates in both lungs on the chest x-ray suggests a pneumonia. The elevated leukocyte count indicates an infection. The electrolyte imbalance with hyponatremia (low sodium) and the gastrointestinal symptoms could be indicative of a specific type of pneumonia.

Given the combination of respiratory symptoms, diarrhea, and the chest x-ray findings, Legionnaires' disease should be considered. Legionnaires' disease is a type of pneumonia caused by the Legionella pneumophila bacteria, which is often associated with hyponatremia and gastrointestinal symptoms.

The most appropriate pharmacotherapy for Legionnaires' disease is with a macrolide antibiotic, such as levofloxacin, which is effective against Legionella.

Trimethoprim/sulfamethoxazole is typically used for Pneumocystis jirovecii pneumonia or urinary tract infections. Amoxicillin is a broad-spectrum penicillin antibiotic that is not the first choice for Legionella. Oseltamivir is an antiviral medication used for influenza. Rifampin is an antibiotic that is often used for tuberculosis and is not the first-line treatment for Legionella.

Therefore, the answer is (A) Levofloxacin.",,,0.0,0.0,"What is the most likely diagnosis for this patient?
What is the recommended pharmacotherapy for this diagnosis?"
"A 75-year-old woman is brought to the emergency department by her son because of a 2-day history of fever, headache, malaise, and dry cough. The patient lives with her son and his family and her son reports that other members of the family have had similar symptoms during the past week but that he has not had any symptoms. The result of a polymerase chain reaction test confirms that the woman is infected with a virus that has a helical capsid and a segmented genome. Which of the following is the most likely explanation for the son being free of symptoms?

Options:
A: Serum antibodies against hemagglutinin
B: Downregulation of ICAM-1 expression
C: Protease-resistant antibodies in nasal secretions
D: Homozygous mutation in the CCR5 gene
E: High concentration of circulating T cells",A,C,False,"The information provided indicates that the 75-year-old woman has symptoms consistent with a viral infection, and that other family members have had similar symptoms. The PCR test confirms a virus with a helical capsid and a segmented genome, which is characteristic of influenza viruses. The son's lack of symptoms despite exposure suggests that he may have some level of immunity to the virus.

Option A, serum antibodies against hemagglutinin, is a component of the immune response to influenza infection. Hemagglutinin is one of the two main surface proteins of the influenza virus, and antibodies against it can provide immunity.

Option B, downregulation of ICAM-1 expression, is not typically associated with protection from influenza virus infection. ICAM-1 is an intercellular adhesion molecule that may play a role in the pathogenesis of some viral infections, but it is not known for providing protection against influenza.

Option C, protease-resistant antibodies in nasal secretions, refers to the presence of secretory IgA antibodies that can be found in mucosal secretions and are important in mucosal immunity. These antibodies can provide protection against respiratory infections, including influenza.

Option D, a homozygous mutation in the CCR5 gene, is related to resistance to HIV infection, not influenza.

Option E, a high concentration of circulating T cells, could be part of an immune response to infection, but T cells are not specifically known for providing resistance to influenza in the manner that the son is asymptomatic.

Considering the options, the most likely explanation for the son being free of symptoms is that he has some level of immunity to the virus, which could be due to the presence of antibodies. Between serum antibodies and protease-resistant antibodies in nasal secretions, the latter are more relevant to mucosal immunity and protection at the site of entry for respiratory viruses like influenza.

Therefore, the answer is (C) Protease-resistant antibodies in nasal secretions.",,,0.0,0.0,"What is the most likely explanation for the son being free of symptoms?
What is the most likely explanation for the son being free of symptoms?
What is the most likely explanation for the son being free of symptoms?"
"A 19-year-old man is brought to the emergency department by ambulance because of unusual behavior that started 3 hours ago while he was at a party. He has a history of major depressive disorder and seasonal allergies. His mother has a history of anxiety. He drinks 5 beers on the weekends. Current medications include amitriptyline and diphenhydramine. The patient does not respond to questions and repeatedly says, """"The government is following me everywhere."""" His temperature is 37.9°C (100.2°F), pulse is 115/min, respirations are 24/min, and blood pressure is 160/89 mm Hg. He is diaphoretic. He is not oriented to place or time. Neurologic examination shows dilated pupils bilaterally and diffuse hyperreflexia. His feet are cold, and capillary refill time is 3 seconds. After the examination, the patient starts screaming and tries to bite the physician. Urine toxicology screening is positive for ethyl glucuronide. Which of the following is the most likely explanation for this patient's symptoms?""

Options:
A: Brief psychotic disorder
B: Neuroleptic malignant syndrome
C: Anticholinergic toxicity
D: Lysergic acid diethylamide intoxication
E: Synthetic cathinone intoxication",E,C,False,"First, let's summarize the available information:
- The patient is a 19-year-old man with a history of major depressive disorder and seasonal allergies.
- He is currently on amitriptyline and diphenhydramine.
- He has been brought to the emergency department due to unusual behavior that started 3 hours ago.
- His symptoms include delusions, disorientation, fever, tachycardia, hypertension, diaphoresis, dilated pupils, hyperreflexia, and cold feet with delayed capillary refill.
- He is not responding to questions and is exhibiting agitation.
- His urine toxicology screening is positive for ethyl glucuronide.

Now, let's evaluate the options in the context of the patient's presentation:

A: Brief psychotic disorder - This could explain the delusions and disorientation, but it does not account for the physical findings such as hyperthermia, tachycardia, hypertension, and diaphoresis.

B: Neuroleptic malignant syndrome - This is a possible diagnosis given the patient's use of amitriptyline, which is a tricyclic antidepressant (TCA), and the presence of fever, altered mental status, and autonomic instability. However, the patient's symptoms do not align perfectly with NMS, as there is no mention of generalized muscle rigidity, which is a key feature of NMS.

C: Anticholinergic toxicity - The patient's use of diphenhydramine, an anticholinergic agent, could lead to anticholinergic toxicity. Symptoms can include fever, altered mental status, dry mucous membranes, flushed skin, hyperthermia, urinary retention, and tachycardia, which align with some of the patient's symptoms. However, the presence of ethyl glucuronide in the urine suggests recent ethanol ingestion, which is not typically associated with anticholinergic toxicity.

D: Lysergic acid diethylamide (LSD) intoxication - LSD intoxication can cause hallucinations and altered mental status, but the patient's symptoms of hyperthermia, tachycardia, and hypertension are not typical of LSD intoxication.

E: Synthetic cathinone intoxication - Synthetic cathinones can cause symptoms similar to stimulant intoxication, including hyperthermia, tachycardia, hypertension, and agitation. However, the presence of ethyl glucuronide in the urine suggests recent ethanol ingestion, which is not consistent with synthetic cathinone intoxication.

Considering the patient's presentation and the positive urine toxicology for ethyl glucuronide, which indicates recent ethanol ingestion, the most likely explanation for this patient's symptoms is anticholinergic toxicity due to diphenhydramine use. This can present with symptoms such as fever, altered mental status, and autonomic instability, which the patient exhibits.

Therefore, the answer is (C) Anticholinergic toxicity.","- **Brief psychotic disorder** involves the sudden onset of psychotic symptoms in response to major stress and lasts from several days up to 1 month.
- Peripartum psychosis is included under the diagnosis of brief psychotic disorder.
- Patients with personality disorders may occasionally develop brief psychotic episodes especially under stress. None of the aforementioned disturbances can be attributable to the effects of a substance or another medical condition.
- **Schizophreniform disorder** has similar symptoms to a brief psychotic disorder and lasts from longer than 1 month to less than 6 months. Up to one-third of patients with schizophreniform disorder can recover within 6 months; the other two-thirds develop clinical schizophrenia.
- Patients with **mood disorders** may develop psychotic symptoms as part of their disease. If psychotic symptoms develop during periods of mood disturbances, the diagnosis of mood disorder with psychotic features applies.
---
C. Lumbar puncture
D. Thyroid hormone levels
E. Urine drug screen  
Point: A. Neuroleptic malignant syndrome is an idiopathic condition clinically similar to serotonin syndrome and malignant hyperthermia. Milder cases may be confused with serotonin syndrome. Severe cases, related to possible hypothalamic dysfunction, present with fever, rigidity, altered mental status, autonomic instability, and elevated creatine phosphokinase (CPK) and possibly rhabdomyolysis. It is seen with both typical and atypical antipsychotics and generally occurs in the first few weeks of treatment. Complications may include hepatic/renal failure, gastrointestinal (GI) hemorrhage, and respiratory failure. Severe cases may require intravenous dantrolene or dopamine agonists (eg, bromocriptine). - From Rosen’s
---
Anticholinergic toxicity, primarily due to antimuscarinic agents, presents with a characteristic toxidrome including mydriasis, altered mental status, dry mucous membranes, flushed skin, hyperthermia, urinary retention, decreased bowel sounds, and tachycardia. Key management involves supportive care, including fluid resuscitation and benzodiazepines for seizures and agitation. Physostigmine, a cholinesterase inhibitor, is effective for severe agitation and delirium but is contraindicated in cases of TCA overdose, widened QRS, AV blocks, or bradycardia. Hyperthermia unresponsive to cooling may necessitate intubation and paralysis. Observation is crucial, with accidental ingestions typically resolving within 6 hours, while intentional ingestions may require extended monitoring.
---
- The central nervous system and physiologic effects of mescaline use are similar to those of lysergic acid diethylamide (LSD) derivatives, but more vivid hallucinations can occur. Nausea and vomiting are pronounced and almost always precede the hallucinogenic effects.",cc-154.md | cc-110.md | cc-150.md,5.483192443847656,4.799532890319824,"What is the most likely cause of this patient's presentation?
What are the key features of this patient's presentation that help differentiate between the options?
What are the common side effects of amitriptyline that could explain this patient's presentation?
What are the clinical manifestations of brief psychotic disorder?
What are the clinical manifestations of neuroleptic malignant syndrome?
What are the clinical manifestations of anticholinergic toxicity?
What are the clinical manifestations of lysergic acid diethylamide (LSD) intoxication?
What are the clinical manifestations of synthetic cathinone intoxication?"
"A 22-year-old male presents to the emergency room complaining of neck stiffness. He reports that his neck started “locking” three hours ago. He is now unable to move it. His past medical history is notable for schizophrenia and asthma and he currently takes albuterol as well as another medication whose name he does not remember. His temperature is 99.0°F (37.2°C), blood pressure is 130/90 mmHg, pulse is 105/min, and respirations are 18/min. On physical examination, the patient appears anxious and diaphoretic. He speaks in full sentences and is oriented to person, place, and time. The patient’s neck is flexed and rotated to the right approximately 40 degrees. The right sternocleidomastoid and trapezius are firm and contracted. Extraocular movements are full and intact. Upon further questioning, he reports that he took more medication four hours ago because he was hearing voices. Which of the following should most likely be administered to this patient?

Options:
A: Glycopyrrolate
B: Benztropine
C: Levodopa
D: Dantrolene
E: Propranolol",B,B,True,"First, let's summarize the available information:
- A 22-year-old male with a history of schizophrenia and asthma.
- He is experiencing neck stiffness with his neck ""locking"" and inability to move it.
- He is taking albuterol and another unremembered medication.
- His vital signs are within normal ranges except for a slightly elevated pulse.
- He appears anxious and diaphoretic.
- He speaks in full sentences and is oriented.
- His neck is flexed and rotated to the right, and the right sternocleidomastoid and trapezius are firm and contracted.
- Extraocular movements are intact.
- He took more medication because of auditory hallucinations.

The clinical presentation is suggestive of an acute dystonic reaction, which is a known side effect of antipsychotic medications. This is supported by the acute onset of neck stiffness, the description of the neck position, and the contracted muscles. Extraocular movements are spared, which is typical in dystonic reactions. The fact that he took more medication due to hearing voices suggests that he may have taken an overdose of his antipsychotic medication, which can cause this reaction.

Now, let's consider the treatment options:

A: Glycopyrrolate - An anticholinergic that can be used for acute dystonic reactions.
B: Benztropine - An anticholinergic that is commonly used to treat extrapyramidal symptoms, including acute dystonic reactions.
C: Levodopa - Used in the treatment of Parkinson's disease and not indicated in this scenario.
D: Dantrolene - Used for malignant hyperthermia and neuroleptic malignant syndrome, not indicated here.
E: Propranolol - A beta-blocker used for various conditions, including hypertension and anxiety, but not indicated for acute dystonic reactions.

Given the patient's symptoms and history, the most appropriate treatment would be an anticholinergic medication to relieve the acute dystonic reaction. Between glycopyrrolate and benztropine, benztropine is more commonly used for this purpose.

Therefore, the answer is (B) Benztropine.","- Dystonic Reaction
- Oculogyric crisis (eyes rolling back in head)
- Opisthotonos (severe hyperextension spasm of head, neck, spine)
- Torticollis
- Akathisias
- Feeling of motor restlessness
- Parkinsonism Trap
- Tremor
- Rigidity
- Akinesia / bradykinesia
- Postural instability
- Tardive Dyskinesia
- Choreiform movements
- Lip smacking
- Chronic/difficult to treat  
**NOTE:**  
Acute = Dystonic reactions / Akathisias / Parkinsonism Trap  
Chronic = Tardive Dyskinesia",cc-161.md,2.1123881340026855,2.1123881340026855,"What condition is characterized by neck stiffness, torticollis, and opisthotonos?
What condition is associated with generalized muscle rigidity and dystonia?
What condition is associated with generalized muscle rigidity and dystonia, as well as altered mental status and autonomic instability?
What condition is associated with generalized muscle rigidity and dystonia, as well as altered mental status, autonomic instability, and malignant hyperthermia?
What condition is associated with generalized muscle rigidity and dystonia, as well as altered mental status, autonomic instability, malignant hyperthermia, and a specific medication?"
"A 41-year-old man comes to the emergency department with nausea, abdominal discomfort, and diarrhea for the past 2 days. His abdominal discomfort is worse shortly after meals. He has also had progressive perioral numbness and upper-extremity muscle cramping for the past 24 hours. Six months ago, he underwent a Roux-en-Y gastric bypass to treat obesity. He underwent a total thyroidectomy to treat a Hurthle cell lesion 4 days ago. His mother died of lung cancer at age 68. He has smoked 1 pack of cigarettes daily for 22 years. His only current medication is a multivitamin supplement. He appears fatigued. His temperature is 36°C (96.8°F), pulse is 72/min, respirations are 20/min, and blood pressure is 130/70 mm Hg. While measuring the patient's blood pressure, the nurse observes spasm of the patient's hand. Physical examination shows a well-healing surgical wound on the neck. The abdomen is mildly tender to palpation with well-healed laparoscopic incisional sites. The remainder of the examination shows no abnormalities. Serum studies show:
Na+ 138 mEq/L
K+ 4.2 mEq/L
Cl- 102 mEq/L
HCO3- 25 mEq/L
Mg2+ 1.7 mEq/L
Phosphorus 4.3 mg/dL
25-hydroxyvitamin D 20 ng/mL (N: 20-100 ng/mL)
Parathyroid hormone 115 pg/mL
Total bilirubin, serum 0.7 mg/dL
Alanine aminotransferase, serum 14 U/L
Aspartate aminotransferase, serum 15 U/L
Alkaline phosphatase, serum 42 U/L
Which of the following is the most appropriate initial step in the management of this patient?""

Options:
A: Obtain abdominal CT
B: Observation only
C: Begin rehydration therapy
D: Administer calcium gluconate
E: Supplementation with vitamin D",D,C,False,"The patient presents with nausea, abdominal discomfort, diarrhea, perioral numbness, and muscle cramping. These symptoms, along with the recent total thyroidectomy, suggest a possible case of hypocalcemia, which is a common complication after thyroid surgery due to accidental removal or damage to the parathyroid glands. The serum studies show a normal calcium level (Na+ 138 mEq/L), but the magnesium level is low (Mg2+ 1.7 mEq/L), which can contribute to hypocalcemia by decreasing the binding of calcium and resulting in a relative deficiency of free calcium. The normal parathyroid hormone (PTH) level makes primary hyperparathyroidism unlikely.

The patient's symptoms of muscle cramping and perioral numbness, along with the low magnesium level, suggest hypomagnesemia, which can cause hypocalcemia by decreasing PTH secretion and resistance to PTH. Therefore, magnesium repletion is often necessary to correct hypocalcemia.

Given the patient's symptoms and the recent thyroid surgery, the most appropriate initial step in management would be to address the hypomagnesemia, as this is likely contributing to the patient's symptoms and may also be affecting calcium levels.

Therefore, the answer is (C) Begin rehydration therapy.",,,0.0,0.0,"What is the most likely diagnosis for this patient?
What is the most appropriate initial step in management for this condition?"
"A 32-year-old man with HIV infection is brought to the emergency department by his roommate because of a 2-week history of progressively worsening headache and vomiting. Current medications include trimethoprim-sulfamethoxazole, dolutegravir, and tenofovir-emtricitabine. His temperature is 38.5°C (101.3°F). Physical examination shows nuchal rigidity. Kernig and Brudzinski signs are present. A lumbar puncture is performed and shows an opening pressure of 32 cm H2O (N: < 20). The pathogen isolated from the cerebrospinal fluid (CSF) can be cultured on Sabouraud agar. Further evaluation of this patient's CSF is most likely to show which of the following additional findings?

Options:
A: Positive latex agglutination test
B: Positive PCR for HSV-2 DNA
C: Presence of tachyzoites
D: Increased adenosine deaminase concentration
E: Positive PCR for JC virus DNA",A,A,True,"The patient presents with symptoms of meningitis, as evidenced by the headache, vomiting, fever, nuchal rigidity, and positive Kernig and Brudzinski signs. The elevated opening pressure during the lumbar puncture is also consistent with meningitis. The fact that the patient has HIV and is on antiretroviral therapy suggests that he is immunocompromised, which puts him at higher risk for opportunistic infections.

The pathogen can be cultured on Sabouraud agar, which is a medium used for the isolation of fungi. Given the patient's immunocompromised status and the use of Sabouraud agar, the most likely pathogen is Cryptococcus neoformans, a common cause of meningitis in patients with HIV/AIDS.

Now, let's evaluate the answer choices in the context of Cryptococcus neoformans infection:

A: Positive latex agglutination test - This test is used for the diagnosis of cryptococcal meningitis. It detects antigen from Cryptococcus in the CSF.

B: Positive PCR for HSV-2 DNA - This would indicate herpes simplex virus type 2, which is not consistent with the use of Sabouraud agar for culture.

C: Presence of tachyzoites - Tachyzoites are associated with toxoplasmosis, not a fungal infection.

D: Increased adenosine deaminase concentration - This finding is associated with HIV infection and not specifically with fungal meningitis.

E: Positive PCR for JC virus DNA - This would indicate a diagnosis of progressive multifocal leukoencephalopathy (PML), which is not consistent with the use of Sabouraud agar.

Given the information provided and the likely diagnosis of cryptococcal meningitis, the most likely additional finding in this patient's CSF would be a positive latex agglutination test, which is used for the diagnosis of cryptococcal meningitis.

Therefore, the answer is (A) Positive latex agglutination test.",,,0.0,0.0,"What is the most common cause of meningitis in HIV-infected patients?
Which pathogen isolated from the CSF can be cultured on Sabouraud agar?
What additional finding in the CSF is associated with the most common cause of meningitis in HIV-infected patients?"
"A 43-year-old woman is brought to the emergency department by her brother for severe chest pain. The patient recently lost her husband in a car accident and is still extremely shocked by the event. On physical examination, her blood pressure is 105/67 mm Hg, the heart rate is 96/min and regular, breathing rate is 23/min, and the pulse oximetry is 96%. An S3 heart sound and rales in the lower right and left lung lobes are heard. A 12-lead ECG shows no significant findings. Echocardiography shows an enlarged left ventricle and left atrium. The patient is stabilized and informed about the diagnosis and possible treatment options. Which of the following is the most likely diagnosis?

Options:
A: Aortic stenosis
B: Atrial fibrillation
C: Constrictive pericarditis
D: Takotsubo cardiomyopathy
E: Restrictive cardiomyopathy",D,D,True,"First, let's summarize the available information:
- The patient is a 43-year-old woman with severe chest pain.
- She has recently experienced a significant emotional trauma (loss of her husband).
- Her vital signs are: BP 105/67 mm Hg, HR 96/min, regular, Respiratory Rate 23/min, and SpO2 96%.
- Physical examination reveals an S3 heart sound and rales in the lower lung lobes.
- The ECG shows no significant findings.
- Echocardiography shows an enlarged left ventricle and left atrium.
- The patient is stabilized and informed about the diagnosis and possible treatment options.

Now, let's consider the possible diagnoses:

A: Aortic stenosis - This condition typically presents with a systolic ejection murmur and would not typically cause an enlarged left ventricle and left atrium without the presence of heart failure symptoms.

B: Atrial fibrillation - This would present with an irregular heart rate and absence of an S3 heart sound. It also wouldn't directly cause an enlarged left ventricle and left atrium.

C: Constrictive pericarditis - This condition would not typically present with an enlarged left ventricle and left atrium. It is also associated with signs of pericardial constriction, such as Kussmaul's sign, which is not mentioned here.

D: Takotsubo cardiomyopathy - This condition, also known as stress-induced cardiomyopathy, can present with symptoms similar to a heart attack and is often precipitated by emotional or physical stress. It can cause an enlarged left ventricle and left atrium and would be consistent with the patient's recent emotional trauma.

E: Restrictive cardiomyopathy - This condition would not typically present with an enlarged left ventricle and left atrium. It is characterized by stiff ventricular walls that impair diastolic filling.

Given the patient's recent emotional trauma, the presence of an S3 heart sound, rales, and enlarged left ventricle and left atrium on echocardiography, the most likely diagnosis is Takotsubo cardiomyopathy. Therefore, the answer is (D) Takotsubo cardiomyopathy.","Acute heart failure is a condition characterized by the heart's inability to pump adequately to meet the body's needs, with causes including myocardial infarction, arrhythmias, and valvular dysfunction, among others. Historically, the prognosis was poor, with a high mortality rate within five years of diagnosis, though improvements have been made. It remains a significant clinical issue, being the leading cause of hospital readmissions within a month for patients over 65, with substantial healthcare costs. Diagnosing acute heart failure is challenging due to non-specific symptoms and signs. Clinical assessment has moderate specificity but low sensitivity, while chest x-rays, despite their long-standing use, have limitations in sensitivity and inter-observer agreement. Serum markers like BNP and ProBNP can aid in diagnosis and may reduce hospital length of stay and admission rates, though they do not significantly impact mortality. Point-of-care ultrasound (POCUS), now integral to emergency medicine training,",sgem-119.md,3.3431787490844727,3.3431787490844727,"What is the most common cause of acute heart failure in women?
What is the most common cause of acute heart failure following a stressful life event?
Which condition is characterized by transient left ventricular dysfunction precipitated by stress?"
"A 56-year-old man is brought to the emergency department. He was found unconscious on the street. The staff recognizes him as a local homeless man with a long history of alcoholism. At the hospital, his pulse is 95/min, the blood pressure is 110/70 mm Hg, the respirations are 20/min, and the oxygen saturation is 98% on room air. On physical exam, the unconscious man is covered in bloody vomit with small clots and food particles. He smells of alcohol. A digital exam reveals black tarry stool in the rectal vault. The patient is given oxygen, IV fluids, and an NG-tube is placed and set to intermittent suction. Labs are sent and the patient is prepared for a procedure. Which of the following is the most appropriate next step in his management?

Options:
A: Undergo colonoscopy
B: Undergo upper GI endoscopy
C: Selective mesenteric angiography
D: Proton pump inhibitors with anti-H.pylori regimen
E: Surgery for peptic ulcer disease",B,B,True,"The patient presents with a history of alcoholism and is found unconscious with bloody vomit and black tarry stools, which suggests upper gastrointestinal (GI) bleeding. The presence of blood in the vomit and black tarry stools (melena) indicates that the bleeding is likely originating from an upper GI source. The fact that he is unconscious and has bloody vomit suggests that the bleeding may be significant and could be life-threatening.

The initial management steps described, such as providing oxygen, IV fluids, and placing an NG-tube, are appropriate for a patient with suspected upper GI bleeding to stabilize the patient and prevent aspiration.

Given the clinical presentation and the need to identify and manage the source of bleeding, the most appropriate next step in management would be to perform an upper GI endoscopy. This procedure allows direct visualization of the upper GI tract to identify the source of bleeding, which could be a peptic ulcer, Mallory-Weiss tear, or another cause of upper GI bleeding. It also allows for therapeutic interventions such as cautery or clipping of bleeding vessels, biopsy if needed, and stabilization of varices if present.

Colonoscopy (A) is not indicated in this scenario as the presentation suggests an upper GI source rather than a lower GI source. Selective mesenteric angiography (C) is typically reserved for cases where bleeding is ongoing and not easily controlled with endoscopy. Proton pump inhibitors with anti-H.pylori regimen (D) are part of the treatment for peptic ulcer disease but are not the immediate next step in the management of an acute upper GI bleed. Surgery for peptic ulcer disease (E) is usually reserved for cases where endoscopic treatment fails or is not possible.

Therefore, the answer is (B) Undergo upper GI endoscopy.",,,0.0,0.0,"What is the most common cause of upper GI bleeding in the setting of alcoholism and malnutrition?
What is the most common cause of lower GI bleeding in the setting of alcoholism and malnutrition?
What is the most appropriate next step in the management of a patient with suspected peptic ulcer disease and GI bleeding?"
"A 25-year-old man presents to the emergency department with altered mental status. He was found down in the middle of the street. His past medical history is unknown. His temperature is 99.0°F (37.2°C), blood pressure is 104/64 mmHg, pulse is 70/min, respirations are 5/min, and oxygen saturation is 91% on room air. The patient is being resuscitated in the trauma bay. Which of the following was most likely to be found on exam?

Options:
A: Ataxia
B: Conjunctival injection
C: Miosis
D: Mydriasis
E: Nystagmus",C,C,True,"The patient presents with altered mental status and respiratory depression (respirations are 5/min), which are common features of opioid overdose. Opioids can cause CNS depression, miosis (pinpoint pupils), and respiratory depression. Other signs of opioid overdose may include decreased level of consciousness and somnolence. Ataxia is more commonly associated with sedative-hypnotic drugs or cerebellar disorders. Conjunctival injection is typically associated with marijuana use or as a sign of trauma. Mydriasis (dilated pupils) can be seen in anticholinergic toxicity or stimulant use. Nystagmus is a vision condition where the eyes make repetitive, uncontrolled movements, which can be associated with intoxication or neurological disorders but is not specifically indicative of opioid overdose.

Given the clinical presentation of respiratory depression and the need for resuscitation, miosis is the sign most consistent with opioid overdose. Therefore, the answer is (C) Miosis.","- Causes of altered mental status in children are broad. Use a comprehensive approach! (e.g., DIMES)
- Includes vascular events (e.g., stroke, arteriovenous malformation with bleed), infection (e.g., meningitis, sepsis, encephalitis), trauma, toxic ingestion, anatomic or structural abnormality (e.g., intracranial mass or tumor), metabolic derangements, intussusception, or seizures, which may be subclinical.
- Altered mental status in children has a varied spectrum of clinical presentations and may include any of the following: altered level of consciousness, excessive sleepiness, irritability, lethargy, and abnormal behavior.
- Signs and symptoms of bacterial meningitis vary by age and can include nonspecific manifestations in infants and young children, such as irritability and lethargy.
- Antibiotic therapy for the patient with suspected bacterial meningitis should not be delayed by an LP. Initial antibiotic coverage should be broad and guided by the most likely pathogens in the patient’s age group.
---
- The opioid toxidrome includes three prominent findings: CNS depression, miosis, and most importantly, respiratory depression, but presentations may be variable.
- A negative urine screen is unreliable, and absence of detection should not deter a diagnosis of opioid intoxication when clinical findings support it.
- Airway protection, oxygenation, ventilation, and early administration of naloxone are the cornerstones for management of patients with opioid toxicity.
- The duration of action of many opioids, especially after overdose, is significantly longer than that of naloxone. Patients responsive to naloxone should be observed for recurrence of respiratory depression, because they may require further doses of naloxone.
- Community naloxone programs and prescription drug monitoring programs are two new ways in which the medical profession is trying to curb the epidemic of opioid-related deaths.
---
The document provides a comprehensive overview of antidepressant toxicity, focusing on the clinical presentation, diagnosis, and management of various antidepressant overdoses, including MAOIs, TCAs, SSRIs, and SNRIs. Key diagnostic principles include recognizing the symptoms of TCA toxicity, such as seizures and QRS prolongation, and the hallmark features of serotonin syndrome, like lower extremity rigidity and clonus. Critical management steps involve the use of IV sodium bicarbonate for TCA-induced QRS prolongation, supportive care for serotonin syndrome, and the avoidance of physostigmine in TCA overdose. The document also highlights the importance of monitoring for delayed symptoms in MAOI overdose and the potential for severe outcomes with SNRI and bupropion toxicity. Major warnings include the risk of serotonin syndrome with drug interactions and the need for careful management of hypertensive crises in MAOI toxicity.
---
The document discusses the toxicity and management of salicylates, particularly aspirin (ASA), and non-steroidal anti-inflammatory drugs (NSAIDs). Salicylate toxicity is severe and can be fatal, requiring active assessment and treatment, with key management steps including urinary alkalinization, correction of hypovolemia, and glucose supplementation for CNS changes. Hemodialysis is indicated in severe cases, such as high salicylate levels or organ failure. NSAID overdoses are generally less severe, with supportive care being the mainstay of treatment. The document emphasizes the importance of frequent monitoring of salicylate levels and careful management of acid-base disturbances, particularly avoiding mechanical ventilation unless absolutely necessary due to the risk of worsening acidosis.
---
Mild/moderate: Salicylate toxicity initially generates GI distress followed by tachypnea, tinnitus, and hearing disturbance due to concentration-dependent reversible ototoxicity, diaphoresis, and an evolving anion gap acidosis.  
Severe: as the toxicity progresses, hyperthermia, coagulopathy, cerebral and pulmonary edema, cardiovascular collapse, and ultimately, death, occur.  
Chronic poisoning may be much subtler, manifesting as a waxing and waning combination of the above features of toxicity***  
The mortality rate for chronic salicylate ingestion is 25 times greater than that of acute salicylate ingestion.
- <150 mg/kg: Minimal symptoms
- 150 – 300 mg/kg: Mild to moderate intoxication.
- >300 mg/kg: Severe intoxication. Metabolic acidosis, altered mental state and seizures
- >500 mg/kg: Potentially lethal
---
The document provides a comprehensive overview of sedative-hypnotic drugs, focusing on barbiturates, benzodiazepines, chloral hydrate, gamma-hydroxybutyrate (GHB), and over-the-counter sleep aids. It highlights the rarity of barbiturate intoxication and the supportive care required, noting that hemodialysis is reserved for severe cases. Benzodiazepine overdose management typically avoids flumazenil due to seizure risks, especially in chronic users. Chloral hydrate toxicity is characterized by sedation and cardiotoxicity, treatable with beta blockers. GHB overdose often necessitates intubation due to CNS depression, while withdrawal requires high-dose benzodiazepines or barbiturates. The document also discusses the GABA receptor's role in sedative-hypnotic effects, the sedative-hypnotic toxidrome, and the management of barbiturate and benzodiazepine overdoses, including the use of flumazenil and the risks of withdrawal. Additionally, it addresses the clinical presentations and management of chloral hydrate and
---
With some combination of the classic triad… other intoxications: clonidine, guanfacine, valproic acid, gamma-hydroxybutyrate (GHB), ethanol, sedative hypnotics, and atypical antipsychotics.  
Nontox: pontine stroke or hemorrhage, hypoglycemia.
---
**Indications**  
- Isolated benzodiazepine overdose in non-habituated user (e.g., Accidental pediatric)
- Reversal of procedural sedation  
**Absolute Contraindications**  
- Suspected co-ingestion lowering seizure threshold
- Patient taking medicine to control life-threatening condition (e.g., Seizures)
- Concurrent sedative-hypnotic withdrawal
- Seizure activity or myoclonus
- Hypersensitivity to flumazenil or benzodiazepines
- Patient with muscular blockade  
**Relative Contraindications**  
- Chronic benzo use not taken for controlling life-threatening conditions
- Known seizure disorder not treated with benzos
- Head injury
- Panic attacks
- Chronic alcoholism
---
- Methylphenidate and related compounds used to treat obsessive-compulsive disorder and attention-deficit/hyperactivity disorder. Tablets can be abused orally, or they can be crushed and the powder injected or snorted. Despite its abuse potential, experts disagree about the extent to which methylphenidate is diverted from therapeutic use to abuse in preteens and adolescents.
- Numerous synthetic and naturally derived psychoactive substances (“legal highs”) are easily obtained from Internet websites, “head shops,” and local suppliers. One prevalent example:
- “Bath salts” contain synthetic cathinones, which are pharmacologically similar to methamphetamine and N-methyl-3,4-methylenedioxyamphetamine (MDMA) (ecstasy) and produce similar clinical effects. A variety of adverse effects have been reported from cathinone derivatives, including tachycardia, hypertension, agitation, hyponatremia, hallucinations, paranoia, and suicide.
---
Gamma-aminobutyric acid — Gamma-aminobutyric acid (GABA) is the major inhibitory neurotransmitter in the brain. Highly specific binding sites for ethanol are found on the GABA receptor complex. Chronic ethanol use induces an insensitivity to GABA such that more inhibitor is required to maintain a constant inhibitory tone. As alcohol tolerance develops, the individual retains arousal at alcohol concentrations which would normally produce lethargy or even coma in relatively alcohol-naïve individuals. Cessation of alcohol or a reduction from chronically elevated concentrations results in decreased inhibitory tone.
---
- Barbiturates depress the activity of all excitable cells, especially central nervous system (CNS), enhancing the activity of gamma-aminobutyric acid (GABA).
- In acute overdose, decrease neural transmission in autonomic ganglia, the myocardium, and the gastrointestinal tract and also inhibit the response to acetylcholine at the neuromuscular junction.
- Barbiturates produce dose-related depressive effects = mild sedation < coma < fatal respiratory arrest.
- Early stages = some patients experience euphoria / allodynia.
- Act directly on the medulla = respiratory depression.
- Laryngospasm can occur at low doses.
- Therapeutic doses = similar to sleep.
- With toxic doses, more significant hypotension occurs from direct depression of the myocardium along with pooling of blood in a dilated venous system.
- Barbiturates decrease cerebral blood flow and intracerebral pressure.
- Large doses can cause delaying of gastric emptying.
- Barbiturates are classified according to their onset and duration of action.",cc-165.md | cc-185.md | cc-175.md | cc-151.md | cc-162.md | cc-149.md | cc-186.md,5.176801681518555,2.970147132873535,"What is the most common cause of altered mental status in a young adult?
What are the common toxic ingestions that lead to altered mental status and respiratory depression?
Which clinical features are associated with opioid overdose?
What are the clinical features of a tricyclic antidepressant overdose?
What are the clinical features of a salicylate (aspirin) overdose?
What are the clinical features of a beta-blocker overdose?
What are the clinical features of a topiramate overdose?
What are the clinical features of a gamma-hydroxybutyrate (GHB) overdose?
What are the clinical features of a ketamine overdose?
What are the clinical features of a phencyclidine (PCP) overdose?
What are the clinical features of a benzodiazepine overdose?
What are the clinical features of a methanol overdose?
What are the clinical features of a methadone overdose?
What are the clinical features of a 3,4-methylenedioxymethamphetamine (MDMA) overdose?
What are the clinical features of a gamma-aminobutyric acid (GABA) overdose?
What are the clinical features of a gamma-aminobutyric acid (GABA) overdose?
What are the clinical features of a gamma-aminobutyric acid (GABA) overdose?
What are the clinical features of a gamma-aminobutyric acid (GABA) overdose?
What are the clinical features of a gamma-aminobutyric acid (GABA) overdose?
What are the clinical features of a gamma-aminobutyric acid (GABA) overdose?
What are the clinical features of a gamma-aminobutyric acid (GABA) overdose?
What are the clinical features of a gamma-aminobutyric acid (GABA) overdose?
What are the clinical features of a gamma-aminobutyric acid (GABA) overdose?
What are the clinical features of a gamma-aminobutyric acid (GABA) overdose?
What are the clinical features of a gamma-aminobutyric acid (GABA) overdose?
What are the clinical features of a gamma-aminobutyric acid (GABA) overdose?
What are the clinical features of a gamma-aminobutyric acid (GABA) overdose?
What are the clinical features of a gamma-aminobutyric acid (GABA) overdose?
What are the clinical features of a gamma-aminobutyric acid (GABA) overdose?
What are the clinical features of a gamma-aminobutyric acid (GABA) overdose?
What are the clinical features of a gamma-aminobutyric acid (GABA) overdose?
What are the clinical features of a gamma-aminobutyric acid (GABA) overdose?
What are the clinical features of a gamma-aminobutyric acid (GABA) overdose?
What are the clinical features of a gamma-aminobutyric acid (GABA) overdose?
What are the clinical features of a gamma-aminobutyric acid (GABA) overdose?
What are the clinical features of a gamma-aminobutyric acid (GABA) overdose?
What are the clinical features of a gamma-aminobutyric acid (GABA) overdose?
What are the clinical features of a gamma-aminobutyric acid (GABA) overdose?
What are the clinical features of a gamma-"
"A 23-year-old man is brought to the emergency department 25 minutes after being involved in a high-speed motor vehicle collision in which he was the restrained driver. On questioning by the paramedics, he reported severe chest pain and mild dyspnea. On arrival, he is confused and unable to provide a history. His pulse is 93/min, respirations are 28/min, and blood pressure is 91/65 mm Hg. Pulse oximetry on room air shows an oxygen saturation of 88%. He is able to move his extremities in response to commands. He opens his eyes spontaneously. Pupils are equal and reactive to light. Examination shows multiple bruises over the trunk and extremities. There is a 3-cm (1.2-in) wound at the left fifth intercostal space at the midclavicular line. There is jugular venous distention. Decreased breath sounds and hyperresonance on percussion are noted on the left. Which of the following is the most appropriate next step in management?

Options:
A: CT scan of the chest
B: Bronchoscopy
C: Emergency thoracotomy
D: Needle decompression
E: X-ray of the chest
""",D,D,True,"The patient is a 23-year-old man who has been involved in a high-speed motor vehicle collision. He presents with severe chest pain, mild dyspnea, confusion, and signs of hemodynamic instability (evidenced by tachycardia, hypotension, and low oxygen saturation). The physical examination reveals a wound at the left fifth intercostal space, jugular venous distention, decreased breath sounds, and hyperresonance on percussion on the left side. These findings suggest a possible tension pneumothorax, which is a life-threatening condition that requires immediate intervention to prevent cardiovascular collapse.

The most appropriate next step in management for a tension pneumothorax is to decompress the pleural space to relieve the pressure on the heart and other mediastinal structures. This is typically done via needle decompression, which is an emergency procedure performed to treat a tension pneumothorax.

CT scan of the chest (A) is not the immediate step as it would delay the necessary intervention. Bronchoscopy (B) is not indicated in this acute setting. Emergency thoracotomy (C) is a more invasive procedure and is not the first-line treatment for tension pneumothorax. An X-ray of the chest (E) can confirm the diagnosis but should not delay the life-saving intervention of needle decompression.

Therefore, the answer is (D) Needle decompression.","Confusion, a symptom rather than a diagnosis, involves disruptions in memory, attention, and awareness, and can range from mild memory impairment to delirium. It is crucial to differentiate between organic and functional confusion, with organic causes often presenting with sudden onset, fluctuating levels of consciousness, and abnormal vital signs, while functional confusion may involve gradual onset and normal vital signs. Critical causes of confusion include shock, hypoxia, hypoglycemia, and hypertensive encephalopathy, while emergent causes encompass metabolic disturbances, infections, and intracranial events such as trauma or stroke. A comprehensive assessment for confusion should include vital signs, glucose levels, and a range of laboratory tests, with imaging and lumbar puncture considered as needed.
---
Chest pain is a complex symptom resulting from various diseases due to the shared afferent visceral fibers from the heart, lungs, great vessels, and esophagus, leading to pain that can radiate from the jaw to the epigastrium. Critical causes of chest pain include myocardial infarction, aortic dissection, pulmonary embolism, tension pneumothorax, esophageal rupture, and pericarditis. A systematic approach to chest pain involves evaluating, identifying, and intervening with immediate measures such as monitoring, oxygen administration, vital signs assessment, IV access, and obtaining an ECG and portable chest X-ray. Additional considerations include less common causes across systems such as cocaine-induced angina, gastrointestinal issues like cholecystitis, musculoskeletal strains, and neurological conditions like herpes zoster.
---
Dyspnea, or the sensation of breathlessness, can range from mild to severe and is influenced by central, peripheral, and mechanical respiratory controls. Critical causes of dyspnea include pulmonary conditions like airway obstruction, pulmonary embolism, and tension pneumothorax, as well as cardiac issues such as pulmonary edema and myocardial infarction. Other significant causes include toxic ingestions, diabetic ketoacidosis, and CO poisoning. Management of acute dyspnea involves simultaneous evaluation and treatment, using approaches like the MOVIE method to address potential trauma, anaphylaxis, or cardiac causes. Diagnostic tools include vital signs, ABG, ECG, imaging, and laboratory tests to identify underlying conditions. Uncommon causes of dyspnea may involve valvular heart disease, mechanical interference, or neuromuscular disorders.",cc-25.md | cc-26.md | cc-17.md,5.545077800750732,5.060588836669922,"What is the most likely cause of the patient's hypotension and tachycardia?
What is the most likely cause of the patient's respiratory distress?
What is the most likely cause of the patient's jugular venous distention and decreased breath sounds on the left?
What is the most likely cause of the patient's hyperresonance on percussion on the left?
What is the most likely cause of the patient's confusion?
What is the most likely cause of the patient's chest pain?
What is the most likely cause of the patient's dyspnea?
What is the most likely cause of the patient's bruises over the trunk and extremities?
What is the most likely cause of the patient's wound at the left fifth intercostal space?
What is the most likely cause of the patient's presentation?"
"A 40-year-old businessman who was previously well is brought into the emergency department by his assistant with a complaint of left-sided weakness after a chiropractic neck manipulation. He has never felt like this before. Past medical history is insignificant. His blood pressure is 125/75 mm Hg, pulse 86/min, respiratory rate 13/min, temperature 36.8°C (98.2°F). A T2-weighted MRI shows a left C5 hemicord lesion. The patient is treated with cervical immobilization, a course of steroids, and physical therapy. What other finding will most likely be seen in this patient?

Options:
A: Spastic paralysis at the level of lesion
B: Right-sided Horner's syndrome
C: Contralateral corticospinal tract involvement
D: Right-sided analgesia
E: Contralateral loss of vibration and proprioception",D,A,False,"The patient presents with left-sided weakness following a chiropractic neck manipulation, which suggests a cervical spine injury. The MRI finding of a left C5 hemicord lesion supports this. Hemicord lesions typically result in ipsilateral motor deficits due to damage to the anterior horn cells and corticospinal tract, which cross to the opposite side of the body at the level of the medulla. However, the damage to the dorsal columns (which carry vibration and proprioception information) and the spinothalamic tract (which carries pain and temperature information) occurs at the level of the lesion.

Given the location of the lesion at C5, the ipsilateral (same side) symptoms would be expected. This would include spastic paralysis at the level of the lesion due to damage to the anterior horn cells, which would cause upper motor neuron signs such as spasticity, hyperreflexia, and the presence of pathological reflexes like the Babinski sign.

Option A (Spastic paralysis at the level of lesion) is consistent with an upper motor neuron lesion at C5. Options B (Right-sided Horner's syndrome), C (Contralateral corticospinal tract involvement), D (Right-sided analgesia), and E (Contralateral loss of vibration and proprioception) are not consistent with a left C5 hemicord lesion. Horner's syndrome would be seen with a lesion affecting the sympathetic pathway, typically at the level of the cervical spinal cord below C5. Contralateral involvement of the corticospinal tract would not occur with a unilateral C5 lesion. Loss of vibration and proprioception would be ipsilateral, not contralateral, to the lesion due to the crossing of these sensory pathways at the level of the medulla. Analgesia would not be expected with a C5 lesion as this does not affect the spinothalamic tract, which carries pain and temperature sensations.

Therefore, the answer is (A) Spastic paralysis at the level of lesion.",,,0.0,0.0,"What is the typical presentation of a cervical spinal cord lesion?
What other neurologic deficits are associated with a left C5 hemicord lesion?"
"A 35-year-old Caucasian female presents to the emergency room with unilateral leg swelling. She reports that she developed painful left-sided leg swelling and redness earlier in the day. She is otherwise healthy and takes no medications. She denies any recent prolonged travel. She experienced a similar episode affecting the opposite leg one year ago and was diagnosed with a thrombus in the right femoral vein. On examination, the left leg is erythematous and swollen. Passive dorsiflexion of the left ankle elicits pain in the left calf. Ultrasound of the leg reveals a thrombus in the left popliteal vein. A genetic workup reveals that she has an inherited condition. What is the most likely pathophysiology of this patient’s condition?

Options:
A: Elevated serum homocysteine
B: Thrombin inhibitor deficiency
C: Deficiency in protein C
D: Auto-antibodies directed against phospholipids
E: Resistance to clotting factor degradation",E,D,False,"The patient's presentation is consistent with a venous thromboembolism (VTE), as evidenced by unilateral leg swelling, erythema, pain on dorsiflexion (Homan's sign), and confirmation of a thrombus in the popliteal vein via ultrasound. The fact that she had a similar episode in the past and the presence of an inherited condition suggest a thrombophilic disorder.

Let's evaluate the options:

A: Elevated serum homocysteine is associated with homocystinuria, which can lead to thrombotic events, but it is not typically associated with antiphospholipid syndrome (APS).

B: Thrombin inhibitor deficiency is not a well-recognized inherited condition associated with thrombosis.

C: Deficiency in protein C is a known inherited condition that increases the risk of thrombosis, but it does not typically present with antiphospholipid antibodies.

D: Auto-antibodies directed against phospholipids are characteristic of antiphospholipid syndrome (APS), which can cause both arterial and venous thrombosis. The patient's history of thrombotic events and the genetic workup suggest that she may have APS.

E: Resistance to clotting factor degradation, such as in cases of activated protein C resistance, is associated with increased risk of thrombosis, but it is not typically associated with antiphospholipid antibodies.

Given the patient's history and the presence of an inherited condition, the most likely pathophysiology is related to antiphospholipid syndrome, which is characterized by auto-antibodies directed against phospholipids. Therefore, the answer is (D) Auto-antibodies directed against phospholipids.","Nearly 40% of SLE patients have APS! Happens when auto-antibodies are directed towards serum proteins. Examples:  
- Lupus anticoagulant: most thrombogenic
- Anticardiolipin antibody
- Anti–β2-glycoprotein I antibody.  
**Box 108.1 – Rosens 8th Edition – SLE Vasculitides**  
Common clinical features of antiphospholipid syndrome:  
- Venous thrombosis
- Arterial thrombosis including stroke and TIA
- Recurrent miscarriage
- Livedo reticularis
- Thrombocytopenia  
Note: “A small subset of those with APS may present with multiple thrombotic sites and organ failures simultaneously. This condition is known as catastrophic APS.”  
**Abnormal labs:**  
1. Elevated PTT in the setting of a normal PT/INR
- Due to interference of the coagulation study by aPL antibodies. Confirm w/ mixing study.",cc-118.md,2.0064220428466797,2.0064220428466797,"What is the most common inherited thrombophilia?
Which inherited thrombophilia is associated with resistance to clotting factor degradation?
Which inherited thrombophilia is associated with deficiency in thrombin inhibitors?
Which inherited thrombophilia is associated with elevated serum homocysteine?
Which inherited thrombophilia is associated with auto-antibodies directed against phospholipids?
Which inherited thrombophilia is associated with deficiency in protein C?"
"An unconscious 55-year-old man is brought to the Emergency Department by ambulance. He had recently lost his job and his house was about to begin foreclosure. His adult children were concerned for his well being and called the police requesting a welfare check. He was found unresponsive in his gurague. There were several empty bottles of vodka around him and one half empty container of antifreeze. A review of his medical records reveals that he was previously in good health. Upon arrival to the ED he regains consciousness.  His blood pressure is 135/85 mmHg, heart rate 120/min, respiratory rate 22/min, and temperature 36.5°C (97.7°F). On physical exam his speech is slurred and he has difficulty following commands. His abdomen is diffusely tender to palpation with no rebound tenderness. Initial laboratory tests show an elevated serum creatinine (Cr) of 1.9 mg/dL, and blood urea nitrogen (BUN) of 29 mg/dL. Which of the following findings would be expected in this patient’s urine?

Options:
A: Eosinophilia
B: Calcium oxalate crystals
C: Hyaline casts
D: Urine ketones
E: Urate crystals",B,B,True,"First, let's summarize the available information:
- The patient is a 55-year-old man who was found unconscious and has regained consciousness.
- He has a history of recent stressors including job loss and foreclosure.
- There were empty bottles of vodka and one half-empty container of antifreeze around him.
- His vital signs are somewhat abnormal with a high heart rate (tachycardia) and slightly elevated blood pressure.
- He has slurred speech and difficulty following commands.
- His abdomen is tender but not rebound tender.
- His serum creatinine is elevated at 1.9 mg/dL, and his BUN is 29 mg/dL, indicating possible kidney dysfunction.

Given the context of possible intoxication with alcohol and antifreeze (ethylene glycol), we can deduce the following:
- Ethylene glycol poisoning can lead to calcium oxalate crystals in the urine due to the metabolism of ethylene glycol into oxalic acid, which then combines with calcium to form crystals.
- Alcohol consumption can lead to urate crystals in the urine.
- Eosinophilia in the urine is typically associated with allergic reactions or parasitic infections, which are less likely in this scenario.
- Hyaline casts can be seen in various conditions but are not specific to ethylene glycol or alcohol poisoning.
- Urine ketones are associated with diabetic ketoacidosis or starvation, which are not indicated by the history or presentation.

Considering the patient's exposure to antifreeze and the typical findings associated with ethylene glycol poisoning, the most likely finding in this patient's urine would be calcium oxalate crystals.

Therefore, the answer is (B) Calcium oxalate crystals.","So what’s the emergency about kidney disease?  
Well here’s the thought process:  
1. Identify renal failure (azotemia)
- Rule out life threats: hyperK, pulmonary edema
- Is this AKI or a pre-existing CKD?
- ...all the rest of the steps we’ll cover in the show!  
AKI can be from pre-renal, intrinsic parenchymal damage, or post-renal/obstructive causes.  
When you say Acute Tubular necrosis, it means the cause of intrinsic AKI can NOT be attributed to a glomerular, vascular, or interstitial cause.
---
Most common: prerenal AKI secondary to volume depletion.  
Box 173.3: Cause of Acute Renal Failure in Children  
Prerenal
1. Decreased intravascular volume or dehydration
- Burns or hemorrhage
- Third spacing
- Sepsis
2. Decreased cardiac output
- Cardiac shock
3. Decreased renal artery blood flow  
Intrarenal
1. Glomerular disease
- Poststreptococcal and other glomerulonephritis
- Pyelonephritis
2. Systemic causes
- Hemolytic-uremic syndrome
- Henoch-Schönlein purpura or other vasculitides
- Systemic lupus erythematosus
- Sepsis or other causes of prolonged decreased perfusion
3. Toxins
- Heavy metal poisonings, such as lead and gold
- Myoglobin or hemoglobin deposits
- Antibiotics such as aminoglycosides
- Anticonvulsants such as phenytoin
- Radiocontrast dyes  
Postrenal
1. Obstructive lesions
2. Nephrolithiasis or tumor
3. Posturethral valves
4. Intra-abdominal tumor obstructing urinary flow
5. Infection
6. Renal vein thrombosis
---
Here we are classically thinking about “PSGN”  
Poststreptococcal glomerulonephritis (PSGN) is one of the most common glomerulonephritides. PSGN is a sequelae of streptococcal pharyngitis and, less commonly, streptococcal skin infections.  
PSGN is believed to result from the deposition of circulating immune complexes in the kidney. How those immune complexes develop is not completely understood. These immune complexes result in decreased glomerular filtration, allowing proteins to flow freely into the urine.  
But taking a step back and considering the host of other causes of glomerulonephritis - think about the GU system, and then don’t forget to consider systemic diseases that could lead to GN (e.g. lupus rash, Goodpasture's presenting with chest pain and hemoptysis)  
Urinalysis will show significant blood and protein, with RBC casts in 60% of cases. Other findings may include pyuria, with granular or hyaline casts.
---
The document focuses on renal failure, particularly acute kidney injury (AKI) and chronic kidney disease (CKD), discussing their causes, diagnostic approaches, and management strategies. AKI is categorized into pre-renal, intrinsic, and post-renal causes, with diagnostic differentiation based on laboratory tests such as BUN:Cr ratio and urine sodium levels. Key management steps include addressing life-threatening conditions like hyperkalemia and pulmonary edema, and understanding the implications of diuretic use in volume-overloaded patients. The document also covers complications of AKI, such as metabolic acidosis and electrolyte imbalances, and highlights the importance of recognizing reversible and treatable causes of CKD. Additionally, it outlines the mechanisms of drug toxicity in CKD and the indications for emergency dialysis, emphasizing the need for careful monitoring and intervention in patients with renal impairment.",cc-97.md | cc-174.md,5.0898284912109375,3.9428608417510986,"What is the most common cause of acute kidney injury (AKI) in the setting of ethylene glycol poisoning?
What is the most common cause of AKI in the setting of methanol poisoning?
What is the most common cause of AKI in the setting of acute tubular necrosis (ATN)?
What is the most common cause of AKI in the setting of acute interstitial nephritis (AIN)?
What is the most common cause of AKI in the setting of acute glomerulonephritis (AGN)?
What is the most common cause of AKI in the setting of acute post-renal kidney injury?
What is the most common cause of AKI in the setting of acute post-obstructive kidney injury?
What is the most common cause of AKI in the setting of acute post-infectious kidney injury?
What is the most common cause of AKI in the setting of acute post-septic kidney injury?
What is the most common cause of AKI in the setting of acute post-transplant kidney injury?
What is the most common cause of AKI in the setting of acute post-obstructive kidney injury?
What is the most common cause of AKI in the setting of acute post-infectious kidney injury?
What is the most common cause of AKI in the setting of acute post-septic kidney injury?
What is the most common cause of AKI in the setting of acute post-transplant kidney injury?
What is the most common cause of AKI in the setting of acute post-obstructive kidney injury?
What is the most common cause of AKI in the setting of acute post-infectious kidney injury?
What is the most common cause of AKI in the setting of acute post-septic kidney injury?
What is the most common cause of AKI in the setting of acute post-transplant kidney injury?
What is the most common cause of AKI in the setting of acute post-obstructive kidney injury?
What is the most common cause of AKI in the setting of acute post-infectious kidney injury?
What is the most common cause of AKI in the setting of acute post-septic kidney injury?
What is the most common cause of AKI in the setting of acute post-transplant kidney injury?
What is the most common cause of AKI in the setting of acute post-obstructive kidney injury?
What is the most common cause of AKI in the setting of acute post-infectious kidney injury?
What is the most common cause of AKI in the setting of acute post-septic kidney injury?
What is the most common cause of AKI in the setting of acute post-transplant kidney injury?
What is the most common cause of AKI in the setting of acute post-obstructive kidney injury?
What is the most common cause of AKI in the setting of acute post-infectious kidney injury?
What is the most common cause of AKI in the setting of acute post-septic kidney injury?
What is the most common cause of AKI in the setting of acute post-transplant kidney injury?
What is the most common cause of AKI in the setting of acute post-obstructive kidney injury?
What is the most common cause of AKI in the setting of acute post-infectious kidney injury?
What is the most common cause of AKI in the setting of acute post-septic kidney injury?
What is the most common cause of AKI in the setting of acute post-transplant kidney injury?
What is the most common cause of AKI in the setting of acute post-"
"A 34-year-old woman is assaulted and suffers a number of stab wounds to her abdomen. Bystanders call paramedics and she is subsequently taken to the nearest hospital. On arrival to the emergency department, her vitals are T: 36 deg C, HR: 110 bpm, BP: 100/60, RR: 12, SaO2: 99%. A FAST and abdominal CT are promptly obtained which are demonstrated in Figures A and B, respectively. Her chart demonstrates no other medical problems and vaccinations/boosters up to date. The patient is diagnosed with a Grade V splenic laceration and is immediately brought to the OR for emergent splenectomy. The splenectomy is successfully performed with removal of the damaged spleen (Figure C). Following the operation, the patient should receive which of the following vaccines: (I) H. influenzae (II) Tetanus (III) N. meningitidis (IV) S. pneumoniae (V) Hepatitis B

Options:
A: I, II
B: I, III, IV
C: I, V
D: II only
E: III, IV",B,B,True,"First, let's summarize the available information:
- A 34-year-old woman has suffered a Grade V splenic laceration and underwent an emergent splenectomy.
- Her vitals are relatively stable, with a slightly elevated heart rate (tachycardia).
- She is up to date with her vaccinations.

Now, let's consider the recommendations for vaccinations post-splenectomy. The spleen plays a crucial role in filtering bacteria and mounting an immunologic response, especially against encapsulated organisms. Patients without a spleen are at increased risk for infections from these organisms.

The recommended vaccines for patients post-splenectomy are:
- Pneumococcal vaccine (to protect against Streptococcus pneumoniae)
- Haemophilus influenzae type b (Hib) vaccine
- Meningococcal vaccines (to protect against Neisseria meningitidis)

The patient should also receive a booster dose of the tetanus vaccine if she has not received one in the last 10 years due to the nature of the injury and potential for contamination with tetanus spores.

The hepatitis B vaccine is not specifically recommended post-splenectomy unless the patient is at risk for hepatitis B or is already infected.

Given this information, the correct vaccines to administer post-splenectomy are:
- Pneumococcal vaccine (IV)
- H. influenzae vaccine (I)
- Tetanus vaccine (II)
- Meningococcal vaccine (III)

Therefore, the answer is (B) I, III, IV.","Acute = blood culture x 2 & “nuke em”
- Ceftriaxone or cefotaxime @ meningitis doses
- PLUS vancomycin IF MRSA CONCERN
- Pen allergy = Clindamycin, levofloxacin, or moxifloxacin  
Chronic = Vaccinate
- Use of pneumococcal vaccine
- PLUS: H. influenzae type b
- N. meningitidis
- Influenza virus.
- Children should receive prophylaxis with oral penicillin or amoxicillin up to the age of 5 years and for at least 1 or 2 years after splenectomy (but this is not evidence-based)
- These patients should have standby oral antibiotics at home (amoxicillin-clavulanate, levofloxacin, or moxifloxacin) with instructions to self-administer at the first sign of infection
---
- Common vaccines:
- Prevnar 13 in Canada
- PCV 7
- PCV 13 in USA
- PPSV23 in USA  
See tables 121.4-6 for people that should be vaccinated. But a few general categories:  
- Adults / children with chronic heart/lung/liver disease, diabetes, alcoholism, smoking, cochlear implants, CSF leaks
- Acquired asplenia
- Immunocompromised
- Steroid use  
In patients with pneumococcal infections, antibodies specific to the capsule serotype develop within several days of onset of infection. This response occurs approximately 30 days after a patient receives the pneumococcal vaccine. Patients who demonstrate substantial host resistance are able to develop active immunity, and some children can spontaneously clear culture-proven pneumococcemia.  
***Approximately 50% of IPD in children with comorbidities is caused by serotypes not included in either the 13-valent or 23-valent vaccine.***
---
Other preventive measures for pneumococcemia include passive immunization with immunoglobulins for patients with congenital or acquired immunodeficiency diseases and daily antibiotic prophylaxis for children with functional or anatomic asplenia.",cc-129.md | cc-183.md,4.234435081481934,3.7878150939941406,"What vaccines are recommended for patients post-splenectomy?
What vaccines are indicated for patients with asplenia?
Which of the following vaccines is NOT recommended for a patient post-splenectomy?"
"A 67-year-old woman presents from home hospice with a change in her mental status. She has seemed more confused lately and is unable to verbalize her symptoms. Her temperature is 102°F (38.9°C), blood pressure is 117/65 mmHg, pulse is 110/min, respirations are 19/min, and oxygen saturation is 95% on room air. Physical exam is notable for a right upper quadrant mass that elicits discomfort when palpated. Ultrasound is notable for pericholecystic fluid and gallbladder wall thickening without any gallstones. Which of the following is the most likely diagnosis?

Options:
A: Acalculous cholecystitis
B: Calculous cholescystitis
C: Choledocholithiasis
D: Emphysematous cholecystitis
E: Hepatic adenoma",A,D,False,"The patient is a 67-year-old woman with a change in mental status, fever, and a right upper quadrant mass that is painful upon palpation. The ultrasound findings of pericholecystic fluid and gallbladder wall thickening without gallstones are key features in this case.

Acalculous cholecystitis (A) is characterized by inflammation of the gallbladder without the presence of gallstones and is often associated with critically ill patients. However, the presence of pericholecystic fluid and wall thickening on ultrasound is more suggestive of emphysematous cholecystitis, which is a severe form of acalculous cholecystitis.

Calculous cholecystitis (B) is inflammation of the gallbladder with the presence of gallstones, which is not consistent with the ultrasound findings in this case, as no gallstones are mentioned.

Choledocholithiasis (C) refers to the presence of gallstones in the common bile duct, which is not indicated by the ultrasound findings or the clinical presentation.

Emphysematous cholecystitis (D) is a severe form of acalculous cholecystitis characterized by the presence of gas within the gallbladder wall, which can be visualized on ultrasound as pericholecystic fluid and gallbladder wall thickening. This condition is more likely in critically ill patients, which could fit the description of the patient being in hospice care.

Hepatic adenoma (E) is a benign liver tumor and would not typically present with acute symptoms or the ultrasound findings described.

Based on the clinical presentation and ultrasound findings, the most likely diagnosis is emphysematous cholecystitis. Therefore, the answer is (D) Emphysematous cholecystitis.","9. Describe the ER diagnosis and management of SBP.
10. List 3 types of drug-induced liver disease.
11. What are two types of hepatic abscesses? How are they diagnosed and treated?
12. What is Budd-Chiari syndrome? How is it managed?
13. What is primary sclerosing cholangitis (PSC)? What is primary biliary cirrhosis? What is PSC associated with?
14. List 6 risk factors for cholelithiasis
15. Describe the clinical presentation of cholecystitis. List lab, X-ray (3) and US (4) findings
16. List 4 patients that get acalculous cholecystitis
17. List 4 considerations in the management of acute cholecystitis. When is surgery performed early?
18. What is the classic presentation of ascending cholangitis? What two clinical eponyms are described? How is ascending cholangitis managed?",cc-90.md,2.8504245281219482,2.8504245281219482,"What is the most common cause of acalculous cholecystitis?
What are the risk factors for acalculous cholecystitis?
What are the clinical features of acalculous cholecystitis?
What are the diagnostic criteria for acalculous cholecystitis?
How does acalculous cholecystitis present differently from calculous cholecystitis?
What is the treatment for acalculous cholecystitis?
What complications can arise from acalculous cholecystitis?"
"A 35-year-old female is brought to the emergency department after being found unconscious. The patient is found to have a blood glucose level of 35 mg/dL. Hgb A1c was found to be 5.1%. C-peptide level was found to be decreased. The patient returned to her baseline after glucose replacement. She states that she has never had an episode like this before. She has no significant past medical history but reports a family history of diabetes in her mother. She states that she has been undergoing a difficult divorce over the past few months. What is the likely cause of this patient's condition?

Options:
A: Insulinoma
B: Factitious disorder
C: Alimentary hypogylcemia
D: Hypothyroidism
E: Somatization disorder",B,B,True,"First, let's summarize the available information:
- The patient is a 35-year-old female found unconscious with a blood glucose level of 35 mg/dL, indicating hypoglycemia.
- Her Hgb A1c is 5.1%, which is within the normal range and suggests that she does not have diabetes.
- The C-peptide level is decreased, indicating that endogenous insulin production is low or absent.
- She has no significant past medical history but has a family history of diabetes and is currently under stress due to a difficult divorce.

Now, let's consider each option in relation to the information provided:

A: Insulinoma - This is a tumor of the pancreas that secretes insulin. However, the decreased C-peptide level suggests that the insulin is not coming from the patient's own pancreas, making an insulinoma less likely.

B: Factitious disorder - This is a condition where a person intentionally produces or feigns symptoms of an illness. Given the stress of her divorce and the fact that she has no significant past medical history, this could be a possibility. However, factitious disorder typically involves the ingestion of insulin or other hypoglycemic agents, which would increase C-peptide levels, not decrease them.

C: Alimentary hypogylcemia - This refers to hypoglycemia due to excessive insulin secretion by the pancreas in response to ingested insulin or insulin secretagogues. Since the C-peptide level is decreased, this suggests that the insulin is not coming from her own pancreas, making this option less likely.

D: Hypothyroidism - Hypothyroidism can cause hypoglycemia, but it is not typically associated with decreased C-peptide levels.

E: Somatization disorder - This is a psychiatric condition where a person experiences multiple, recurrent, and often changing physical symptoms that are not explained by medical conditions. However, somatization disorder does not typically present with hypoglycemia as a symptom.

Given the decreased C-peptide level, which indicates that the insulin is not coming from the patient's own pancreas, and the absence of a history of diabetes, the most likely cause of this patient's hypoglycemia is factitious disorder. The patient may be administering insulin or other hypoglycemic agents to herself, possibly as a way to cope with the stress of her divorce.

Therefore, the answer is (B) Factitious disorder.","Clinical Pearl: The most common reason for a patient to have a low glucose is too much insulin or exposure to oral hypoglycemic agents. However, in patients without diabetes who are presenting with hypoglycemia, it is important to rule out alcoholism, severe sepsis, adrenal insufficiency, and panhypopituitarism. Insulinoma is rare and should be a diagnosis of exclusion. Always consider surreptitious use if no obvious cause found, especially if there is possibility of access to diabetic drugs.
```
---
Causes of hypoglycemia in the non-diabetic can be thought about in terms of decreased production of glucose, increased usage of glucose, and increased insulin or other hypoglycemic compounds:  
- Decreased Production - inadequate glucose production includes hormone deficiencies, enzyme defects, substrate deficiencies, severe liver disease which causes poor stores  
Causes of overuse of glucose include the presence of:  
- Exogenous insulin and sulfonylureas (from someone with diabetes), other drugs, endotoxic shock, insulinoma, extrapancreatic tumors, and a variety of enzyme deficiencies that can cause congenital hyperinsulinism  
Causes of hypoglycemia in the diabetic:  
- Consider their own medications, such as with excess insulin or other oral hypoglycemic agents  
Use the “DIMES” approach (coupled with how UpToDate does it):  
- Drugs:
- Insulin
- Insulin secretagogues:
- Alcohol
- Others - e.g. indomethacin, quinine
- Infection / illnesses:
- Sepsis
- Metabolic:
- Liver, renal failure
---
Point:  
Causes of hypoglycemia in the diabetic:
- Excess insulin (overdose)
- Decreased dietary intake of fuels
- Increase demands  
Causes of hypoglycemia in the non-diabetic:
- Inadequate glucose production includes hormone deficiencies, enzyme defects, substrate deficiencies
- Severe liver disease
- Drugs - alcohol, indomethacin, quinine, oral hypoglycemics  
Causes of overuse of glucose include the presence of:
- An insulinoma, exogenous insulin, sulfonylureas, drugs, endotoxic shock, extrapancreatic tumors, and a variety of enzyme deficiencies.",cc-126.md,4.171821117401123,2.248176097869873,"What is the most common cause of hypoglycemia in the emergency department?
What is the most common cause of factitious hypoglycemia?
What is the most common cause of hypoglycemia in the outpatient setting?
What is the most common cause of hypoglycemia in the inpatient setting?
What is the most common cause of hypoglycemia in the ICU?"
"A 37-year-old primigravid woman at 12 weeks' gestation comes to the emergency department because of vaginal bleeding and dull suprapubic pain for 3 hours. She has had spotting during the last 3 days. Her medications include folic acid and a multivitamin. She has smoked one pack of cigarettes daily for 15 years. Her temperature is 37°C (98.6°F), pulse is 110/min, and blood pressure is 89/65 mm Hg. Pelvic examination shows a dilated cervical os and a uterus consistent in size with an 11-week gestation. Ultrasonography shows an embryo of 4 cm in crown-rump length and no fetal cardiac activity. Which of the following is the most appropriate next step in management?

Options:
A: Misoprostol therapy
B: Follow-up ultrasonography
C: Methotrexate therapy
D: Dilation and curettage
E: Complete bed rest",D,A,False,"The patient is a 37-year-old woman who is 12 weeks pregnant and presents with vaginal bleeding, dull suprapubic pain, and a history of spotting for the last 3 days. Her vital signs indicate tachycardia (pulse 110/min) and hypotension (blood pressure 89/65 mm Hg), which could suggest significant blood loss. The pelvic examination shows a dilated cervical os and a uterus consistent with an 11-week gestation, which is smaller than expected for her gestational age. The ultrasonography findings of an embryo of 4 cm in crown-rump length and no fetal cardiac activity are concerning for a nonviable pregnancy, possibly a missed abortion.

Given these findings, the most appropriate next step in management would be to address the nonviable pregnancy. The options provided are:

A: Misoprostol therapy - This is used for medical management of miscarriage or abortion.
B: Follow-up ultrasonography - This would be appropriate if there was uncertainty about the diagnosis, but given the findings, it is not the most immediate step.
C: Methotrexate therapy - This is used for ectopic pregnancies, not for missed abortions within the uterus.
D: Dilation and curettage (D&C) - This is a surgical procedure to remove tissue from inside the uterus, which is appropriate for a missed abortion when the nonviable pregnancy needs to be removed.
E: Complete bed rest - This is not an appropriate management step for a nonviable pregnancy.

Given the findings of a nonviable pregnancy and the patient's symptoms, the most appropriate next step is to manage the nonviable pregnancy. Since the patient is hemodynamically stable, immediate surgical intervention may not be necessary, and medical management with misoprostol can be considered.

Therefore, the answer is (A) Misoprostol therapy.",,,0.0,0.0,"What is the most likely diagnosis for a pregnant woman with vaginal bleeding, a dilated cervical os, and an embryo without cardiac activity?
What is the recommended management for a nonviable pregnancy at 12 weeks' gestation?
What is the recommended management for a nonviable pregnancy with confirmed fetal demise at 12 weeks' gestation?"
"A 17-year-old female accidentally eats a granola bar manufactured on equipment that processes peanuts. She develops type I hypersensitivity-mediated histamine release, resulting in pruritic wheals on the skin. Which of the following layers of this patient's skin would demonstrate histologic changes on biopsy of her lesions?

Options:
A: Stratum corneum
B: Stratum granulosum
C: Stratum spinosum
D: Stratum basale
E: Dermis",E,E,True,"Type I hypersensitivity-mediated histamine release typically affects the dermis layer of the skin. When an allergic reaction occurs, histamine is released, which causes vasodilation and increased vascular permeability, leading to the characteristic signs of an allergic reaction such as pruritic wheals (hives). The dermis is the layer of skin where these histologic changes would be observed, as it contains blood vessels that would become more prominent due to the increased blood flow and leakage of fluid.

The stratum corneum, stratum granulosum, and stratum spinosum are layers of the epidermis, and while they may show some changes in association with skin reactions, the primary histologic changes associated with type I hypersensitivity would be in the dermis. The stratum basale is the deepest layer of the epidermis and does not typically show histologic changes associated with type I hypersensitivity reactions.

Therefore, the answer is (E) Dermis.",,,0.0,0.0,"What type of skin biopsy would best demonstrate histologic changes in this patient's lesions?
Which layer of the skin is involved in type I hypersensitivity-mediated histamine release?"
"A 25-year-old male is hospitalized for acute agitation, photophobia, and dysphagia. His parents report that he has been experiencing flu-like symptoms for one week prior to hospital admission. Five weeks ago, the patient was in Mexico, where he went on several spelunking expeditions with friends. The patient ultimately becomes comatose and dies. Autopsy of brain tissue suggests a viral infection. The likely causal virus spreads to the central nervous system (CNS) in the following manner:

Options:
A: Hematogenous dissemination to the meninges
B: Entrance via cribiform plate
C: Retrograde migration up peripheral nerve axons
D: Reactivation of virus previously latent in dorsal root ganglia
E: Infection of oligodendrocytes and astrocytes",C,C,True,"First, let's summarize the available information:
- The patient is a 25-year-old male.
- Presenting symptoms include acute agitation, photophobia, and dysphagia.
- The patient has been experiencing flu-like symptoms for a week.
- The patient recently traveled to Mexico and engaged in spelunking activities.
- The patient's condition deteriorated rapidly, leading to coma and death.
- Autopsy indicates a viral infection that spread to the CNS.

Now, let's analyze the possible routes of viral spread to the CNS as given in the options:

A) Hematogenous dissemination to the meninges: This is a common route for many viruses to reach the CNS, but it is not typically associated with the rapid onset of symptoms seen in this case.

B) Entrance via cribiform plate: This is a route for viruses to reach the CNS from the nasal cavity, but it is more commonly associated with viruses that affect the upper respiratory tract and are inhaled.

C) Retrograde migration up peripheral nerve axons: This is a characteristic route of herpesviruses, including HSV-1, which can cause encephalitis. This is a likely mechanism for a virus that causes both mucocutaneous lesions and CNS involvement.

D) Reactivation of virus previously latent in dorsal root ganglia: This is a mechanism for varicella-zoster virus (VZV), which causes chickenpox and shingles, but there is no mention of a vesicular rash typical of VZV.

E) Infection of oligodendrocytes and astrocytes: This is more characteristic of progressive multifocal leukoencephalopathy (PML) caused by the JC virus, which typically occurs in immunocompromised patients.

Given the patient's history of flu-like symptoms followed by rapid neurological deterioration, and considering the common routes of herpesvirus entry to the CNS, the most likely scenario is a herpesvirus infection that has migrated retrograde up peripheral nerve axons. This is consistent with the presentation of herpes simplex encephalitis, which can occur after a period of asymptomatic latency and is often associated with severe CNS manifestations.

Therefore, the answer is (C) Retrograde migration up peripheral nerve axons.","The Herpes viridae are DNA viruses that cause specific clinical presentations:  
- HSV-1, HSV-2
- Mucocutaneous ulcers, herpes encephalitis {1}
- CMV
- Pneumonitis in immunocompromised patients
- VZV
- Chickenpox; shingles
- HHV 6
- Roseola infantum
- EBV
- Mononucleosis
- Kaposi’s sarcoma herpesvirus
- Kaposi’s sarcoma  
[1] HSV-1 is a common cause of infectious encephalitis; it causes necrotizing hemorrhagic encephalitis, typically involving the temporal lobes. Herpes simplex encephalitis is characterized by acute onset of symptoms, including fever, headache, altered mental status, seizures, and focal neurologic deficits resulting from frontal and temporal lobe necrosis. If left untreated, mortality is greater than 70%.",cc-130.md,4.091471195220947,4.091471195220947,"What is the most common cause of viral encephalitis?
Which viruses cause encephalitis by ascending from peripheral sites?
Which viruses cause encephalitis by reactivation from latency in dorsal root ganglia?
Which viruses cause encephalitis by infecting oligodendrocytes and astrocytes?
Which viruses cause encephalitis by entrance via the cribiform plate?"
"A 21-year-old male presents to his primary care provider for fatigue. He reports that he graduated from college last month and returned 3 days ago from a 2 week vacation to Vietnam and Cambodia. For the past 2 days, he has developed a worsening headache, malaise, and pain in his hands and wrists. The patient has a past medical history of asthma managed with albuterol as needed. He is sexually active with both men and women, and he uses condoms “most of the time.” On physical exam, the patient’s temperature is 102.5°F (39.2°C), blood pressure is 112/66 mmHg, pulse is 105/min, respirations are 12/min, and oxygen saturation is 98% on room air. He has tenderness to palpation over his bilateral metacarpophalangeal joints and a maculopapular rash on his trunk and upper thighs. Tourniquet test is negative. Laboratory results are as follows:

Hemoglobin: 14 g/dL
Hematocrit: 44%
Leukocyte count: 3,200/mm^3
Platelet count: 112,000/mm^3

Serum:
Na+: 142 mEq/L
Cl-: 104 mEq/L
K+: 4.6 mEq/L
HCO3-: 24 mEq/L
BUN: 18 mg/dL
Glucose: 87 mg/dL
Creatinine: 0.9 mg/dL
AST: 106 U/L
ALT: 112 U/L
Bilirubin (total): 0.8 mg/dL
Bilirubin (conjugated): 0.3 mg/dL

Which of the following is the most likely diagnosis in this patient?

Options:
A: Chikungunya
B: Dengue fever
C: Epstein-Barr virus
D: Hepatitis A
E: Typhoid fever",A,A,True,"The patient presents with fever, headache, malaise, joint pain, and a maculopapular rash. The recent travel history to Vietnam and Cambodia is notable, as these areas are endemic to several infectious diseases. The patient's symptoms, including fever, headache, and joint pain, could be consistent with several infections. However, the rash and the specific pattern of joint involvement (tenderness over bilateral metacarpophalangeal joints) help narrow down the differential diagnosis.

Let's evaluate the options:

A: Chikungunya - This viral infection is characterized by fever, joint pain, and rash. It is commonly found in Africa, Asia, and the Pacific. The symptoms and travel history make this a possible diagnosis.

B: Dengue fever - This viral infection is also common in tropical and subtropical regions and presents with fever, headache, rash, and joint pain. However, the rash in dengue fever is typically more prominent on the trunk and less so on the extremities.

C: Epstein-Barr virus (EBV) - EBV infection can cause infectious mononucleosis, which presents with fever, sore throat, and lymphadenopathy. Rash is less common in EBV infection.

D: Hepatitis A - This viral infection can cause fever, malaise, and jaundice due to liver involvement. The rash is not a typical feature of hepatitis A.

E: Typhoid fever - Caused by Salmonella typhi, typhoid fever presents with fever, abdominal pain, and rash (rose spots). However, the rash typically appears on the trunk, not the extremities, and the patient's symptoms do not strongly suggest typhoid fever.

Considering the patient's symptoms and the characteristic rash, the most likely diagnosis is chikungunya, which is known to cause such symptoms and is endemic to the regions the patient visited.

Therefore, the answer is (A) Chikungunya.","| Clinical presentation | Fever and a skin eruption. Well children 6 months to 3 years old. May occur post febrile seizure The rash typically appears with defervescence. The lesions are discrete pink or rose-colored macules or maculopapules 2 or 3 mm in diameter that blanch on pressure and rarely coalesce | Fever in 10% to 15% of patients, and a characteristic rash. Arthralgia and arthritis occur commonly in adults but rarely in children. The rash is intensely red on the face and gives a “slapped-cheek” appearance with circumoral pallor. A reticular maculopapular eruption, which may be noted on the arms, moves caudally to the trunk, buttocks, and thighs. The rash may recur with changes in temperature and exposure to sunlight. The incubation period is usually between 4 and 14 days. The infection is benign and requires supportive care only. | Contagious from 5 days prior to onset of symptoms until 5 to 6 days after the onset of dermatologic Involvement. Maculopapular erythematous lesions involve the forehead
---
| Fever and a skin eruption. Well children 6 months to 3 years old. May occur post febrile seizure The rash typically appears with defervescence. The lesions are discrete pink or rose-colored macules or maculopapules 2 or 3 mm in diameter that blanch on pressure and rarely coalesce | Fever in 10% to 15% of patients, and a characteristic rash. Arthralgia and arthritis occur commonly in adults but rarely in children. The rash is intensely red on the face and gives a “slapped-cheek” appearance with circumoral pallor. A reticular maculopapular eruption, which may be noted on the arms, moves caudally to the trunk, buttocks, and thighs. The rash may recur with changes in temperature and exposure to sunlight. The incubation period is usually between 4 and 14 days. The infection is benign and requires supportive care only. | Contagious from 5 days prior to onset of symptoms until 5 to 6 days after the onset of dermatologic Involvement. Maculopapular erythematous lesions involve the forehead and upper neck and spread",cc-130.md | cc-120.md,2.971613883972168,2.957946300506592,"What is the most likely diagnosis based on the patient's travel history, fever, headache, malaise, and hand/wrist pain?
What is the most likely diagnosis based on the patient's laboratory results (low leukocyte and platelet count, elevated liver enzymes)?
Which disease is characterized by fever, headache, malaise, and joint pain, particularly affecting the metacarpophalangeal joints?
Which disease can present with a maculopapular rash on the trunk and upper thighs?
Which disease is associated with a negative tourniquet test?
Which disease can cause hemorrhagic manifestations and is associated with thrombocytopenia?
Which disease is characterized by fever, headache, malaise, and joint pain, particularly affecting the metacarpophalangeal joints?
Which disease can present with a maculopapular rash on the trunk and upper thighs?
Which disease is associated with a negative tourniquet test?
Which disease can cause hemorrhagic manifestations and is associated with thrombocytopenia?"
"A 59-year-old man comes to the emergency department because of excruciating left knee pain for 4 days. He underwent a total knee arthroplasty of his left knee joint 4 months ago. He has hypertension and osteoarthritis. Current medications include glucosamine, amlodipine, and meloxicam. His temperature is 38.1°C (100.6°F), pulse is 97/min, and blood pressure is 118/71 mm Hg. Examination shows a tender, swollen left knee joint; range of motion is limited by pain. Analysis of the synovial fluid confirms septic arthritis, and the prosthesis is removed. Which of the following is the most likely causal organism?

Options:
A: Staphylococcus epidermidis
B: Escherichia coli
C: Staphylococcus aureus
D: Pseudomonas aeruginosa
E: Group B Streptococcus",A,C,False,"Relevant chunks:
- Septic arthritis refers to microbial invasion and infection of the joint space. Bacterial pathogens are common in patients with acute septic arthritis, whereas fungal and mycobacterial pathogens tend to be associated with a more indolent septic arthritis. Peak incidence at 6-24 months!
- Infants tend to have fever, failure to feed, lethargy, pseudoparalysis of the extremity, and pain when being handled.
- Most older children have systemic signs and symptoms of fever, malaise, poor appetite, and irritability, as well as localized symptoms of pain and refusal to move the affected joint. If the lower part of the body is involved, patients may limp or refuse to walk.
- The physical examination reveals local erythema, warmth, and swelling. If the hip is affected, it often is held in flexion, abduction, and external rotation.
- Range of motion is decreased because of pain and muscle spasm, and passive joint movement is painful. In infants, joint dislocation may be observed.

The patient in the question is a 59-year-old man with a history of total knee arthroplasty who now presents with septic arthritis of the same knee joint. The most common causative organism of septic arthritis in adults, especially in the context of a prosthetic joint, is Staphylococcus aureus. This is because S. aureus is a common skin contaminant and a frequent cause of both acute and chronic septic arthritis. Other listed organisms are less likely in this clinical scenario. For instance, Staphylococcus epidermidis is associated with prosthetic joint infections but typically causes a more indolent infection rather than an acute septic arthritis. Escherichia coli and Pseudomonas aeruginosa are less common causes of septic arthritis in patients without urinary or gastrointestinal tract abnormalities. Group B Streptococcus is more commonly associated with neonatal infections rather than infections in older adults.

Therefore, the answer is (C) Staphylococcus aureus.","Monoarticular arthropathies, which affect a single joint, can arise from various causes such as trauma, rheumatoid arthritis, lupus, and infections including viral, fungal, and bacterial origins. Septic arthritis, a bacterial infection of the joint, is clinically significant with an incidence rate of 10 per 100,000 annually in the USA. The risk is elevated in individuals with prosthetic joints, pre-existing rheumatoid arthritis, or those who are immunocompromised, such as patients with HIV.
---
- Septic arthritis refers to microbial invasion and infection of the joint space. Bacterial pathogens are common in patients with acute septic arthritis, whereas fungal and mycobacterial pathogens tend to be associated with a more indolent septic arthritis. Peak incidence at 6-24 months!
- Infants tend to have fever, failure to feed, lethargy, pseudoparalysis of the extremity, and pain when being handled.
- Most older children have systemic signs and symptoms of fever, malaise, poor appetite, and irritability, as well as localized symptoms of pain and refusal to move the affected joint. If the lower part of the body is involved, patients may limp or refuse to walk.
- The physical examination reveals local erythema, warmth, and swelling. If the hip is affected, it often is held in flexion, abduction, and external rotation.
- Range of motion is decreased because of pain and muscle spasm, and passive joint movement is painful. In infants, joint dislocation may be observed.
---
**Table 106.5: Microbiology of Bacterial Septic Arthritis Related to Patient**  
| PATIENTS | ORGANISMS |
|----------|-----------|
| Neonates and infants | Staphylococcus aureus, group B streptococcus, GNR bacteria |
| Children | Haemophilus influenzae, S. aureus |
| Adolescents and young adults | Neisseria gonorrhoeae, Chlamydia trachomatis |
| Older adults | S. aureus, Streptococcus, GNR bacteria |
| Sickle cell anemia | Salmonella |
| Injection drug abusers | Pseudomonas, S. aureus, GNR bacteria |  
GNR = Gram Negative Rod  
Acute nongonococcal septic arthritis in adults is caused most often by gram-positive organisms (75% to 90%).",sgem-39.md | cc-116.md | cc-176.md,3.810199022293091,2.6157732009887695,"What are the common causal organisms of septic arthritis in different joints?
What are the common causal organisms of septic arthritis in different age groups?
What are the common causal organisms of septic arthritis in different clinical scenarios?"
"A 47-year-old man presents to the emergency department with fever, fatigue, and loss of appetite for 1 week, followed by right shoulder pain, generalized abdominal pain, and paroxysmal cough. He has had diabetes mellitus for 15 years, for which he takes metformin and gliclazide. His vital signs include a temperature of 38.3°C (101.0°F), pulse of 85/min, and blood pressure of 110/70 mm Hg. On examination, he is ill-appearing, and he has a tender liver edge that is palpable approx. 2 cm below the right costal margin. Percussion and movement worsens the pain. Abdominal ultrasonography is shown. Stool is negative for Entamoeba histolytica antigen. Which of the following is the best initial step in management of this patient condition?

Options:
A: Metronidazole and paromomycin
B: Antifungal therapy
C: Cholecystectomy
D: Antibiotics and drainage
E: Endoscopic retrograde cholangiopancreatography (ERCP)",D,D,True,"The patient presents with fever, fatigue, loss of appetite, right shoulder pain, generalized abdominal pain, and paroxysmal cough. These symptoms, along with the finding of a tender liver edge that is palpable 2 cm below the right costal margin, suggest a hepatobiliary pathology. The fact that percussion and movement worsen the pain could indicate an inflammatory process involving the liver or gallbladder.

The negative stool test for Entamoeba histolytica antigen rules out amoebic liver abscess, which is a common cause of liver abscesses in endemic areas. Given the patient's symptoms and the negative stool test, other causes of liver abscesses should be considered, such as bacterial infection.

The best initial step in management should address the most likely cause of the patient's symptoms. Since there is no indication of a fungal infection (which would require antifungal therapy) or a specific indication for cholecystectomy (which is a surgical procedure typically reserved for gallbladder stones or inflammation not responding to medical therapy), these options are less likely to be the best initial step.

Metronidazole and paromomycin are used to treat amoebic liver abscesses, but since the stool test is negative for Entamoeba histolytica, this combination is not the best initial step either.

Antibiotics and drainage would be the appropriate initial management for a bacterial liver abscess. This approach involves both systemic antibiotic therapy to treat the infection and drainage of the abscess to remove the source of infection.

ERCP is a procedure used to diagnose and treat conditions of the bile ducts, such as choledocholithiasis or strictures. However, there is no indication from the information provided that the patient has bile duct problems requiring ERCP.

Therefore, the best initial step in management, given the likely diagnosis of a bacterial liver abscess, would be antibiotics to treat the infection and drainage of the abscess. 

Therefore, the answer is (D) Antibiotics and drainage.","The document provides a comprehensive overview of general principles in managing orthopedic injuries, emphasizing the importance of urgent consultation for specific fracture types, such as long bone and open fractures, and those with neurovascular compromise. Key diagnostic principles include obtaining thorough patient history, conducting a detailed physical exam, and ensuring adequate imaging, with a focus on treating clinically suspected fractures even if initial imaging is negative. Critical management steps include assessing neurovascular status during interventions, providing clear discharge instructions, and recognizing complications like compartment syndrome, which requires prompt fasciotomy. The document also outlines the classification and management of open fractures, the association of specific nerve injuries with particular fractures, and the diagnostic criteria for complex regional pain syndrome (CRPS). Additionally, it highlights the management of fat embolism syndrome and differentiates between",cc-49.md,1.5949454307556152,1.5949454307556152,"What is the most likely diagnosis for this patient?
What are the initial management steps for this condition?"
"A 70-year-old woman is brought to the emergency department for the evaluation of abdominal pain, nausea, and vomiting for 1 day. Computed tomography shows a small bowel perforation. The patient is prepared for emergent exploratory laparotomy. She is sedated with midazolam, induced with propofol, intubated, and maintained on nitrous oxide and isoflurane for the duration of the surgery. A single perforation in the terminal ileum is diagnosed intraoperatively and successfully repaired. The patient is transferred to the intensive care unit. The ventilator is set at an FiO2 of 50%, tidal volume of 1000 mL, respiratory rate of 12/min, and positive end-expiratory pressure of 2.5 cm H2O. Her temperature is 37.3°C (99.1°F), pulse is 76/min, and blood pressure is 111/50 mm Hg. She is responsive to painful stimuli. Lung examination shows bilateral rales. Abdominal examination shows a distended abdomen and intact abdominal surgical incisions. The remainder of the physical examination shows no abnormalities. Arterial blood gas analysis shows:
pH 7.44
pO2 54 mm Hg
pCO2 31 mm Hg
HCO3- 22 mm Hg
Which of the following is the best next step in the management of this patient?""

Options:
A: Increase the FiO2
B: Extubate
C: Increase the tidal volume
D: Increase PEEP
E: Increase the respiratory rate",D,A,False,"First, let's summarize the available information:
- The patient is a 70-year-old woman who underwent an emergent exploratory laparotomy for a small bowel perforation, which was repaired.
- She is now in the ICU on mechanical ventilation.
- Her vital signs are stable with a temperature of 37.3°C, pulse 76/min, and blood pressure 111/50 mm Hg.
- Physical examination shows bilateral rales in the lungs and a distended abdomen, but no other abnormalities.
- Arterial blood gas analysis shows: pH 7.44, pO2 54 mm Hg, pCO2 31 mm Hg, HCO3- 22 mm Hg.

The arterial blood gas results show a pH of 7.44, which is within the normal range (7.35-7.45), indicating a nearly normal acid-base balance. The pCO2 is low at 31 mm Hg, which could suggest a compensatory respiratory alkalosis in response to a metabolic acidosis or it could be a primary respiratory alkalosis due to hyperventilation. The HCO3- level is 22 mm Hg, which is on the higher side of normal (22-26 mm Hg), suggesting a mild metabolic alkalosis or compensation for a respiratory acidosis.

Given that the patient is mechanically ventilated and the low pCO2 could be due to hyperventilation, we should consider adjusting the ventilator settings to ensure adequate oxygenation without causing respiratory alkalosis. Increasing the tidal volume (option C) could potentially lead to lung injury and is not indicated here. Increasing the respiratory rate (option E) could exacerbate the low pCO2 and lead to further respiratory alkalosis. Increasing the PEEP (option D) could help improve oxygenation and reduce the risk of lung injury due to overdistension, but it may also increase the risk of barotrauma and volutrauma, especially in a patient with a distended abdomen.

The best next step would be to optimize oxygenation while minimizing the risk of ventilator-induced lung injury. Increasing the FiO2 (option A) would improve oxygenation without increasing the risk of lung injury and would address the low pO2. Extubation (option B) is not appropriate at this time as the patient is sedated, and her respiratory status needs to be stabilized before considering extubation.

Therefore, the answer is (A) Increase the FiO2.","Key thought process: Is this a simple ABD or a mixed ABD?  
Often, acid-base disturbances are first identified when the results of laboratory tests ordered to evaluate the patient’s symptoms demonstrate alterations in the bicarbonate level, pH, or Paco2. The possibility of an acid-base disorder is suggested by clinical events such as toxic ingestions, severe vomiting, or diarrhea, as well as in patients with diseases primarily affecting the lungs and kidneys. All critically ill patients and all patients being mechanically ventilated should have an assessment of their acid-base status. When an acid-base disturbance is identified or suspected, elucidation of its underlying cause(s) is central to appropriate management.  
Painful arterial blood sampling is unnecessary for the evaluation of acid-base disturbances. Paco2, HCO3−, and pH values taken from peripheral venous, central venous, intraosseous, and capillary blood are all suitable for acid-base assessment.",cc-124.md,3.524061918258667,3.524061918258667,"What is the patient's current mode of ventilation?
What is the patient's current oxygenation status?
What is the patient's current ventilation status?
What is the patient's current acid-base status?
What is the patient's current CO2 status?
What is the patient's current hemodynamic status?
What is the patient's current temperature status?
What is the patient's current physical examination status?
What is the patient's current arterial blood gas status?
What is the best next step in the management of this patient?"
"A 43-year-old man with a history of hepatitis C and current intravenous drug use presents with 5 days of fever, chills, headache, and severe back pain. On physical exam, temperature is 100.6 deg F (38.1 deg C), blood pressure is 109/56 mmHg, pulse is 94/min, and respirations are 18/min. He is thin and diaphoretic with pinpoint pupils, poor dentition, and track marks on his arms and legs. A high-pitched systolic murmur is heard, loudest in the left sternal border and with inspiration. He is admitted to the hospital and started on broad-spectrum antibiotics. One of the blood cultures drawn 12 hours ago returns positive for Staphylococcus aureus. Which of the following is the most appropriate next step to confirm the diagnosis?

Options:
A: Repeat blood cultures now
B: Repeat blood cultures 24 hours after initial cultures were drawn
C: Repeat blood cultures 36 hours after initial cultures were drawn
D: Repeat blood cultures 48 hours after initial cultures were drawn
E: Do not repeat blood cultures",A,A,True,"The patient presents with signs and symptoms suggestive of infective endocarditis (IE), which include fever, chills, headache, severe back pain, and a high-pitched systolic murmur heard at the left sternal border that is loudest during inspiration. The presence of Staphylococcus aureus in blood cultures is consistent with this diagnosis. In the setting of IE, blood cultures are typically drawn at the time of fever and then redrawn 12-24 hours later to confirm the diagnosis. This is because Staphylococcus aureus can sometimes be present in the bloodstream as a result of a recent infection or colonization and not necessarily indicative of a new infection. The repeat blood culture helps to differentiate between a true infection and colonization.

Given that 12 hours have passed since the initial blood cultures were drawn, and the patient is already on broad-spectrum antibiotics, it is appropriate to repeat the blood cultures now to confirm the diagnosis of infective endocarditis. Waiting longer than 24 hours could potentially allow for the clearance of the bacteria from the bloodstream, making the repeat cultures negative even if the patient does have IE.

Therefore, the answer is (A) Repeat blood cultures now.",,,0.0,0.0,"What is the most common cause of infective endocarditis in intravenous drug users?
What are the classic findings of infective endocarditis on physical examination?
How often should blood cultures be repeated in a patient with suspected infective endocarditis?"
"A 16-year-old girl is brought to the emergency department with constant abdominal pain over the past 8 hours. The pain is in her right lower quadrant (RLQ), which is also where it began. She has had no nausea or vomiting despite eating a snack 2 hours ago. She had a similar episode last month which resolved on its own. Her menstrual cycles are 28–30 days apart with 3–5 days of vaginal bleeding. Her last menses ended 9 days ago. Her blood pressure is 125/75 mm Hg, the pulse is 78/min, the respirations are 15/min, and the temperature is 37.2°C (99.0°F). Abdominal examination shows moderate pain on direct pressure over the RLQ which decreases with the release of pressure. The remainder of the physical examination shows no abnormalities. Laboratory studies show:
Hemoglobin 12.5 mg/dL
Leukocyte count 6000/mm3
Segmented neutrophils 55%
Lymphocytes 39%
Platelet count 260,000/mm3
Serum  
C-reactive protein 5 mg/L (N < 8 mg/L)
Urine  
RBC 1-2 phf
WBC None
Which of the following is the most appropriate next step in management?

Options:
A: Methotrexate
B: Nitrofurantoin
C: Reassurance
D: Referral for surgery
E: Tamsulosin",C,D,False,"The patient is a 16-year-old girl presenting with constant abdominal pain in the right lower quadrant (RLQ), which began 8 hours ago and was also the site of a similar episode last month. She has no nausea or vomiting and ate a snack 2 hours ago without incident. Her menstrual cycle is regular, and her last menses ended 9 days ago. Vital signs are within normal limits, and physical examination reveals moderate pain on direct pressure over the RLQ that decreases with the release of pressure. Laboratory studies show normal hemoglobin, leukocyte count, platelet count, and CRP levels, and urinalysis is unremarkable.

The clinical presentation is suggestive of appendicitis, given the location of the pain and the episodic nature. The absence of systemic signs of infection (normal temperature, CRP, and white blood cell count) and the lack of urinary symptoms make urinary tract infection an unlikely diagnosis. Methotrexate is used for ectopic pregnancy or certain autoimmune conditions, which are not indicated here. Nitrofurantoin is an antibiotic used for uncomplicated urinary tract infections, which is not supported by the urinalysis. Tamsulosin is an alpha-blocker used for urinary retention, typically in men with benign prostatic hyperplasia, which is not relevant to this case.

Reassurance and observation would be appropriate for a non-specific cause of abdominal pain in a young patient with no alarming signs or symptoms. However, given the classic presentation of appendicitis, the most appropriate next step in management would be referral for surgery to confirm the diagnosis and potentially treat with an appendectomy.

Therefore, the answer is (D) Referral for surgery.",,,0.0,0.0,"What is the most likely diagnosis for this patient?
What is the recommended management for this condition?"
"A 30-year-old male presents to the emergency department with a complaint of abdominal pain. The patient states he was at a barbecue around noon. Lunch was arranged as a buffet without refrigeration. Within 2 to 3 hours, he had abdominal pain with 3 episodes of watery diarrhea. On exam, vital signs are T 99.1, HR 103, BP 110/55, RR 14. Abdominal exam is significant for pain to deep palpation without any rebounding or guarding. There is no blood on fecal occult testing (FOBT). What is the most likely cause of this patient's presentation?

Options:
A: Salmonella enteritidis
B: Listeria monocytogenes
C: Staphylococcus aureus
D: Campylobacter jejuni
E: Vibrio cholerae",C,C,True,"First, let's summarize the available information from the question:
- A 30-year-old male presents with abdominal pain.
- The onset of symptoms was within 2 to 3 hours after eating at a buffet lunch that was not refrigerated.
- Symptoms include abdominal pain and multiple episodes of watery diarrhea.
- The patient has a mild fever (T 99.1), tachycardia (HR 103), and hypotension (BP 110/55).
- The abdominal exam shows pain on deep palpation without rebounding or guarding.
- Fecal occult blood testing (FOBT) is negative.

Now, let's consider each option in relation to the clinical presentation and the information provided:

A: Salmonella enteritidis - Typically associated with poultry and eggs, and the incubation period is longer (12–24h).

B: Listeria monocytogenes - Often associated with unpasteurized dairy products and has a longer incubation period. It is also more common in neonates, pregnant women, and immunocompromised individuals.

C: Staphylococcus aureus - Known to cause rapid-onset food poisoning due to preformed toxins in contaminated food, especially in buffet settings where food is left unrefrigerated for extended periods. Symptoms typically start within a few hours after ingestion.

D: Campylobacter jejuni - Commonly associated with poultry and has an incubation period of 2–5 days. It can cause bloody diarrhea, which is not present in this case.

E: Vibrio cholerae - Causes cholera, which is characterized by profuse watery diarrhea and is usually associated with contaminated water sources, not food.

Given the rapid onset of symptoms within 2 to 3 hours after eating and the nature of the lunch arrangement (buffet without refrigeration), the most likely cause of this patient's presentation is Staphylococcus aureus food poisoning due to preformed toxins in the food.

Therefore, the answer is (C) Staphylococcus aureus.","| STEC (Toxigenic) | - Children <10 - Foodborne: - Contaminated beef and produce - Associated with HUS and TTP | - Watery/bloody diarrhea | 3–8 days | 5–10 days |
| ETEC | Common cause of traveler’s diarrhea, but in US increasing cause of foodborne disease | - Acute watery diarrhea | 1–3 days | 1–7 days |  
Shigellosis is a nationally notifiable disease. Complications are rare and include bacteremia, Reiter’s syndrome, HUS, toxic megacolon, colonic perforation, seizures, and toxic encephalopathy.
---
| Pathogen | RF | Infectious Pattern | Incubation | Duration |
|----------|----|--------------------|------------|----------|
| Campylobacter (Most common bacteria) | - Backpacker's diarrhea/backcountry water sources - Raw/undercooked poultry meat | - Acute watery diarrhea - Fevers, dysenteric characteristics | 2–5 days | 5–14 days |
| Salmonella (Usually foodborne) | - Age <5 - Sickle Cell - Immunocompromised - Eggs, poultry, unpasteurized milk, pets | - Acute watery diarrhea - Often with fever | 12–24h | 2–7 days |
| Shigella (Toxigenic) | - Jails, nursing homes, daycares - MSM - HIV/AIDS - Swimming pools, water parks, fountains | - Acute watery diarrhea - Fever, dysenteric | 1–2 days | 2–7 days |
| Yersinia | - Children - Contaminated pork/milk/dogs/cats - Rare in United States - Common with travel to Asia | - Acute diarrhea, - Dehydrating - Can mimic appendicitis | 12–48 h | 5–14 days |
| Vibrio parahaemolyticus | Associated with seafood/shellfish | - Watery diarrhea - Dysentery | 8–24 h | 5–14 days |",cc-94.md,3.1428487300872803,2.764320135116577,"What foodborne pathogen is commonly associated with buffet-style food service?
Which foodborne pathogen is known to cause watery diarrhea without blood on FOBT?
Which foodborne pathogen is associated with a high fever and bloody diarrhea?
Which foodborne pathogen is associated with undercooked poultry and eggs?
Which foodborne pathogen is associated with raw or unpasteurized milk products?
Which foodborne pathogen is associated with contaminated water sources?
Which foodborne pathogen is associated with raw or undercooked seafood?
Which foodborne pathogen is associated with cross-contamination from raw to cooked foods?
Which foodborne pathogen is associated with contaminated ready-to-eat foods?
Which foodborne pathogen is associated with contaminated fresh produce?"
"A 70-year-old man is brought to the emergency department by staff of the group home where he resides because of worsening confusion for the past week. He has a history of major depressive disorder and had an ischemic stroke 4 months ago. Current medications are aspirin and sertraline. He is lethargic and disoriented. His pulse is 78/min, and blood pressure is 135/88 mm Hg. Physical examination shows moist oral mucosa, normal skin turgor, and no peripheral edema. While in the waiting room, he has a generalized, tonic-clonic seizure. Laboratory studies show a serum sodium of 119 mEq/L and an elevated serum antidiuretic hormone concentration. Which of the following sets of additional laboratory findings is most likely in this patient?
 $$$ Serum osmolality %%% Urine sodium %%% Serum aldosterone $$$

Options:
A: ↑ normal normal
B: ↓ ↓ ↓
C: ↑ ↓ normal
D: ↓ ↑ ↑
E: ↓ ↑ ↓",E,E,True,"First, let's summarize the available information:
- The patient is a 70-year-old man with a history of major depressive disorder and a recent ischemic stroke.
- He is on aspirin and sertraline.
- He presents with worsening confusion, lethargy, disorientation, and had a seizure.
- His serum sodium is low at 119 mEq/L, and his serum antidiuretic hormone (ADH) is elevated.

Given these findings, the patient likely has the syndrome of inappropriate secretion of antidiuretic hormone (SIADH). SIADH is characterized by excessive release of ADH despite low serum osmolality, which leads to water retention and hyponatremia.

Now, let's analyze the options in the context of SIADH:
A: ↑ normal normal - This would not be consistent with SIADH, as we expect low serum osmolality due to water retention.
B: ↓ ↓ ↓ - This option suggests low serum osmolality, low urine sodium, and low serum aldosterone. While low serum osmolality is consistent with SIADH, low urine sodium is not typical because urine sodium is usually high in SIADH due to the inappropriate retention of water. Low aldosterone is also not typical for SIADH.
C: ↑ ↓ normal - This option suggests high serum osmolality, which is not consistent with SIADH. However, low urine sodium is consistent with SIADH, and normal aldosterone could be possible.
D: ↓ ↑ ↑ - This option suggests low serum osmolality, which is consistent with SIADH, high urine sodium, which is also consistent with SIADH, and high serum aldosterone, which is not typical for SIADH.
E: ↓ ↑ ↓ - This option suggests low serum osmolality, which is consistent with SIADH, high urine sodium, which is also consistent with SIADH, and low serum aldosterone, which is consistent with SIADH as aldosterone is inappropriately suppressed in the presence of high ADH levels.

Considering the pathophysiology of SIADH, we expect low serum osmolality due to water retention and high urine sodium due to the inappropriate action of ADH. Aldosterone is typically low due to the feedback inhibition by the high ADH levels.

Therefore, the answer is (E) ↓ ↑ ↓.","SIADH is an important cause of hyponatremia that occurs when antidiuretic hormone is secreted independent of the body’s need to conserve water.  
The process results from excess antidiuretic hormone production that increases TBW, causing the serum sodium to decrease.  
Patients with SIADH inappropriately concentrate their urine, despite a low serum osmolality and normal circulating blood volume.  
Despite excess TBW, they have no signs of edema, ascites, or heart failure, because most of the increased water is intracellular rather than intravascular.  
The three most common causes of SIADH are (1) pulmonary lung masses and infections (PNA or TB), (2) CNS disorders, and (3) drugs*  
*Thiazide diuretics, narcotics, lithium, oral hypoglycemics, barbiturates, and antineoplastics.  
**Box 117.6: Three most common causes of Inappropriate secretion of antidiuretic hormone**  
**Lung Masses**  
1. Cancer (especially small cell)
2. Pneumonia
3. Tuberculosis
4. Abscess  
**Central Nervous System Disorders**
---
These are the five most common causes. In adults are therapy with thiazides, the postoperative state the syndrome of inappropriate secretion of antidiuretic hormone (SIADH), psychogenic polydipsia, exercise-associated hyponatremia, and unintentional water intoxication.  
Here are the broad categories:  
- Pseudohyponatremia
- Large molecular particles that do not contribute to plasma osmolality relative to sodium.
- Severe hypertriglyceridemia and
- Hyperproteinemia are two common causes of this condition.
- Hyponatremia with dehydration and decreased extracellular volume
- Hyponatremia with increased extracellular volume
- Euvolemic hyponatremia with increased TBW  
Sometimes a fifth category of “dilutional hyponatremia” is added. This occurs with HYPERglycemia - where the extra glucose draws fluid into the intravascular space.  
See Box 117.5",cc-125.md,3.0209128856658936,2.8168649673461914,"What condition is characterized by confusion, lethargy, and seizures due to hyponatremia?
What is the mechanism of hyponatremia in this patient?
What additional laboratory findings are consistent with the syndrome of inappropriate antidiuretic hormone secretion (SIADH)?"
"A 45-year-old man arrives by ambulance to the emergency room after being involved in a very severe construction accident. The patient was found unconscious with a large metal spike protruding from his abdomen by a coworker who was unable to estimate the amount of time the patient went without medical aid. Upon arrival to the ER, the patient was unconscious and unresponsive. His vital signs are BP: 80/40, HR: 120 bpm, RR: 25 bpm, Temperature: 97.1 degrees, and SPO2: 99%.He is taken to the operating room to remove the foreign body and control the bleeding. Although both objectives were accomplished, the patient had an acute drop in his blood pressure during the surgery at which time ST elevations were noted in multiple leads. This resolved with adequate fluid resuscitation and numerous blood transfusions. The patient remained sedated after surgery and continued to have relatively stable vital signs until his third day in the intensive care unit, when he experiences an oxygen desaturation of 85% despite being on a respirator with 100% oxygen at 15 breaths/minute. On auscultation air entry is present bilaterally with the presence of crackles. A 2/6 systolic murmur is heard. Readings from a Swan-Ganz catheter display the following: central venous pressure (CVP): 4 mmHg, right ventricular pressure (RVP) 20/5 mmHg, pulmonary artery pressure (PAP): 20/5 mmHg. Pulmonary capillary wedge pressure (PCWP): 5 mm Hg. A chest x-ray is shown as Image A. The patient dies soon after this episode. What is the most likely direct cause of his death?

Options:
A: Diffuse alveolar damage
B: Ventricular septal defect
C: Myocardial free wall rupture
D: Papillary muscle rupture
E: Myocardial reinfarction",A,D,False,"The patient's history indicates a severe trauma with a large metal spike protruding from his abdomen, leading to a significant drop in blood pressure and an increased heart rate. The patient underwent surgery to remove the foreign body and control the bleeding, but experienced an acute drop in blood pressure during the procedure with noted ST elevations in multiple leads, which resolved with fluid resuscitation and blood transfusions.

On the third day in the ICU, the patient experiences an oxygen desaturation to 85% despite being on a respirator with 100% oxygen at 15 breaths/minute. Auscultation reveals air entry with crackles bilaterally and a 2/6 systolic murmur. The Swan-Ganz catheter readings show low CVP, RVP, and PAP, with a normal PCWP.

The low CVP, RVP, and PAP, along with the presence of crackles on auscultation and the systolic murmur, suggest the presence of a cardiac issue. The normal PCWP rules out left ventricular failure as the cause of the low blood pressures. The murmur could indicate a valvular issue, but in the context of recent trauma and surgery, it is more likely to be related to the heart's structure.

Option (A) Diffuse alveolar damage would be more consistent with acute respiratory distress syndrome (ARDS), which could be a result of the trauma and the patient's subsequent ICU course, but it does not explain the murmur or the low pressures.

Option (B) Ventricular septal defect could be a result of the trauma, leading to a murmur and potential for heart failure, but it would not typically cause the low pressures seen in the catheterization.

Option (C) Myocardial free wall rupture is a catastrophic event that can occur after a myocardial infarction, but there is no indication that the patient had a myocardial infarction prior to the trauma.

Option (D) Papillary muscle rupture would lead to severe mitral regurgitation, which could cause a systolic murmur and low blood pressures due to acute heart failure. This is a possible complication following chest trauma and is consistent with the findings.

Option (E) Myocardial reinfarction could cause ST elevations and a murmur due to papillary muscle rupture, but without the presence of chest pain or ECG changes indicative of ischemia, it is less likely to be the direct cause of death in this scenario.

Given the murmur, low pressures, and the acute nature of the event, papillary muscle rupture leading to severe mitral regurgitation seems most consistent with the findings. Therefore, the answer is (D) Papillary muscle rupture.",- Trauma is the leading cause of death in people aged 1-44 years.,cc-36.md,2.5349857807159424,2.5349857807159424,"What is the most likely cause of the patient's initial hypotension and tachycardia?
What is the most likely cause of the patient's third-day oxygen desaturation and crackles on auscultation?
What is the most likely cause of the patient's death?"
"A 13-year-old boy is brought to the emergency department by his mother because of a 6-hour history of severe eye pain and blurry vision. He wears soft contact lenses and has not removed them for 2 days. Ophthalmologic examination shows a deep corneal ulcer, severe conjunctival injection, and purulent discharge on the right. Treatment with topical ciprofloxacin is initiated. A culture of the ocular discharge is most likely to show which of the following?

Options:
A: Gram-negative, non-maltose fermenting diplococci
B: Gram-positive, bacitracin-sensitive cocci
C: Gram-negative, lactose-fermenting bacilli
D: Gram-negative, oxidase-positive bacilli
E: Gram-positive, optochin-sensitive diplococci
""",D,D,True,"First, let's summarize the available information:
- A 13-year-old boy has severe eye pain, blurry vision, a deep corneal ulcer, severe conjunctival injection, and purulent discharge.
- He wears soft contact lenses and has not removed them for 2 days.
- Treatment with topical ciprofloxacin has been initiated.

The clinical presentation is suggestive of a bacterial infection of the eye, likely a corneal ulcer. The use of soft contact lenses is a risk factor for certain types of bacterial infections.

Now, let's consider the options in relation to the clinical scenario:

A: Gram-negative, non-maltose fermenting diplococci - This description fits Neisseria gonorrhoeae, which is not typically associated with corneal ulcers in contact lens wearers.

B: Gram-positive, bacitracin-sensitive cocci - This description fits Streptococcus species, which are more commonly associated with pharyngitis and skin infections rather than corneal ulcers.

C: Gram-negative, lactose-fermenting bacilli - This description fits Escherichia coli, which is not commonly associated with corneal ulcers.

D: Gram-negative, oxidase-positive bacilli - This description fits Pseudomonas aeruginosa, which is a common pathogen in contact lens-associated keratitis.

E: Gram-positive, optochin-sensitive diplococci - This description fits Streptococcus pneumoniae, which is not typically associated with corneal ulcers.

Given the patient's history of contact lens wear and the clinical presentation, Pseudomonas aeruginosa is a likely pathogen. Pseudomonas is a Gram-negative, oxidase-positive bacillus and is known to cause corneal ulcers in contact lens wearers.

Therefore, the answer is (D) Gram-negative, oxidase-positive bacilli.","**Table 106.5: Microbiology of Bacterial Septic Arthritis Related to Patient**  
| PATIENTS | ORGANISMS |
|----------|-----------|
| Neonates and infants | Staphylococcus aureus, group B streptococcus, GNR bacteria |
| Children | Haemophilus influenzae, S. aureus |
| Adolescents and young adults | Neisseria gonorrhoeae, Chlamydia trachomatis |
| Older adults | S. aureus, Streptococcus, GNR bacteria |
| Sickle cell anemia | Salmonella |
| Injection drug abusers | Pseudomonas, S. aureus, GNR bacteria |  
GNR = Gram Negative Rod  
Acute nongonococcal septic arthritis in adults is caused most often by gram-positive organisms (75% to 90%).
---
- Streptococcus pneumoniae
- Neisseria meningitidis
- In immunocompromised patients, the spectrum of potential pathogens is much broader, and infectious disease consultation is warranted… and many others.",cc-137.md | cc-116.md,2.231750965118408,2.0558583736419678,"What is the most common cause of bacterial keratitis in contact lens wearers?
What organism is typically associated with bacterial keratitis in contact lens wearers?
What is the most common cause of bacterial keratitis in non-contact lens wearers?
What organism is typically associated with bacterial keratitis in non-contact lens wearers?
What is the most common cause of bacterial keratitis in pediatric patients?
What organism is typically associated with bacterial keratitis in pediatric patients?
What is the most common cause of bacterial keratitis in elderly patients?
What organism is typically associated with bacterial keratitis in elderly patients?
What is the most common cause of bacterial keratitis in immunocompromised patients?
What organism is typically associated with bacterial keratitis in immunocompromised patients?"
"A 62-year-old man presents to the emergency department with shortness of breath. The patient says he feels as if he is unable to take a deep breath. The patient has a past medical history of COPD and a 44-pack-year smoking history. The patient has been admitted before for a similar presentation. His temperature is 98.7°F (37.1°C), blood pressure is 177/118 mmHg, pulse is 123/min, respirations are 33/min, and oxygen saturation is 80% on room air. The patient is started on 100% oxygen, albuterol, ipratropium, magnesium, and prednisone. The patient claims he is still short of breath. Physical exam reveals bilateral wheezes and poor air movement. His oxygen saturation is 80%. Which of the following is the best next step in management?

Options:
A: BiPAP
B: Chest radiograph
C: Chest tube placement
D: Intubation
E: Needle decompression",A,A,True,"The patient presents with an acute exacerbation of COPD, as indicated by his history of COPD, smoking history, and symptoms of shortness of breath and inability to take a deep breath. His vital signs show tachycardia (pulse 123/min), tachypnea (respirations 33/min), and hypoxemia (oxygen saturation 80% on room air). The patient has been started on appropriate medications for an acute exacerbation of COPD, including bronchodilators (albuterol, ipratropium), magnesium, and corticosteroids (prednisone). Despite these treatments, the patient's symptoms and oxygen saturation have not improved.

The next step in management should focus on further respiratory support due to the patient's ongoing hypoxemia and respiratory distress. The options provided are:

A: BiPAP - Non-invasive positive pressure ventilation (NPPV) can be beneficial in acute exacerbations of COPD by decreasing the work of breathing and improving gas exchange.
B: Chest radiograph - This could be useful to rule out other causes of acute respiratory failure such as pneumonia, pneumothorax, or pulmonary edema, but it does not directly address the immediate need for respiratory support.
C: Chest tube placement - This would be indicated if there was a suspicion of a pneumothorax or pleural effusion causing respiratory compromise, but there is no information provided that suggests this is the case.
D: Intubation - Invasive mechanical ventilation may be necessary if the patient's condition does not improve with NPPV or if the patient is in imminent respiratory failure.
E: Needle decompression - This would be indicated if there was a suspicion of tension pneumothorax, but the patient's presentation does not specifically suggest this.

Given the patient's lack of improvement with initial treatments and ongoing hypoxemia, the next step would be to provide more advanced respiratory support. Since the patient has not responded to initial treatments and is still hypoxic, NPPV (BiPAP) is a reasonable next step before considering intubation. If the patient were to fail NPPV, then intubation would be the next appropriate step.

Therefore, the answer is (A) BiPAP.","Chronic Obstructive Pulmonary Disease (COPD) is characterized by progressive, non-reversible airflow limitation due to an abnormal inflammatory response to noxious particles or gases, often leading to respiratory failure and complications such as pulmonary hypertension and cor pulmonale. Acute exacerbations of COPD (AECOPD) are marked by sudden worsening of dyspnea, cough, and sputum production, often triggered by viral or bacterial infections. Management in the emergency department focuses on bronchodilators, corticosteroids, and, when indicated, antibiotics, particularly for patients with increased sputum purulence or those requiring mechanical ventilation. Non-invasive positive pressure ventilation (NIPPV) is beneficial unless contraindicated, and intubation is reserved for severe cases. Differential diagnoses for AECOPD include pneumonia, CHF, pneumothorax, and pulmonary embolism, with chest X-ray and ECG findings aiding in diagnosis.
---
The document provides a comprehensive overview of mechanical ventilation and noninvasive ventilatory support, emphasizing the importance of appropriate patient selection and management strategies. It discusses the use of BiPAP and CPAP, noting no significant outcome differences between them, and recommends initial settings of 10 cmH2O inspiratory and 5 cmH2O expiratory pressure for noninvasive positive pressure ventilation (NPPV). The document differentiates between pressure-controlled and volume-controlled ventilation, highlighting their respective clinical applications and potential complications, such as barotrauma and high lung pressures. It underscores the need for dynamic management of invasive mechanical ventilation, including regular blood gas analysis and monitoring for adverse hemodynamic effects. The Richmond Agitation Sedation Scale (RASS) is recommended for managing sedation in mechanically ventilated patients, with a target score of -2 to 0 to avoid over or under sedation. The document also
---
- Remember, deciding to intubate a patient should not be taken lightly. As was described earlier in the podcast, there are numerous physiologic consequences associated with the intubation process, so if we can obviate the need to tube, we should!
- Non-invasive positive pressure ventilation (NPPV) is an option that you can consider in several clinical circumstances. Simply put, NPPV is a means of providing ventilatory support to patients without having to intubate them. This is accomplished by providing delivering CSV using a sealed mask.
- There are two types of NPPV that are traditionally used in hospital. These are:
- CPAP - continuous positive airway pressure
- Provides continuous non-varying positive pressure during the entire respiratory cycle
- BL-PAP (BiPAP) - bilevel positive airway pressure
- Provides continuous varying positive airway pressure throughout the inspiratory and expiratory phases of the respiratory cycle
---
4. Invasive mechanical ventilation is not without consequence and requires dynamic, ongoing management. After intubation, blood gas analysis should be performed to confirm appropriate ventilation and provide correlation with noninvasive monitoring of oxyhemoglobin saturation and end-tidal carbon dioxide. In addition, positive pressure can have adverse hemodynamic consequences. Elevated lung pressures can be deleterious and plateau pressure should be maintained below 30 cm water whenever possible, but adjusting ventilator settings. Progressive elevation in ventilation pressures prompts consideration of ventilator circuit obstruction, obstruction at any point of the airway, increased bronchospasm, mainstem intubation, tension pneumothorax or hemothorax, increased chest wall resistance (from a constricting device or intrinsic chest wall) or rigidity (as from high doses of fentanyl). Suddenly reduced ventilation pressures are often accompanied by increasing hypoxemia and indicate ventilator circuit leak or
---
3. Noninvasive ventilatory support is often adequate for reversal of impending respiratory failure and should be considered as the first-line therapy for patients with exacerbations of chronic obstructive pulmonary disease and acute cardiogenic pulmonary edema in whom immediate intubation is not required. When non-invasive ventilation is attempted for patients with pneumonia, it should be abandoned in favor of intubation with mechanical positive-pressure ventilation unless the patient is clearly improving. Prolonged use of non-invasive ventilation that ultimately fails is associated with worse outcomes for patients than when intubation is undertaken earlier.",cc-74.md | cc-193.md,4.658177852630615,3.6352972984313965,"What is the best next step in management for a COPD patient with acute exacerbation and respiratory failure?
What are the indications for noninvasive positive pressure ventilation (BiPAP)?
When is invasive mechanical ventilation (intubation) indicated?"
"A 76-year-old man is brought to the physician by his wife because of low back pain and weakness for the past 4 weeks. He says that the pain is sharp, radiates to his left side, and has a burning quality. He has had a cough occasionally productive of blood-streaked sputum for the past 2 months. He has had 3.2-kg (7.0-lb) weight loss in that time. He is now unable to walk without assistance and has had constipation and difficulty urinating for the past 2 weeks. He has hypertension treated with enalapril. He has smoked 1 pack of cigarettes daily for 60 years. His temperature is 37°C (98.6°F), pulse is 75/min, and blood pressure is 150/80 mm Hg. He is oriented to person, place, and time. Neurologic examination shows 3/5 strength of the lower extremities. Deep tendon reflexes are hyperreflexive. Babinski sign is present bilaterally. Sensory examination shows decreased sensation to pinprick below the T4 dermatome. He is unable to lie recumbent due to severe pain. An x-ray of the chest shows multiple round opacities of varying sizes in both lungs. Which of the following is the most appropriate next step in the management of this patient?

Options:
A: Radiation therapy
B: Intravenous dexamethasone therapy
C: Intravenous acyclovir therapy
D: Intravenous ceftriaxone and azithromycin therapy
E: Oral ibuprofen therapy
""",B,B,True,"The patient is a 76-year-old man presenting with low back pain, weakness, sharp and radiating pain with a burning quality, cough with blood-streaked sputum, weight loss, inability to walk without assistance, constipation, difficulty urinating, and a history of hypertension treated with enalapril. He has a significant smoking history. His vital signs are relatively stable, and his neurologic examination reveals decreased strength in the lower extremities, hyperreflexive deep tendon reflexes, a positive Babinski sign, and decreased sensation to pinprick below the T4 dermatome. The chest x-ray shows multiple round opacities of varying sizes in both lungs.

The combination of the patient's symptoms, including neurological deficits, weight loss, and the presence of multiple round opacities in the lungs on x-ray, suggests a possible diagnosis of metastatic cancer, likely from the lung given his smoking history. The presence of blood-streaked sputum and weight loss further supports this. The next step in management should focus on addressing the underlying cause, which is likely malignancy.

Option A (Radiation therapy) could be considered for treatment of metastatic cancer, but it is not the immediate next step before a definitive diagnosis is made.

Option B (Intravenous dexamethasone therapy) is a corticosteroid used to reduce inflammation and could be used to treat spinal cord compression, which is a possible complication of metastatic cancer to the spine. Given the patient's neurological symptoms and the presence of spinal cord compression, this would be an appropriate immediate treatment to reduce symptoms and prevent further damage.

Option C (Intravenous acyclovir therapy) is an antiviral medication used to treat infections such as herpes simplex virus and varicella-zoster virus. There is no indication from the information provided that the patient has a viral infection.

Option D (Intravenous ceftriaxone and azithromycin therapy) is used to treat bacterial infections, such as community-acquired pneumonia. While the patient does have lung opacities, the clinical picture is more suggestive of malignancy than an infectious process.

Option E (Oral ibuprofen therapy) is a nonsteroidal anti-inflammatory drug (NSAID) used for pain relief. While it may help with the patient's pain, it does not address the underlying cause and is not the most appropriate next step.

Given the clinical presentation and the need for urgent treatment of potential spinal cord compression, the most appropriate next step in management is to administer a corticosteroid to reduce inflammation and pressure on the spinal cord.

Therefore, the answer is (B) Intravenous dexamethasone therapy.",,,0.0,0.0,"What is the most likely diagnosis for this patient?
What is the initial management for this condition?
Which additional test is needed to confirm the diagnosis?"
"Twelve hours after admission to the hospital because of a high-grade fever for 3 days, a 15-year-old boy has shortness of breath. During this period, he has had generalized malaise and a cough productive of moderate amounts of green sputum. For the past 10 days, he has had fever, a sore throat, and generalized aches; these symptoms initially improved, but worsened again over the past 5 days. His temperature is 38.7°C (101.7°F), pulse is 109/min, respirations are 27/min, and blood pressure is 100/70 mm Hg. Pulse oximetry on room air shows an oxygen saturation of 93%. There are decreased breath sounds and crackles heard over the upper right lung field. His hemoglobin concentration is 13.3 g/dL, leukocyte count is 15,000/mm3, and platelet count is 289,000/mm3. An x-ray of the chest shows a right upper-lobe infiltrate. Which of the following is the most likely cause of this patient's symptoms?

Options:
A: Streptococcus pneumoniae
B: Mycoplasma pneumoniae
C: Staphylococcus aureus
D: Chlamydophila pneumoniae
E: Haemophilus influenzae",A,A,True,"The patient is a 15-year-old boy with a high-grade fever for 3 days, shortness of breath, generalized malaise, cough productive of green sputum, and a history of fever, sore throat, and generalized aches that initially improved but then worsened. His vital signs indicate a fever, tachycardia, tachypnea, and mild hypotension. His oxygen saturation is slightly low at 93%. The physical examination reveals decreased breath sounds and crackles over the upper right lung field, and a chest x-ray shows a right upper-lobe infiltrate.

Based on the clinical presentation and the chest x-ray findings, the patient likely has pneumonia. The presence of green sputum may suggest a bacterial etiology, and the right upper-lobe infiltrate is consistent with this.

Now, let's consider the possible causes:

A: Streptococcus pneumoniae - This is a common cause of community-acquired pneumonia (CAP) and typically presents with a lobar consolidation on chest x-ray. It can cause severe cases of pneumonia, especially in children and the elderly.

B: Mycoplasma pneumoniae - This is a common cause of atypical pneumonia, particularly in school-aged children and young adults. It often presents with a more gradual onset of symptoms and may not show lobar consolidation on chest x-ray.

C: Staphylococcus aureus - This can cause pneumonia, typically after a viral upper respiratory infection. It is more common in patients with influenza and can lead to severe pneumonia, often with abscess formation.

D: Chlamydophila pneumoniae - This is another cause of atypical pneumonia and is more common in school-aged children and young adults. It usually presents with a more gradual onset of symptoms and may not show lobar consolidation on chest x-ray.

E: Haemophilus influenzae - This bacterium can cause pneumonia, particularly in patients with chronic obstructive pulmonary disease (COPD) or those who are immunocompromised.

Given the patient's age and the presence of lobar consolidation on the chest x-ray, the most likely cause of his symptoms is Streptococcus pneumoniae. Therefore, the answer is (A) Streptococcus pneumoniae.","- The organism is not definitively identified in most pneumonia cases, so the true incidence of the specific causative agent is unknown.
- Overall, viral agents cause 60% to 90% of pneumonias and are more common in younger children.
- Vaccination is decreasing the incidence of pneumococcal pneumonia and H. influenzae:
- Prevnar 13 is recommended for the primary series at 2, 4, and 6 months of age, with a fourth booster dose given at 12 to 15 months of age. Clinical trials have suggested 85% protection against serotype-specific cases of pneumococcal pneumonia.
---
Pediatric community-acquired pneumonia (CAP) is a common condition characterized by lung infection in children, often caused by viral pathogens, particularly in preschool-aged children. Clinically, it is significant due to its prevalence and the potential for morbidity, though most cases in young children do not require antibiotics. High-quality evidence suggests that chest X-rays are unnecessary for outpatient management of CAP. For school-aged children, antibiotics are recommended, with treatment duration traditionally set at 10 days, though recent studies indicate that a 5-day course of amoxicillin may be equally effective for mild cases. The Infectious Diseases Society of America (IDSA) guidelines recommend that antibiotic duration should be based on clinical stability, with a minimum of 5 days of treatment. These guidelines are supported by moderate-quality evidence and are consistent with recommendations for adult CAP management under specific conditions.
---
- Occurs in immunocompromised hosts, principally people with immune deficiency syndrome (AIDS) or malignancy. Pneumocystis jiroveci (previously known as Pneumocystis carinii) is one of the most common infections leading to a diagnosis of HIV infection and AIDS.
- Patients with pulmonary complaints should be questioned about HIV risk factors, and clinicians should search for signs of HIV-related immunosuppression, such as weight loss, lymphadenopathy, and oral thrush.
- Presentation: PCP typically manifests subacutely with fatigue, exertional dyspnea, nonproductive cough, pleuritic chest pain, and fever.
- Treatment: Septra.
---
Community-acquired pneumonia (CAP) is a prevalent condition leading to numerous emergency department visits and hospital admissions. It necessitates the use of clinical decision tools, such as the PORT score or pneumonia severity index (PSI), to assess illness severity and guide treatment location and duration. These tools help stratify patients for outpatient or inpatient management based on factors like age, sex, and vital signs. The choice of empiric antibiotics for CAP remains contentious due to rising antimicrobial resistance, exemplified by the increase in macrolide-resistant Streptococcus pneumoniae in Canada from 3.7% to 19.0% between 1995 and 2005, primarily driven by antibiotic overuse and misuse.
---
- **Typical ones:**
- Streptococcus pneumoniae (very virulent)
- Haemophilus influenzae
- Staphylococcus aureus
- CA MRSA can commonly be associated with influenzae
- IVDU’s
- Look for the cavitation, and necrosis on the CXR
- **Atypicals:**
- Legionella
- Mycoplasma
- Chlamydophila
- **Virals:**
- Influenzae
- Parainfluenza  
Usually named Community acquired (CAP) vs Healthcare associated pneumonia (HCAP), or Ventilator associated Pneumonia (VAP).  
1. Hospitalization for 2 or more days in an acute care facility within 90 days of infection;
2. Attendance at a hemodialysis clinic; and
3. Intravenous antibiotic therapy, chemotherapy, or wound care within 30 days of infection.  
HCAP is associated with a greater likelihood of resistant pathogens such as Pseudomonas and MRSA, and mortality is higher than that for CAP.
---
- Can progress to a pleurocutaneous fistula or extension to adjacent areas
7. Airway tuberculosis
- Due to a pocket of TB spontaneously draining - this pus spreads throughout the bronchial tree and causes endobronchial TB. Progresses to bronchial stenosis, bronchiectasis, lymphatic dissemination, lobar collapse, obstructive pneumonia. Can lead to tracheal and laryngeal TB.
8. Primary tuberculosis pericarditis
- Due to direct spread of infection from any infected structure - lungs, bone, lymph nodes
- Can occur due to hematogenous spread or miliary TB
- Common in HIV infected patients
- At risk for progression and tamponade  
Or put another way:  
- Hemoptysis
- Pneumothorax
- Bronchiectasis
- Broncholithiasis
- Extensive pulmonary destruction
- Septic shock
- Malignancy
- Venous thromboembolism
- Chronic pulmonary aspergillosis
---
- Most common causes: falls, MVCs
- Leading cause of death for people < 25 yrs old
- There may be no external indicators on someone with a serious TBI",cc-135.md | cc-41.md | sgem-120.md | sgem-338.md | cc-167.md | cc-76.md,4.103086948394775,2.3877532482147217,"What is the most common cause of pneumonia in previously healthy children and adolescents?
What is the most common cause of pneumonia in adults?
What is the most common cause of pneumonia in patients with underlying structural lung disease?
What is the most common cause of pneumonia in patients with HIV/AIDS?
What is the most common cause of pneumonia in patients with community-acquired methicillin-resistant Staphylococcus aureus (MRSA) bacteremia?
What is the most common cause of pneumonia in patients with healthcare-associated MRSA bacteremia?
What is the most common cause of pneumonia in patients with aspiration pneumonia?
What is the most common cause of pneumonia in patients with tuberculosis?
What is the most common cause of pneumonia in patients with rheumatic fever?
What is the most common cause of pneumonia in patients with bronchiectasis?
What is the most common cause of pneumonia in patients with cystic fibrosis?
What is the most common cause of pneumonia in patients with bronchiolitis obliterans organizing pneumonia (BOOP)?
What is the most common cause of pneumonia in patients with hypersensitivity pneumonitis?
What is the most common cause of pneumonia in patients with sarcoidosis?
What is the most common cause of pneumonia in patients with rheumatoid arthritis?
What is the most common cause of pneumonia in patients with systemic lupus erythematosus (SLE)?
What is the most common cause of pneumonia in patients with Goodpasture syndrome?
What is the most common cause of pneumonia in patients with mixed connective tissue disease (MCTD)?
What is the most common cause of pneumonia in patients with dermatomyositis?
What is the most common cause of pneumonia in patients with polymyositis?
What is the most common cause of pneumonia in patients with giant cell arteritis?
What is the most common cause of pneumonia in patients with temporal arteritis?
What is the most common cause of pneumonia in patients with Raynaud phenomenon?
What is the most common cause of pneumonia in patients with systemic sclerosis?
What is the most common cause of pneumonia in patients with CREST syndrome?
What is the most common cause of pneumonia in patients with scleroderma?
What is the most common cause of pneumonia in patients with polymyalgia rheumatica?
What is the most common cause of pneumonia in patients with giant cell arteritis?
What is the most common cause of pneumonia in patients with polymyositis?
What is the most common cause of pneumonia in patients with dermatomyositis?
What is the most common cause of pneumonia in patients with giant cell arteritis?
What is the most common cause of pneumonia in patients with temporal arteritis?
What is the most common cause of pneumonia in patients with Raynaud phenomenon?
What is the most common cause of pneumonia in patients with systemic sclerosis?
What is the most common cause of pneumonia in patients with CREST syndrome?
What is the most common cause of pneumonia in patients with scleroderma?
What is the most common cause of pneumonia in patients with polymyalgia rheumatica?
What is the most common cause of pneumonia in patients with giant cell arteritis?
What is the most common cause of pneumonia in patients with polymyalgia rheumatica?
What is the most common cause of pneumonia in patients with giant cell arteritis?
What is the most common cause of"
"An 8-year-old girl presents to the emergency department with respiratory distress, facial edema, and a skin rash after eating a buffet dinner with her family. She was born at 39 weeks via spontaneous vaginal delivery, has met all developmental milestones and is fully vaccinated. Past medical history is significant for mild allergies to pet dander and ragweed, as well as a severe peanut allergy. She also has asthma. She normally carries both an emergency inhaler and EpiPen but forgot them today. Family history is noncontributory. The vital signs include: blood pressure 112/87 mm Hg, heart rate 111/min, respiratory rate 25/min, and temperature 37.2°C (99.0°F). On physical examination, the patient has severe edema over her face and an audible stridor in both lungs. Of the following options, which is the most appropriate next step in the management of this patient?

Options:
A: IM epinephrine
B: oral diphenhydramine
C: IV epinephrine
D: extra-strength topical diphenhydramine
E: inhaled sodium cromolyn - mast cell stabilizer",A,A,True,"The patient is an 8-year-old girl with a history of severe peanut allergy and asthma who presents with respiratory distress, facial edema, and a skin rash after eating a meal. These symptoms are suggestive of anaphylaxis, especially given her history of severe allergies and the fact that she forgot her emergency medications. Anaphylaxis is a life-threatening allergic reaction that requires immediate treatment.

The vital signs show tachycardia (heart rate of 111/min) and tachypnea (respiratory rate of 25/min), which are consistent with anaphylaxis. The presence of severe edema over her face and stridor indicates upper airway swelling, which is a medical emergency.

The most appropriate next step in the management of anaphylaxis is to administer epinephrine. The route of administration should be intramuscular (IM) because it provides rapid absorption and has been shown to be effective in treating anaphylaxis.

Option A: IM epinephrine is the correct choice for immediate treatment of anaphylaxis.
Option B: oral diphenhydramine is an antihistamine, which may be used as adjunctive therapy in anaphylaxis but is not the first-line treatment.
Option C: IV epinephrine is not the standard initial treatment for anaphylaxis; IM administration is preferred.
Option D: extra-strength topical diphenhydramine would not be effective for systemic anaphylaxis.
Option E: inhaled sodium cromolyn is a mast cell stabilizer used for prophylaxis of asthma, not for acute anaphylaxis.

Therefore, the answer is (A) IM epinephrine.","You recommend ibuprofen 400mg as a first line agent and try to set reasonable expectations.
---
You recommend an oral dose of ibuprofen 400mg as a first-line agent and try to set reasonable expectations.",sgem-304.md | sgem-366.md,5.365566253662109,5.171267509460449,"What is the most likely diagnosis for this patient?
What is the initial management for this condition?
Which medication is the first-line treatment for this condition?
What is the preferred route of administration for this medication?
Which medication is used for maintenance therapy in this condition?"
"A 35-year-old man presents to the emergency room due to shortness of breath that started an hour ago while playing football with some friends. He has had similar episodes in the past when he also had to be rushed to the hospital. Physical examination shows body temperature is 37.2°C (98.9°F), pulse rate is 100/min, respiratory rate is 28/min and blood pressure is 110/60 mm Hg. Also, it shows decreased breath sounds on both sides, the peak expiratory flow rate is 200 L/min and SpO2 is 89% on room air. The man is given an initial treatment with nebulization using an inhaled short-acting β-agonist. An arterial blood gas analysis shows the following:
pH 7.48
PaO2 59 mm Hg
PaCO2 26 mm Hg
HCO3- 26 mEq/L
After administering oxygen by mask, the man’s PaO2 increases to 75 mm Hg. Which of the following is the most likely cause of this patient’s condition?

Options:
A: Asthma attack
B: Carbon monoxide (CO) poisoning
C: Atelectasis
D: Neuromuscular disease
E: Acute respiratory distress syndrome (ARDS)",A,A,True,"First, let's summarize the available information:
- A 35-year-old man presents with shortness of breath during physical activity.
- He has had similar episodes in the past.
- Physical examination: body temperature is normal, pulse rate is slightly elevated, respiratory rate is increased, blood pressure is within normal range.
- Decreased breath sounds on both sides, peak expiratory flow rate is reduced, and SpO2 is low on room air.
- The patient was treated with a nebulized short-acting β-agonist.
- Arterial blood gas analysis shows: pH 7.48 (normal), PaO2 59 mm Hg (low), PaCO2 26 mm Hg (normal), HCO3- 26 mEq/L (normal).
- After oxygen therapy, PaO2 increases to 75 mm Hg.

The normal pH and PaCO2 suggest that the primary problem is not respiratory acidosis or alkalosis. The normal HCO3- indicates that there is no metabolic compensation. The low PaO2 that improves with oxygen therapy indicates a problem with oxygenation, rather than ventilation.

Now, let's evaluate the options:
A: Asthma attack - Asthma can cause shortness of breath and decreased breath sounds. The response to a short-acting β-agonist supports this diagnosis. Asthma can also lead to decreased oxygenation, but typically not to normal pH and PaCO2.
B: Carbon monoxide (CO) poisoning - CO poisoning can lead to decreased oxygenation, but it would not typically cause decreased breath sounds or be triggered by physical activity.
C: Atelectasis - Atelectasis can cause decreased breath sounds and decreased oxygenation, but it is usually localized and would not typically cause systemic effects like the ones seen in this patient.
D: Neuromuscular disease - Neuromuscular diseases can cause respiratory issues, but the patient's symptoms are episodic and triggered by physical activity, which is not typical for neuromuscular diseases.
E: Acute respiratory distress syndrome (ARDS) - ARDS can cause shortness of breath and decreased oxygenation, but it is usually associated with a known precipitating factor like sepsis, trauma, or pneumonia, and it would likely cause abnormal pH and PaCO2 due to severe respiratory distress.

Considering the episodic nature of the symptoms, the improvement with a β-agonist, and the lack of metabolic compensation, the most likely cause of this patient's condition is asthma.

Therefore, the answer is (A) Asthma attack.","Respiratory acidosis occurs when hypoventilation leads to an inappropriately elevated Paco2 and resulting acidemia. Any condition that reduces minute ventilation may cause respiratory acidosis.  
- Acute
- Airway obstruction
- Pulmonary disease (pneumonia, asthma, pulmonary edema, aspiration pneumonitis)
- CNS depression (recreational drugs, intracranial catastrophe, neuromuscular disorders, thoracic trauma)
- Chronic
- Lung disease (COPD, IPF)
- Neuromuscular disorders (ALS, muscular dystrophy, obesity hypoventilation)",cc-124.md,5.4800124168396,5.4800124168396,"What is the most likely cause of this patient's recurrent shortness of breath episodes?
What is the most likely cause of this patient's respiratory acidosis?
What is the most likely cause of this patient's hypoxemia?
What is the most likely cause of this patient's hypercapnia?
What is the most likely cause of this patient's respiratory alkalosis?"
"A 48-year-old homeless male is brought to the emergency department, by the police, for altered mental status. Past medical records are unavailable. A physical exam on admission reveals scleral icterus and a flapping tremor of the wrists during extension. The patient is admitted to the hospital and his treatment is started after appropriate investigation. The next morning on rounds, he complains of eleven episodes of diarrhea and near-constant flatulence overnight. His mental status has improved and his hand tremor has resolved. Which of the following medications did this patient most likely receive after admission?

Options:
A: Thiamine
B: Lactulose
C: Naloxone
D: Loperamide
E: Rifaximin",B,B,True,"The patient presented with altered mental status, scleral icterus, and a flapping tremor of the wrists, which are signs consistent with Wernicke's encephalopathy, a condition often seen in individuals with alcohol use disorder. Wernicke's encephalopathy is caused by a deficiency of thiamine (vitamin B1). The treatment for Wernicke's encephalopathy is thiamine replacement.

The improvement in the patient's mental status and resolution of the hand tremor after admission suggests that the treatment he received was effective. Given that he was also experiencing diarrhea and flatulence, it is possible that he was given a medication to help with these gastrointestinal symptoms.

Among the options provided:

A: Thiamine is the correct treatment for Wernicke's encephalopathy, but it would not typically cause diarrhea and flatulence.
B: Lactulose is a medication used to treat constipation and hepatic encephalopathy, and it can cause diarrhea.
C: Naloxone is an opioid antagonist and would not be indicated in this scenario.
D: Loperamide is an anti-diarrheal medication, which would not typically cause diarrhea.
E: Rifaximin is an antibiotic that is sometimes used to reduce the recurrence of hepatic encephalopathy, but it is not commonly associated with causing diarrhea.

Given that the patient's mental status improved and the hand tremor resolved, which indicates successful treatment of Wernicke's encephalopathy, and considering the new symptoms of diarrhea and flatulence, it is likely that the patient was given lactulose for the gastrointestinal symptoms. Lactulose can indeed cause diarrhea, which aligns with the patient's complaints.

Therefore, the answer is (B) Lactulose.",,,0.0,0.0,"What condition is characterized by altered mental status, scleral icterus, and a flapping tremor of the wrists?
What treatment is indicated for this condition?
Which medication can cause diarrhea and flatulence as side effects?"
"A 67-year-old man is brought to the emergency department with sudden onset of slurred speech. The patient’s eldest daughter says that he couldn’t move his arm during the episode. Past medical history is significant for hypertension and a hemorrhagic stroke 6 years ago, which was treated surgically. After admission, the patient gets increasingly worse and loses consciousness. A noncontrast CT of the head shows a subarachnoid hemorrhage (SAH). The patient is taken to the operating room, where the SAH evacuated, and the vessel is repaired. Postoperatively, the patient is unresponsive. Several days later, a repeat CT of the head shows an enlarging aneurysm in a different vessel in the brain. The patient’s daughter is asked to consent to a non-emergent, life-saving operation since the patient is in a comatose state. She does not consent to the operation even though the physician stresses it would be life-saving. Upon further discussion, the physician finds out that the patient was abusive and neglectful to his children, and the daughter wants “to live in peace.” The patient has no written advanced directive. Which of the following is the most appropriate course of action?

Options:
A: Follow the daughter’s wishes to withhold the operation
B: Refer this case to the court
C: Contact another family member for consent
D: Perform the surgery without consent
E: Report the daughter to the police",C,B,False,"The patient is in a comatose state and unable to provide consent for medical procedures. The daughter, who is the legal surrogate decision-maker in the absence of an advanced directive, is refusing to consent to a life-saving operation. The physician has stressed that the operation is life-saving, which implies that the patient's life is in danger without it. 

In such a situation, the physician must consider the best interest of the patient. The patient's history of abuse and neglect may influence the daughter's decision, but it does not negate the physician's duty to act in the patient's best interest. Since the patient is in a comatose state and there is no advanced directive, the physician cannot ethically perform the surgery without consent, as this would be coercive and against the patient's autonomy. Reporting the daughter to the police is not appropriate as this does not address the immediate medical concern for the patient.

Referring the case to the court (option B) is the most appropriate course of action when there is a dispute about the management of a patient who is incapacitated and there is no advanced directive. The court can then weigh the options and make a decision that is in the best interest of the patient, potentially overriding the daughter's wishes if it is determined that the operation is indeed life-saving and in the patient's best interest.

Therefore, the answer is (B) Refer this case to the court.",,,0.0,0.0,"What are the ethical principles that guide medical decision-making when a patient is incapacitated and there is no advanced directive?
What is the role of family members in medical decision-making for an incapacitated patient without an advanced directive?
What are the legal options when a patient's family refuses life-saving treatment for an incapacitated patient?"
"A 56-year-old man is brought to the emergency room after a motor vehicle accident. The patient’s vitals are as follows: blood pressure 80/40 mm Hg, heart rate 111/min, respiratory rate 39/min, and temperature 37.1°C (98.8℉). On physical examination, the patient is unconscious with a GCS of 9/15 and is cyanotic. There are open fractures of the left femur and left tibia, a likely shoulder dislocation, multiple contusions on the limbs and thorax, and a puncture wound on the left side of his chest. There are no breath sounds on the left side and there is hyperresonance to percussion on the left. Preparations are made for an emergency needle thoracostomy to be performed to treat this patient’s likely tension pneumothorax. Which one of the following is the best choice to provide informed consent for this procedure?

Options:
A: The patient’s closest relatives (spouse, child or parent), who must be brought to the hospital as fast as possible
B: One of the witnesses at the scene of the car accident, who should be brought to the hospital as fast as possible
C: The hospital ethics committee
D: Informed consent is not needed in this case
E: The hospital lawyer should immediately give temporary medical power of attorney to a member of the hospital ethics committee who will make all the medical decisions for the patient only until the patient is conscious again.",D,A,False,"The patient is unconscious with a Glasgow Coma Scale (GCS) of 9/15, indicating a severe injury and impaired consciousness. The patient is also cyanotic, which suggests inadequate oxygenation. The physical examination findings of no breath sounds on the left side and hyperresonance to percussion indicate a tension pneumothorax, a life-threatening condition that requires immediate intervention. An emergency needle thoracostomy (chest tube insertion) is indicated to treat the tension pneumothorax.

In an emergency situation where the patient is unable to provide consent due to unconsciousness and there is no time to wait for the patient to regain consciousness or for complex ethical considerations, the next of kin or a legally authorized representative should be contacted immediately to obtain consent on behalf of the patient. This is typically a family member, such as a spouse, child, or parent.

Option A, ""The patient’s closest relatives (spouse, child or parent), who must be brought to the hospital as fast as possible,"" is the most appropriate choice to provide informed consent for the emergency procedure, as they are the individuals who are legally authorized to give consent for the patient when the patient is incapacitated and unable to provide it themselves.

Option B, ""One of the witnesses at the scene of the car accident, who should be brought to the hospital as fast as possible,"" is not the best choice because while a witness may have the authority to consent for minor medical procedures, in an emergency situation like this where a life-threatening procedure is being performed, the closest family member should be contacted.

Option C, ""The hospital ethics committee,"" is not the correct choice because the ethics committee does not provide immediate consent for emergency procedures.

Option D, ""Informed consent is not needed in this case,"" is incorrect because informed consent is required for any medical procedure, even in emergency situations, unless the procedure is absolutely life-saving and there is no time to obtain consent.

Option E, ""The hospital lawyer should immediately give temporary medical power of attorney to a member of the hospital ethics committee who will make all the medical decisions for the patient only until the patient is conscious again,"" is not the correct process. While temporary medical power of attorney may be considered in some cases, it is not the standard procedure in an emergency situation, and the ethics committee is not the appropriate body to grant this authority.

Therefore, the answer is (A) The patient’s closest relatives (spouse, child or parent), who must be brought to the hospital as fast as possible.",,,0.0,0.0,"What is the legal definition of informed consent?
In an emergency situation where the patient is unconscious and unable to provide consent, who has the authority to give consent on behalf of the patient?
What are the ethical and legal considerations for obtaining consent in an emergency life-threatening situation?"
"A 95-year-old woman who is a resident at a long term care facility, got up from her chair, tripped on a rug, and fell on her right knee. She could not get up without assistance and complained of severe pain in her right hip and buttock. The nurse who evaluated her tried to stand her up, but when the patient tried to stand on her right leg, she dropped her left hip and lost her balance. The nurse then recognized that her patient had a foreshortened right leg fixed in the adducted position and a large swelling in her right buttock. At the receiving hospital, the patient was confused and, though she knew her name, she couldn’t remember the date and insists to leave the hospital immediately to see her family. Past medical history includes diabetes, congestive heart failure, and incontinence. She is currently taking metformin, lisinopril, hydrochlorothiazide, metoprolol, and oxybutynin. Physical exam confirmed the nurse’s findings. Radiographs proved the presence of a right posterior hip dislocation without fractures. What medication is most likely associated with this patient’s confusion?

Options:
A: Metformin
B: Oxybutynin
C: Metoprolol
D: Lisinopril
E: Hydrochlorothiazide",B,B,True,"The patient is a 95-year-old woman who has had a fall and is now presenting with confusion. Her past medical history includes diabetes, congestive heart failure, and incontinence. The medications she is taking include metformin (for diabetes), lisinopril (for heart failure), hydrochlorothiazide (for blood pressure control), metoprolol (also for blood pressure and heart rate control), oxybutynin (for incontinence), and she is also on a medication that is not listed but is likely an analgesic or muscle relaxant given for her hip dislocation.

Confusion in the elderly can be caused by a variety of factors, including medication side effects, infections, metabolic disturbances, or injury. In this case, we are looking for a medication that could be associated with confusion.

Metformin is primarily used for diabetes and does not typically cause confusion. Lisinopril is an ACE inhibitor used for heart failure and hypertension, and while it can cause dizziness or hypotension, it is not commonly associated with confusion. Hydrochlorothiazide is a diuretic that can cause electrolyte imbalances leading to confusion, but it is less likely to be the cause in this scenario.

Metoprolol is a beta-blocker used for hypertension and heart rate control, and while it can cause fatigue or dizziness, it is not typically associated with confusion.

Oxybutynin is an anticholinergic medication used for incontinence. Anticholinergic medications are known to cross the blood-brain barrier and can cause confusion, especially in the elderly due to their increased blood-brain barrier permeability and sensitivity to anticholinergic side effects.

Given the patient's age, the presence of anticholinergic side effects (such as confusion), and the medication list, oxybutynin is the most likely cause of her confusion.

Therefore, the answer is (B) Oxybutynin.",,,0.0,0.0,"What is the classic presentation of a hip dislocation?
What medications are associated with confusion in the elderly?
Which medication is known to cause confusion and cognitive impairment in the elderly?"
"A 21-year-old woman presents to the emergency room with right arm pain and limited range of motion. She does not recall trauma to the arm. She also complains of diarrhea and nausea. She is sexually active with one male partner and admits to having pain during intercourse. There is vague and diffuse tenderness to palpation in all four abdominal quadrants. No erythema or edema is noted on the right arm. The fecal occult test is negative. Past records show that this patient has been in the ER 7 times in the past year with similar symptoms. Which of the following is the most likely diagnosis?

Options:
A: Ulcerative colitis
B: Illness anxiety disorder
C: Somatization disorder
D: Somatoform pain disorder
E: Conversion disorder",C,C,True,"First, let's summarize the available information:
- A 21-year-old woman presents with right arm pain and limited range of motion without recall of trauma.
- She also complains of diarrhea and nausea.
- She experiences pain during intercourse.
- There is diffuse tenderness in the abdomen with no signs of erythema or edema in the arm.
- She has a history of multiple ER visits with similar symptoms.
- The fecal occult blood test is negative, which may rule out gastrointestinal bleeding.

Now, let's consider the options in the context of the information provided:

A: Ulcerative colitis - This condition could explain diarrhea and abdominal pain, but it does not typically cause somatic symptoms like pain without trauma or pain during intercourse.

B: Illness anxiety disorder - This disorder is characterized by excessive worry about having a serious illness. While the patient does exhibit some health-related anxiety, her physical symptoms are more pervasive and not fully explained by anxiety.

C: Somatization disorder - This disorder is part of the somatic symptom disorders and is characterized by multiple physical complaints without a clear medical cause. It often includes pain, gastrointestinal issues, and sexual symptoms, which aligns with the patient's presentation.

D: Somatoform pain disorder - This disorder is characterized by pain that is not fully explained by a medical condition, substance use, or another mental disorder. The pain is not intentionally produced or feigned, and it leads to significant distress or impairment.

E: Conversion disorder - This disorder involves neurological symptoms, such as numbness, paralysis, or other nerve function deficits, that are not consistent with medical or neurological conditions. The patient's symptoms do not fit this pattern.

Based on the information provided and the diagnostic criteria for these disorders, the patient's presentation is most consistent with somatization disorder (C), which is part of the somatic symptom disorders. This disorder is characterized by multiple physical symptoms that cannot be fully explained by a medical condition, including pain, gastrointestinal complaints, and sexual symptoms, all of which the patient exhibits.

Therefore, the answer is (C) Somatization disorder.","Somatoform disorders, now termed somatic symptom disorders (SSDs), represent a challenging intersection of psychiatry and medicine, characterized by patients presenting with multiple physical symptoms without detectable physical disease, leading to significant distress and social dysfunction. Key disorders in this category include somatic symptom disorder, illness anxiety disorder, functional neurological symptom disorder, factitious disorder, and psychological factors affecting other medical conditions. Diagnosis hinges on the presence of persistent, clinically significant physical complaints accompanied by excessive health-related thoughts and behaviors. Management focuses on validating the patient's experience, minimizing unnecessary diagnostic testing, and fostering a therapeutic alliance to address functional impairments. Differential diagnoses include major depressive disorder, anxiety disorders, and various organic diseases such as multiple sclerosis and systemic lupus erythematosus, necessitating a
---
“Somatic symptom disorders (SSDs), formerly known as somatoform disorders, are described as the borderland between psychiatry and medicine and are responsible for some of the most frustrating and the least understood patient encounters in the emergency department (ED).  
SSD patients present with multiple physical symptoms in the absence of detectable physical disease, and harbor excessive health concerns that are expressed emotionally, cognitively, and behaviorally.  
These patients perceive a wide range of severe symptoms including pain, gastrointestinal, cardiovascular, sexual, and pseudo-neurological symptoms, which cause inappropriate and persistent worry, distress, and social dysfunction.” - Rosen’s 9th Edition, Chapter 103  
The major diagnosis in this diagnostic class, of which SSD is the most prominent, hinges on the existence of the patient’s distinctive abnormal thoughts, feelings, and behaviors in response to somatic symptoms.",cc-113.md,2.656229019165039,2.261587142944336,"What is the most likely diagnosis in a young woman with chronic, recurrent abdominal pain without an identifiable organic cause?
What is the most likely diagnosis in a young woman with chronic, recurrent somatic symptoms and multiple medical complaints without an identifiable organic cause?
What is the most likely diagnosis in a young woman with chronic, recurrent somatic symptoms, multiple medical complaints, and psychological stressors without an identifiable organic cause?"
"A 32-year-old woman comes to the emergency department because a 5-week history of abdominal pain and bloody diarrhea that has worsened in the past 24 hours. She was diagnosed with ulcerative colitis 1 year ago but has had difficulty complying with her drug regimen. Her temperature is 38.2°C (100.8°F), pulse is 120/min, and blood pressure is 92/56 mm Hg. Examination shows a distended, rigid abdomen and hypoactive bowel sounds. Fluid resuscitation is initiated. In addition to complete bowel rest, which of the following is the most appropriate next step in management of this patient?

Options:
A: Double-contrast barium enema
B: Abdominal CT scan with contrast
C: CT angiography
D: Abdominal x-ray
E: Colonoscopy",D,B,False,"The patient presents with a history of ulcerative colitis, abdominal pain, bloody diarrhea, fever, tachycardia, and hypotension, along with a distended, rigid abdomen and hypoactive bowel sounds. These symptoms are suggestive of a severe complication of ulcerative colitis, such as toxic megacolon or possible perforation.

A double-contrast barium enema (A) is not appropriate in this setting because it can exacerbate the condition if there is a perforation or severe distension.

An abdominal CT scan with contrast (B) is a good choice for evaluating the severity of colitis, identifying complications such as toxic megacolon or perforation, and assessing for abscesses or other complications.

CT angiography (C) is typically used to evaluate vascular complications such as ischemic colitis, but there is no indication of ischemia in this case (e.g., no mention of a sudden onset of pain or risk factors for mesenteric ischemia).

An abdominal x-ray (D) can be useful in the initial assessment, especially to look for signs of perforation (free air), but it is less informative than a CT scan for evaluating the severity of colitis and associated complications.

Colonoscopy (E) is generally avoided in the acute setting, especially if there is a concern for severe colitis or perforation, as it can worsen the condition.

Given the clinical presentation and the need to quickly assess for complications that could be life-threatening, such as perforation or toxic megacolon, a CT scan of the abdomen and pelvis with contrast is the most appropriate next step in management. Therefore, the answer is (B) Abdominal CT scan with contrast.",,,0.0,0.0,"What is the most common cause of bloody diarrhea in a patient with a history of ulcerative colitis?
What are the indications for a double-contrast barium enema in this clinical scenario?
What is the most appropriate next step in management after fluid resuscitation for a patient with suspected acute severe ulcerative colitis?"
"A 55-year-old man recovering from knee replacement surgery complains of breathlessness in the postoperative ward. He has been confined to bed for the past 5 days and is under observation. He felt a sudden difficulty in breathing and called for the ward nurse. He says that he is unable to take deep breaths and has a sharp pain on the right side of his chest with each inspiration. His temperature is 37.5°C (99.8°F), the pulse is 111/min, the respirations are 31/min, and the blood pressure is 85/55 mm Hg. He experiences pain in his right calf on dorsiflexion. There are no other prominent findings on physical examination. His chest X-ray does not show anything significant. The ECG reveals sinus tachycardia. Which of the following is the best course of management at this time?

Options:
A: Subcutaneous fondaparinux
B: CT scan
C: Inferior vena cava filter
D: Ventilation-perfusion scan
E: Lower extremity doppler",A,B,False,"First, let's summarize the available information:
- 55-year-old man
- Recovering from knee replacement surgery
- Complains of breathlessness in the postoperative ward
- Confined to bed for the past 5 days
- Sudden onset of difficulty breathing, sharp chest pain on inspiration
- Temperature is slightly elevated, tachycardia, tachypnea, hypotension
- Pain in right calf on dorsiflexion
- No significant findings on chest X-ray
- ECG shows sinus tachycardia

The patient's symptoms and clinical findings suggest a possible pulmonary embolism (PE), which is a common complication following surgery due to prolonged immobilization. The presence of right calf pain on dorsiflexion (a positive Homan's sign) further raises suspicion for PE. The absence of findings on chest X-ray and the presence of sinus tachycardia on ECG support this suspicion.

Now, let's evaluate the options:

A: Subcutaneous fondaparinux is an anticoagulant used for the prevention of deep vein thrombosis (DVT) and PE, but it is not the treatment of choice for an acute PE.

B: CT scan, specifically a CT pulmonary angiogram, is the diagnostic test of choice for suspected PE.

C: Inferior vena cava filter is a treatment option for patients with PE who cannot be anticoagulated or have contraindications to anticoagulation.

D: Ventilation-perfusion scan is used in the diagnosis of PE, but it is typically used when a patient cannot undergo a CT scan, such as due to allergy to contrast material or renal insufficiency.

E: Lower extremity doppler is used to detect DVT, which is a source of PE. However, in this acute setting, the priority is to confirm the PE diagnosis and initiate appropriate treatment.

Given the clinical scenario and the need for immediate diagnosis and management of a suspected PE, the best course of action is to perform imaging to confirm the diagnosis. A CT scan is the most appropriate next step in management.

Therefore, the answer is (B) CT scan.","Male gender, age, tobacco smoking, hypertension, diabetes mellitus, hyperlipidemia, family history, artificial or early menopause, and chronic cocaine abuse.  
Non-traditional risk factors: Rheumatoid arthritis, Lupus, HIV  
NO!  
“Nevertheless, Bayesian analysis indicates that risk factors are a populational phenomenon and do not increase or decrease the likelihood of any condition in any one patient. Thus the presence of an individual risk factor or a collection of risk factors is far less important in diagnosing acute cardiac ischemia in the ED than the history of presenting illness, prior diagnosis of ischemic cardiac disease in the patient, the presence of ST segment or T wave changes, or cardiac marker abnormalities.”  
So, we should be relying on:
- HPI
- ST / T wave changes on ECG
- Prior diagnoses of cardiac ischemia in the patient
- Biomarker changes",cc-78.md,3.9185001850128174,3.9185001850128174,"What is the most likely diagnosis for a patient with sudden onset of breathlessness, pleuritic chest pain, tachycardia, and hypotension after surgery?
What are the risk factors for this diagnosis?
What diagnostic test is most appropriate for this diagnosis?
What is the initial management for this diagnosis?"
"A 55-year-old man is brought to the emergency department with altered mental status. The patient is in acute distress and cannot provide history due to disorientation. Temperature is 38.7°C (101.6°F), blood pressure is 80/50 mm Hg, pulse is 103/min, respiratory rate is 22/min, and BMI is 20 kg/m2. On examination, his sclera and skin are icteric. On abdominal examination, the patient moans with deep palpation to his right upper quadrant.
Laboratory test
Complete blood count
Hemoglobin 14.5 g/dL
MCV 88 fl
Leukocytes 16,500/mm3
Platelets 170,000/mm3
Basic metabolic panel
Serum Na+ 147 mEq/L
Serum K+ 3.8 mEq/L
Serum Cl- 106 mEq/L
Serum HCO3- 25 mEq/L
BUN 30 mg/dL
Serum creatinine 1.2 mg/dL
Liver function test
Total bilirubin 2.8 mg/dL
AST 50 U/L
ALT 65 U/L
ALP 180 U/L
The patient is treated urgently with intravenous fluid, dopamine, and broad spectrum antibiotics. The patient’s blood pressure improves to 101/70 mm Hg. On ultrasound of the abdomen, the common bile duct is dilated. What is the best next step in the management of this patient?

Options:
A: ERCP
B: Close monitoring
C: MRCP
D: Percutaneous transhepatic cholangiogram
E: CT abdomen",A,A,True,"Summary of available information:
- 55-year-old man with altered mental status and acute distress
- Fever (38.7°C) and hypotension (80/50 mm Hg)
- Tachycardia (pulse 103/min), normal respiratory rate (22/min), and normal BMI (20 kg/m2)
- Icteric sclera and skin
- Moaning with deep palpation to the right upper quadrant
- Lab tests show leukocytosis (white blood cell count of 16,500/mm3) and elevated total bilirubin (2.8 mg/dL)
- Mildly elevated AST and ALT, significantly elevated ALP
- Improvement in blood pressure after treatment
- Dilated common bile duct on abdominal ultrasound

The patient's presentation with fever, hypotension, altered mental status, and right upper quadrant pain, along with the lab findings of leukocytosis and elevated bilirubin, suggest an infectious process, likely cholangitis. The dilated common bile duct on ultrasound further supports this diagnosis.

The best next step in the management of a patient with suspected cholangitis and a dilated common bile duct is to relieve the obstruction and drain the infected biliary tree. An ERCP (Endoscopic Retrograde Cholangiopancreatography) is the procedure of choice as it allows for both diagnosis and therapeutic intervention, including the removal of gallstones or the placement of stents if necessary.

Therefore, the answer is (A) ERCP.",,,0.0,0.0,"What is the most likely diagnosis for this patient?
What is the best next step in the management of this patient?"
"A 22-year-old man from Nepal presents to the emergency department complaining of swelling and pain in his right testicle. The patient states that he just arrived in the United States to live with his wife, with whom he is monogamous. The patient denies painful urination or urethral discharge, but admits that 10 days ago he “felt like he had a fever” and the right side of his face was swollen and painful. Which of the following is characteristic of the most likely diagnosis?

Options:
A: Preventable by a live attenuated vaccine
B: Dilation of the pampiniform plexus
C: Original presentation in the form of a painless chancre
D: Cause buboes in the inguinal lymph nodes
E: Is a common cause of septic arthritis in this patient’s age group",A,D,False,"The patient presents with swelling and pain in his right testicle and a history of facial swelling and pain, which could suggest an infection that is affecting different parts of the lymphatic system. The lack of symptoms such as painful urination or urethral discharge makes a urethritis less likely.

The options given are characteristics of different diseases:

A: Preventable by a live attenuated vaccine - This could refer to diseases like mumps or varicella, which are preventable by vaccines. However, neither of these typically presents with isolated testicular swelling and pain.

B: Dilation of the pampiniform plexus - This is associated with conditions like testicular torsion, where the spermatic cord twists and cuts off the blood supply to the testicle, causing sudden severe pain and swelling. However, this does not fit with the patient's history of facial swelling and fever.

C: Original presentation in the form of a painless chancre - This is characteristic of syphilis, which is a sexually transmitted infection. However, the patient is monogamous and denies any painful urination or urethral discharge, which makes this less likely.

D: Cause buboes in the inguinal lymph nodes - Buboes are swollen lymph nodes and are characteristic of infections like bubonic plague or chancroid. Given the patient's history of fever and facial swelling, followed by testicular pain and swelling, this could suggest an infection that causes buboes.

E: Is a common cause of septic arthritis in this patient’s age group - Septic arthritis is an infection in a joint, which could cause joint pain and swelling, but it does not typically present with facial swelling or testicular swelling and pain.

Given the patient's symptoms and the options provided, the most likely diagnosis would be one that causes buboes in the inguinal lymph nodes, which fits with the history of facial swelling and fever, followed by testicular pain and swelling. Therefore, the answer is (D) Cause buboes in the inguinal lymph nodes.",,,0.0,0.0,"What is the most likely diagnosis for this patient?
What are the characteristic features of this diagnosis?"
"A 57-year-old woman is brought to the emergency department by ambulance for dysarthria and left-sided facial droop. She is accompanied by her son, who states that the patient had just returned home an hour ago from walking the dog when suddenly the patient stated she felt “strange.” When her son asked her what was wrong, her speech was slurred and her ""face looked funny.” The son quickly called an ambulance. The paramedic upon arrival noted that the patient had left-sided facial droop. Her medical history includes asthma and sickle cell disease. She takes hydroxyurea, uses oxycodone as needed for pain, and an albuterol inhaler as needed for shortness of breath. The patient’s temperature is 97°F (36.1°C), blood pressure is 145/72 mmHg, pulse is 93/min, and respirations are 14/min with an oxygen saturation of 96% on room air. On physical examination, a left-sided facial droop is appreciated. She has trouble articulating her words, and her speech is garbled. She is put on 2 L of oxygen by nasal cannula. Labs are obtained and pending. Which of the following therapies is most likely indicated?

Options:
A: Alteplase
B: Exchange transfusion
C: Hydralazine
D: Naloxone
E: Warfarin",B,A,False,"First, let's summarize the available information:
- A 57-year-old woman presents with dysarthria and left-sided facial droop.
- The symptoms occurred suddenly while she was walking her dog.
- Her medical history includes asthma and sickle cell disease.
- She is on hydroxyurea, oxycodone, and an albuterol inhaler.
- Vital signs are within a relatively normal range with oxygen saturation of 96% on room air.
- Physical examination confirms left-sided facial droop and garbled speech.
- Labs are pending.

Given the sudden onset of neurological symptoms (dysarthria and left-sided facial droop) in a patient with sickle cell disease, one possible diagnosis could be a stroke, specifically an ischemic stroke due to sickle cell disease causing vaso-occlusion.

Now let's consider the treatment options:

A: Alteplase is a thrombolytic agent used to treat acute ischemic stroke. However, it is typically used within a 4.5-hour window from symptom onset and there are strict criteria for its use.

B: Exchange transfusion is a procedure used in sickle cell disease to rapidly replace the patient's sickled red blood cells with normal red blood cells. It is often used in acute chest syndrome or to prevent stroke in high-risk patients, but not typically in the acute management of a stroke.

C: Hydralazine is an antihypertensive medication that is not typically used in the acute management of stroke.

D: Naloxone is an opioid antagonist used to reverse opioid overdose. The patient's use of oxycodone as needed for pain suggests a potential for opioid overdose, but the presentation is more consistent with a stroke.

E: Warfarin is an anticoagulant used for the prevention of thromboembolic events, but it is not used in the acute management of ischemic stroke due to the risk of hemorrhagic transformation.

Considering the clinical presentation and the urgency of treatment in acute ischemic stroke, thrombolytic therapy with alteplase (tPA) would be indicated if there are no contraindications and if the patient is within the appropriate time window from symptom onset.

Therefore, the answer is (A) Alteplase.","So, to recap! There are several medical diagnoses that can have very subtle presentations with multiple physical symptoms, including multiple sclerosis, porphyria, hyperparathyroidism, systemic lupus erythematosus, thyroid disorders, Wilson’s disease.  
Testing should only be performed for diagnoses that are supported by a carefully performed history and physical examination.",cc-113.md,2.6583080291748047,2.6583080291748047,"What is the likely diagnosis for this patient's presentation?
What is the immediate treatment for this condition?
What is the long-term management for this condition?"
"A 58-year-old male is hospitalized after sustaining multiple fractures in a severe automobile accident. Soon after hospitalization, he develops respiratory distress with crackles present bilaterally on physical examination. The patient does not respond to mechanical ventilation and 100% oxygen and quickly dies due to respiratory insufficiency. Autopsy reveals heavy, red lungs and histology is shown in Image A. Which of the following is most likely to have been present in this patient shortly before death:

Options:
A: Diaphragmatic hypertrophy
B: Proliferation of bronchiolar mucous glands
C: Interstitial edema
D: Large pulmonary embolus
E: Left apical bronchoalveolar carcinoma",C,C,True,"First, let's summarize the available information:
- A 58-year-old male
- Hospitalized after a severe automobile accident
- Develops respiratory distress
- Crackles present bilaterally
- Does not respond to mechanical ventilation and 100% oxygen
- Quickly dies due to respiratory insufficiency
- Autopsy reveals heavy, red lungs

Now, let's evaluate the options in the context of the clinical scenario:

A: Diaphragmatic hypertrophy - This condition is usually associated with chronic overload, such as from chronic obstructive pulmonary disease (COPD), but it would not typically present acutely after trauma.

B: Proliferation of bronchiolar mucous glands - This is characteristic of chronic bronchitis, a component of COPD, but it does not lead to acute respiratory distress and death.

C: Interstitial edema - This could be a result of acute respiratory distress syndrome (ARDS), which can occur after severe trauma and could lead to the symptoms described.

D: Large pulmonary embolus - A pulmonary embolism could cause respiratory distress and death, but it is less likely to cause heavy, red lungs at autopsy.

E: Left apical bronchoalveolar carcinoma - While a lung cancer could cause respiratory distress, it would not typically result in the acute presentation described, and it is not associated with heavy, red lungs at autopsy.

Given the acute presentation and the autopsy findings of heavy, red lungs, the most likely cause of death is ARDS, which is associated with interstitial edema. ARDS can occur after severe trauma and the presence of crackles on physical examination is consistent with this diagnosis.

Therefore, the answer is (C) Interstitial edema.","Primary: Even though this is technically in a person without lung disease, the most common cause is unrecognized pleural disease and rupture of a bleb.  
Secondary: Easy, COPD - accounts for 70% of cases. Severe COPD is at highest risk (FEV1 <1L). Rupture of atypical blebs is a typical cause.",cc-77.md,1.590742588043213,1.590742588043213,"What is the most common cause of respiratory distress in hospitalized trauma patients?
What is the most common cause of ARDS?
What is the most common cause of death in ARDS patients?
What is the most common cause of death in ARDS patients within the first 24 hours?
What is the most common cause of death in ARDS patients within the first 48 hours?
What is the most common cause of death in ARDS patients within the first 72 hours?
What is the most common cause of death in ARDS patients within the first week?
What is the most common cause of death in ARDS patients within the first month?
What is the most common cause of death in ARDS patients within the first year?
What is the most common cause of death in ARDS patients within the first 5 years?"
"A 55-year-old man presents to the emergency department with complaints of nausea, vomiting, palpitations, and dizziness, which have lasted for the past 3 hours. He was diagnosed with heart failure 1 year ago. During his last visit to his primary care physician, he was doing well and the lab results were normal. He reports that he has been taking low-dose aspirin and digoxin regularly for 1 year, and verapamil was recently added to prevent his frequent migraine headaches. An electrocardiogram is performed urgently and shows paroxysmal atrial tachycardia with block. Suspecting digitalis toxicity, the emergency medicine physician sends blood to the lab for a serum digoxin level, which is 3.7 ng/mL (therapeutic range: 0.8–2 ng/mL). Which of the following mechanisms most likely explains the development of digitalis toxicity in this patient?

Options:
A: Drug-induced hypokalemia
B: Increased intestinal absorption of digoxin
C: Inhibition of CYP 3A4 isoenzyme
D: Inhibition of P-glycoprotein
E: Increased enterohepatic circulation of digoxin",D,D,True,"First, let's summarize the available information:
- The patient has a history of heart failure and is on digoxin, low-dose aspirin, and recently added verapamil.
- The patient presents with symptoms that could be consistent with digoxin toxicity (nausea, vomiting, palpitations, dizziness).
- The ECG shows paroxysmal atrial tachycardia with block, which can be associated with digoxin toxicity.
- The serum digoxin level is 3.7 ng/mL, which is above the therapeutic range of 0.8–2 ng/mL, indicating digoxin toxicity.

Now, let's evaluate the options in the context of digoxin toxicity:

A: Drug-induced hypokalemia - While hypokalemia can increase the risk of digoxin toxicity, there is no information provided about the patient's potassium levels.

B: Increased intestinal absorption of digoxin - There is no information suggesting that the patient has increased intestinal absorption of digoxin.

C: Inhibition of CYP 3A4 isoenzyme - Digoxin is not metabolized by the CYP 3A4 isoenzyme, so this is not likely the cause of toxicity.

D: Inhibition of P-glycoprotein - Verapamil is known to inhibit P-glycoprotein, which can lead to increased levels of digoxin by reducing its efflux from intestinal cells back into the gut lumen. This could explain the elevated serum digoxin level.

E: Increased enterohepatic circulation of digoxin - There is no information suggesting that there is increased enterohepatic circulation of digoxin in this patient.

Based on the information provided and the known interactions between verapamil and P-glycoprotein, the most likely mechanism for the development of digoxin toxicity in this patient is the inhibition of P-glycoprotein by verapamil, leading to increased serum levels of digoxin. Therefore, the answer is (D) Inhibition of P-glycoprotein.","“Digoxin (0.25-0.5 mg IV) can control the ventricular rate in patients with SVTs, including atrial fibrillation and atrial flutter. Because of its delayed onset of action and narrow therapeutic window, however, digitalis is not a first-line agent for emergency therapy. It is not true that digoxin promotes conversion to a sinus rhythm any more than other rate-controlling agents.”
---
“Digitalis compounds have a variety of effects on myocardial cells. Digoxin inhibits the ATP-dependent Na+-K+ exchange pump, increasing intracellular Na+ concentrations and decreasing intracellular K+ concentrations. The resultant increase in intracellular Ca2+ concentration accounts for the positive inotropic effects of digitalis. Digoxin can behave as an excitant, a depressant, or both. Excitant effects of digoxin have to do with enhanced automaticity and triggered activity, particularly at high therapeutic or toxic doses. At the same time, digoxin slows AV node conduction at therapeutic doses via lengthening of the refractory period.”",cc-79.md,2.7373404502868652,2.478947162628174,"What is the therapeutic range of serum digoxin?
What are the common causes of digitalis toxicity?
Which mechanism of action of the drug leads to digitalis toxicity?"
"A 36-year-old man is brought to the emergency department 25 minutes after being involved in a high speed motor-vehicle collision in which he was an unrestrained passenger. He has acute myeloid leukemia and is currently receiving chemotherapy. On arrival, his temperature is 37°C (98.6°F), pulse is 63/min, respirations are 10/min, and blood pressure is 100/70 mm Hg. The pupils are equal and sluggish. There are multiple bruises over the face, trunk, and right upper and lower extremities. There is a 4-cm (1.6-in) laceration over his right cheek. He does not respond to any commands, but does groan. Painful stimuli cause him to open his eyes and withdraw all extremities. There are decreased breath sounds over the right lung base. There is tenderness to palpation over the left chest wall. Cardiac examination shows no abnormalities. The abdomen is soft and shows diffuse tenderness to palpation with no guarding or rebound. There is swelling of the right elbow and wrist. The right lower extremity is shorter than the left lower extremity. There are 2 lacerations around 2 cm (0.8 in) each on the right leg. The right knee is swollen. Which of the following is the most appropriate next step in management?

Options:
A: Focussed assessment sonography for trauma (FAST)
B: Insertion of intercostal chest tube
C: CT scan of the head and neck
D: X-rays of the extremities
E: Intubation and mechanical ventilation",E,B,False,"The patient is a 36-year-old man who has been involved in a high-speed motor vehicle collision. He has a history of acute myeloid leukemia and is currently undergoing chemotherapy. Upon arrival at the emergency department, he exhibits a temperature of 37°C, a pulse of 63/min, respirations of 10/min, and a blood pressure of 100/70 mm Hg. His pupils are equal and sluggish, and he has multiple bruises over his body, a laceration on his right cheek, and a decreased breath sound over the right lung base. There is also tenderness over the left chest wall, swelling in the right elbow and wrist, a shorter right lower extremity, lacerations on the right leg, and swelling of the right knee.

Given the patient's condition, the most concerning findings are the decreased breath sounds over the right lung base and the swelling in the right elbow and wrist, along with the shorter right lower extremity. These findings suggest a possible tension pneumothorax or orthopedic injury that could be causing a compartment syndrome.

The most appropriate next step in management would be to address the most life-threatening issue first. In this case, a tension pneumothorax is a possibility due to the decreased breath sounds and swelling in the extremities, which could indicate increased intrathoracic pressure affecting venous return to the heart. This is a medical emergency and requires immediate intervention to prevent cardiovascular collapse.

Inserting an intercostal chest tube would be the appropriate management for a tension pneumothorax, as it would allow for the decompression of the pleural space and relieve the pressure.

Therefore, the answer is (B) Insertion of intercostal chest tube.","4. Invasive mechanical ventilation is not without consequence and requires dynamic, ongoing management. After intubation, blood gas analysis should be performed to confirm appropriate ventilation and provide correlation with noninvasive monitoring of oxyhemoglobin saturation and end-tidal carbon dioxide. In addition, positive pressure can have adverse hemodynamic consequences. Elevated lung pressures can be deleterious and plateau pressure should be maintained below 30 cm water whenever possible, but adjusting ventilator settings. Progressive elevation in ventilation pressures prompts consideration of ventilator circuit obstruction, obstruction at any point of the airway, increased bronchospasm, mainstem intubation, tension pneumothorax or hemothorax, increased chest wall resistance (from a constricting device or intrinsic chest wall) or rigidity (as from high doses of fentanyl). Suddenly reduced ventilation pressures are often accompanied by increasing hypoxemia and indicate ventilator circuit leak or
---
NOTE: According to CPS: “history of trauma, evidence of increased ICP, focal neurological signs, unexplained loss of consciousness or suspicion of cerebral herniation are some of the indications for a computed tomography (CT) scan of the head.”  
You may be asking about which patients should have outpatient imaging and neurology follow-up:  
Point: Most kids who need imaging - need it in the ER (or admission); EEG’s are a less urgent investigation.
---
We are uncertain whether a CT scan of the blood vessels in your head and neck will confidently exclude significant injuries. For the time being, if you’ve suffered a serious head or neck injury, it’s better to be at a trauma center with an interventional radiologist who can perform the more invasive and time-consuming test to exclude these injuries. However, if an interventional radiologist is unavailable and a CT angiogram demonstrates a significant injury, we will consult the surgeons immediately.
---
Chest tubes are medical devices used to drain air, blood, or fluid from the pleural space, particularly in conditions such as pneumothorax and hemothorax. The placement of chest tubes in the ""triangle of safety"" is crucial, regardless of whether they are positioned high or low. In cases of spontaneous pneumothorax, conservative management has been shown to be non-inferior to chest tube insertion for large first-time occurrences. For tension pneumothorax, the traditional site for needle decompression, the second intercostal space-midclavicular line, is not necessarily thicker than the fourth/fifth intercostal space-anterior axillary line. Traditionally, traumatic hemothorax is managed with large bore chest tubes, but there is growing evidence supporting the use of smaller, percutaneously inserted chest tubes or pigtail catheters for effective drainage of pleural effusions, pneumothoraces, and hemothorax.",cc-175.md | sgem-91.md | sgem-355.md | cc-193.md,6.316657066345215,4.819081783294678,"What is the primary concern in a patient with a head injury and decreased level of consciousness?
What are the indications for intubation and mechanical ventilation?
What are the indications for a CT scan of the head and neck?
What are the indications for focussed assessment sonography for trauma (FAST)?
What are the indications for insertion of an intercostal chest tube?"
"A 23-year-old man presents with sudden loss of consciousness while pitching in a baseball game. There is no history of injury. Consciousness is regained after cardiopulmonary resuscitation. Past medical history is negative for any neurological and cardiovascular problems. Physical examination reveals a prominent A wave on the jugular venous pulse and a double apical impulse. There are no audible murmurs. An S4 is present. What is the most likely diagnosis?

Options:
A: Dilated cardiomyopathy
B: Hypertrophic cardiomyopathy
C: Aortic stenosis
D: Takotsubo cardiomyopathy
E: Restrictive cardiomyopathy",B,B,True,"The patient is a young athlete who experienced sudden loss of consciousness during physical activity, which is a common presentation for a cardiovascular event. The absence of a history of injury and the regaining of consciousness after CPR suggest a cardiac cause rather than a neurological one. The physical examination findings of a prominent A wave on the jugular venous pulse and a double apical impulse, along with the absence of murmurs, are significant. An S4 heart sound is often associated with conditions that cause stiffening of the ventricle and decreased compliance, such as hypertrophic cardiomyopathy (HCM).

Let's evaluate the options:

A: Dilated cardiomyopathy typically presents with signs of heart failure and is less likely to cause sudden cardiac death in young athletes.

B: Hypertrophic cardiomyopathy is a common cause of sudden cardiac death in young athletes and can present with a prominent A wave and a double apical impulse due to left ventricular hypertrophy and outflow obstruction.

C: Aortic stenosis usually presents with a systolic murmur and is less likely to cause sudden cardiac death in young athletes without a history of symptoms or murmur.

D: Takotsubo cardiomyopathy, also known as stress-induced cardiomyopathy, typically presents with chest pain and symptoms mimicking acute coronary syndrome, not sudden loss of consciousness during exertion.

E: Restrictive cardiomyopathy is a rare cause of sudden cardiac death and is more associated with infiltrative diseases that would not typically present with the findings described in the question.

Based on the information provided and the typical presentations of the conditions listed, hypertrophic cardiomyopathy is the most likely diagnosis. Therefore, the answer is (B) Hypertrophic cardiomyopathy.","The most common cardiovascular cause of sudden death in the athlete is hypertrophic cardiomyopathy, accounting for up to 36% of the cardiovascular-related cases  
Muscular / Electrical / Valvular / Traumatic / environmental / arrhythmogenic / otherwise  
- Hypertrophic cardiomyopathy
- Proposed pathophysiologic mechanism of sudden death during exertion in these individuals is thought to be a transient decrease of blood flow out through the aorta or dysrhythmia originating from the hypertrophied ventricular myocardium.
- Shocking - electrocution
- Drug related arrhythmias
- LGL syndrome / WPW / Brugada
- Trauma - commotio cordis
- Aortic rupture - Marfan’s
- Long QT syndrome / Romano Ward syndrome / Lange-Nielsen syndrome (deaf patients)
- Coronary artery abnormality - ALCAPA, post Kawasaki’s, myocardial bridge
---
- Coronary artery abnormality - ALCAPA, post Kawasaki’s, myocardial bridge
- E.g. anomalous left coronary artery, in which the left main and right coronary arteries both arise from the right sinus of Valsalva. Individuals with this particular anomaly have a 46% incidence of sudden death, with more than 85% of the known cases of sudden death occurring during exercise.
- Idiopathic dilated cardiomyopathy  
See Box 170.17 (Cardiovascular Causes of Sudden Death in Young Athletes)  
****Any athlete with exertional syncope or chest pain should be evaluated by a cardiologist for the possibility of a congenital coronary artery anomaly. If an anomaly is detected and surgically corrected, the athlete may resume full activity and participation in competitive sports.*****
---
Some individuals with hypertrophic cardiomyopathy have experienced previous “warning” episodes of chest pain, dyspnea, syncope, or palpitations during vigorous activities. A family history of sudden unexplained death in young adults should also alert the clinician to the possibility of hypertrophic cardiomyopathy. The majority of young athletes who die of this condition have the nonobstructive form of hypertrophic cardiomyopathy, and the classic loud systolic ejection murmur that is present with the obstructive form may not be heard during the routine pre-sports physical examination (the obstructive form has a systolic murmur that is exacerbated with valsalva).  
ECG features:
1. Left ventricular hypertrophy
- Voltage criteria: 11-25-35-45
- Limb Leads
- R wave in lead I + S wave in lead III > 25 mm
- R wave in aVL > 11 mm
- R wave in aVF > 20 mm
- S wave in aVR > 14 mm
- Precordial Leads
- R wave in V4, V5 or V6 > 26 mm
- R wave in V5 or V6 plus S wave in V1 > 35 mm",cc-171.md,8.67800235748291,5.941176891326904,"What is the most common cause of sudden cardiac death in young athletes?
What are the classic physical exam findings in hypertrophic cardiomyopathy?
What is the most likely diagnosis in a young patient with sudden loss of consciousness, a prominent A wave on jugular venous pulse, a double apical impulse, and an S4?"
"A 39-year-old man is brought to the emergency department unconscious following 2 episodes of generalized tonic-clonic seizures. According to the attendants, he has complained of recurrent headaches for the past 2 weeks. There is no history of fever, head trauma, or a seizure disorder. The patient does not smoke cigarettes but reportedly drinks 2 glasses of wine daily. He has multiple sexual partners and history regarding the contraceptive use is unavailable. The patient’s vitals include: blood pressure 137/88 mm Hg, temperature 37.2°C (99.0°F). On physical examination, he is obtunded. He grimaces on pain and localizes in response to pain in both upper extremities. Pupils are bilateral 3-mm in diameter and equally round and reactive. Laboratory tests are within normal limits. An MRI of the brain with contrast is shown in the exhibit (see image). A brain biopsy is performed that reveals perivascular clusters of lymphocytes. Which of the following is most associated with this patient’s condition?

Options:
A: Epstein-Barr virus
B: Human herpes virus
C: Human papilloma virus
D: Human T-lymphotropic virus
E: Schistosoma haematobium",A,D,False,"The patient presents with recurrent headaches, seizures, and a brain MRI that likely shows lesions (although the actual image is not provided, the presence of a brain biopsy suggests there were findings). The biopsy reveals perivascular clusters of lymphocytes, which is a hallmark of central nervous system (CNS) lymphoma. CNS lymphoma can be associated with immunodeficiency, which may be related to HIV infection, often caused by the Human T-lymphotropic virus (HTLV). The patient's history of multiple sexual partners and unavailable information on contraceptive use could suggest a risk for sexually transmitted infections, including HIV. While Epstein-Barr virus (EBV) is associated with lymphomas, it is more commonly associated with extranodal NK/T-cell lymphomas, nasopharyngeal carcinoma, and Burkitt lymphoma. Human herpes virus (HHV) is not typically associated with CNS lymphoma. Human papilloma virus (HPV) is associated with cervical and other anogenital cancers and some head and neck cancers but not typically CNS lymphoma. Schistosoma haematobium is associated with urinary schistosomiasis and not CNS lymphoma.

Given the clinical presentation and the association with CNS lymphoma, the most likely etiology is related to an infectious agent known to cause immunodeficiency and CNS lymphoma. Therefore, the answer is (D) Human T-lymphotropic virus.",,,0.0,0.0,"What is the most common cause of primary brain lymphoma?
What are the risk factors for primary brain lymphoma?
Which viral infection is most associated with primary brain lymphoma?"
"A 25-year-old man with a past medical history of constipation and fibromyalgia presents to the emergency department with generalized malaise and severe diarrhea. The patient states that he has not felt well for the past 24 hours and his symptoms are no longer tolerable. He denies taking any medications or illicit drugs and states he is generally healthy. His temperature is 99.3°F (37.4°C), blood pressure is 122/88 mmHg, pulse is 107/min, respirations are 19/min, and oxygen saturation is 99% on room air. Physical exam demonstrates an ill appearing young man. Physical exam is notable for rhinorrhea, lacrimation, and piloerection. The patient’s pupils are dilated and reactive to light. During placement of an ultrasound guided IV, multiple scars are noted in the antecubital fossa, and it is noted that it is very difficult to place an IV in this patient. During the exam, he begins actively vomiting. Which of the following could be an appropriate treatment for this patient’s symptoms?

Options:
A: Clonidine
B: Diazepam taper
C: Haloperidol and diphenhydramine
D: Naloxone
E: Oseltamivir",A,C,False,"The patient presents with generalized malaise, severe diarrhea, rhinorrhea, lacrimation, and piloerection (goosebumps), which are signs of sympathetic overactivity. The presence of multiple scars in the antecubital fossa and difficulty placing an IV could suggest a history of intravenous drug use. The combination of these symptoms, along with the dilated pupils that are reactive to light, could be indicative of opioid withdrawal, especially considering the patient denies taking any medications or illicit drugs. Opioid withdrawal can cause severe symptoms including diarrhea, vomiting, and autonomic hyperactivity (elevated temperature, tachycardia, hypertension).

Given the clinical presentation, the most appropriate treatment would be to alleviate the symptoms of opioid withdrawal. Naloxone (option D) is an opioid antagonist and is used to treat opioid overdose, not withdrawal. Clonidine (option A) can be used in opioid withdrawal but is more commonly used for the management of hypertension and some off-label conditions. Diazepam taper (option B) can be used to treat alcohol withdrawal, which can present with similar symptoms but is not the first-line treatment for opioid withdrawal. Oseltamivir (option E) is an antiviral medication used to treat influenza and is not indicated in this scenario.

Haloperidol and diphenhydramine (option C) can be used to treat the symptoms of opioid withdrawal. Haloperidol is an antipsychotic that can help with agitation and restlessness, while diphenhydramine is an antihistamine that can help with the runny nose and lacrimation. This combination is not the standard of care for opioid withdrawal but can be used to manage some of the symptoms.

Considering the clinical presentation and the options provided, the most appropriate treatment for this patient’s symptoms, which are consistent with opioid withdrawal, would be a medication that can alleviate those symptoms. While not the standard first-line treatment, the combination of haloperidol and diphenhydramine could help manage the patient’s symptoms.

Therefore, the answer is (C) Haloperidol and diphenhydramine.",,,0.0,0.0,"What is the most likely diagnosis for a patient with malaise, severe diarrhea, rhinorrhea, lacrimation, and piloerection?
What is the treatment for this diagnosis?
What is the treatment for the patient's difficulty with IV placement and active vomiting?"
"A 55-year-old woman with a history of HIV presents to the emergency department with progressive dyspnea, fever, and dry cough for the past 4 days. She has not been compliant with antiretroviral or prophylactic medication. On evaluation, the patient is in moderate respiratory distress. The temperature is 38.8°C (102.0°F), the blood pressure is 124/82 mm Hg, the pulse is 96/min, and the respiratory rate is 20/min. Pulse oximetry is 92% on 4 L oxygen by nasal cannula. Her CD4 count is 180 cells/μL. IV antibiotics and glucocorticoids are administered. After 30 minutes, the patient develops severe respiratory distress. Repeat vital signs show: temperature 38.3°C (101.0°F), blood pressure 80/50 mm Hg, pulse 104/min, respiration rate 32/min and pulse oximetry 85% on nasal cannula. The trachea deviates to the left. Breath sounds are absent on the right side and the neck veins are distended. Telemetry shows sinus tachycardia. Which of the following is the best next step in the management of this patient?

Options:
A: Discontinue antibiotics
B: Administer epinephrine
C: Perform an arterial blood gas
D: Needle thoracostomy
E: Stat chest X-ray",D,D,True,"The patient presents with signs of severe respiratory distress, hypoxia, hypotension, and tracheal deviation to the left, along with absent breath sounds on the right side and distended neck veins. These findings are consistent with a tension pneumothorax, which is a life-threatening emergency requiring immediate intervention to prevent cardiovascular collapse. The tracheal deviation to the left indicates that the pressure from the pneumothorax is pushing the trachea away from the affected side.

The management of tension pneumothorax involves decompressing the pleural space to relieve the pressure on the heart and other mediastinal structures. The immediate treatment is a needle thoracostomy, which is the insertion of a needle into the pleural space to allow trapped air to escape. This is a temporary measure and should be followed by definitive management, such as chest tube placement.

Administering epinephrine (option B) is not the first-line treatment for tension pneumothorax and is more appropriate for anaphylaxis or cardiac arrest. Performing an arterial blood gas (option C) may provide additional information about the patient's gas exchange and acid-base status but does not address the immediate life-threatening issue. Discontinuing antibiotics (option A) is not indicated and would not address the cause of the patient's distress. A stat chest X-ray (option E) could confirm the diagnosis of pneumothorax but would delay the necessary immediate intervention; the clinical presentation is already highly suggestive of tension pneumothorax, and immediate action is required without waiting for imaging.

Therefore, the answer is (D) Needle thoracostomy.","General signs of pneumothorax: absent breath sounds, inflated ipsilateral chest, hyper-resonance, etc.  
Tension:
- Tachycardia (typically >120)
- Hypoxia with profound dyspnea
- Hypotension
- JVD
- Displacement of trachea to CONTRALATERAL side (away from PTX)
---
The document provides a comprehensive overview of pleural diseases, focusing on pneumothorax and pleural effusion. It discusses the pathophysiology of pneumothorax, highlighting primary and secondary causes, with COPD being a significant contributor to secondary cases. Key clinical findings for tension pneumothorax include tachycardia, hypoxia, hypotension, JVD, and tracheal deviation. Management strategies vary based on pneumothorax size and symptoms, ranging from observation and oxygen therapy to catheter aspiration and chest tube insertion. The document also covers pleural effusion, explaining Starling’s Law in fluid dynamics and detailing diagnostic criteria like Light’s Criteria. Procedures such as thoracentesis and tube thoracostomy are described, including their complications and contraindications. Additionally, it addresses specific conditions like catamenial pneumothorax and provides guidance on securing chest tubes and using the Seldinger technique for insertion.
---
chest tubes. For tension pneumothorax, the anatomical location for needle decompression is debated, with no evidence supporting the superiority of the second intercostal space-midclavicular line over the fourth/fifth intercostal space-anterior axial line. Conservative management of a first large spontaneous pneumothorax may be reasonable with close follow-up.
---
Conservative management is a viable option for moderate-large primary spontaneous pneumothorax, reducing hospital days and adverse events without chest tube insertion. Discuss treatment options with patients, considering non-intervention as reasonable.",cc-77.md | sgem-433.md | tbl-primary.md,7.7550530433654785,4.650057792663574,"What is the most likely cause of this patient's acute respiratory distress?
What are the clinical signs of tension pneumothorax?
What is the immediate management for tension pneumothorax?"
"A 22-year-old woman with polycystic ovarian syndrome comes to the emergency department because of a 1-day history of left lower abdominal pain that began suddenly while she was running. Her last menstrual period was 2 weeks ago. Physical examination shows tenderness to palpation over the left adnexa and rebound tenderness in the left lower quadrant. There is no tenderness in the right lower quadrant. Urine pregnancy test is negative. An ultrasound is ordered to confirm the diagnosis of ruptured ovarian cyst. Visualization of fluid in which of the following locations would be most consistent with this diagnosis?

Options:
A: Lesser sac
B: Rectouterine pouch
C: Hepatorenal space
D: Splenorenal angle
E: Rectovesical pouch",B,A,False,"The patient is a 22-year-old woman with a history of polycystic ovarian syndrome presenting with acute left lower abdominal pain. The absence of right lower quadrant tenderness and a negative urine pregnancy test help narrow down the differential diagnosis. The presence of left adnexal tenderness and rebound tenderness in the left lower quadrant may suggest an ovarian pathology.

In cases of ruptured ovarian cysts, free fluid can be found in the peritoneal cavity, which may accumulate in various pouch-like spaces. The lesser sac of the peritoneal cavity is one such space where fluid can accumulate due to a ruptured ovarian cyst. The rectouterine pouch (also known as the pouch of Douglas) is another potential space where fluid may collect, particularly in the case of a ruptured ectopic pregnancy, which is not the case here as the pregnancy test is negative. The hepatorenal space and splenorenal angle are less likely to be involved with ovarian pathology. The rectovesical pouch is not a peritoneal space but rather an extraperitoneal space, and fluid in this area would not be typically associated with a ruptured ovarian cyst.

Given the clinical scenario and the typical accumulation of fluid in the peritoneal cavity due to a ruptured ovarian cyst, the most consistent location for visualization of free fluid would be in the lesser sac of the peritoneal cavity.

Therefore, the answer is (A) Lesser sac.","Acute pelvic pain in women can arise from various etiologies, including reproductive, urinary, intestinal, vascular, musculoskeletal, and neuropsychiatric origins. Key reproductive tract causes in non-pregnant women include ovarian torsion, cysts, uterine perforation, PID, and endometriosis, while pregnancy-related pain may stem from ectopic pregnancy, placental issues, or ovarian hyperstimulation. Life-threatening conditions such as ectopic pregnancy, tubo-ovarian abscess, and appendicitis must be promptly identified. A systematic diagnostic approach involves a thorough history, physical examination, and targeted imaging, with pregnancy testing being crucial. Management focuses on addressing life-threatening conditions like hemorrhage from ectopic pregnancy or placental abruption, with empirical treatment guided by the suspected etiology.
---
This document provides a comprehensive overview of abdominal pain, emphasizing the complexity and potential severity of this common clinical presentation. It outlines eight life-threatening causes of abdominal pain, including ruptured ectopic pregnancy, abdominal aneurysm, mesenteric ischemia, intestinal obstruction, perforated viscus, acute pancreatitis, ascending cholangitis, and complicated diverticulitis or appendicitis, highlighting the importance of rapid diagnosis and management. The document also lists 15 causes of extra-abdominopelvic abdominal pain, such as myocardial infarction, pneumonia, and diabetic ketoacidosis, underscoring the need for a broad differential diagnosis. Key diagnostic principles include the limited utility of WBC counts and the selective use of imaging, with CT preferred over abdominal x-rays in most cases. The document stresses the importance of considering patient demographics, such as age and immunocompromised status, in the evaluation of abdominal pain.",cc-27.md | cc-33.md,4.37591552734375,4.359871864318848,"What is the most common cause of acute abdominal pain in women?
What are the classic symptoms and signs of a ruptured ovarian cyst?
Where is free fluid most likely to be found in the case of a ruptured ovarian cyst?"
"A 52-year-old man comes to the physician because of generalized pruritus and raised, erythematous plaques on the skin over his hands, chest, and legs for 6 hours. He reports having clear liquid discharge from his nose and sneezing. He says that his symptoms began suddenly the previous night, 30 minutes after he had dinner at a seafood restaurant. He has had similar symptoms occasionally in the past as well. Four months ago, he had an episode of narrow-angle glaucoma. He takes no medications. His vital signs are within normal limits. Nasal exam shows clear, serous secretions, with edematous and erythematous mucosa and turbinates. Paranasal sinuses are not tender to palpation. Which of the following is the most appropriate pharmacotherapy?

Options:
A: Diphenhydramine
B: Amoxicillin
C: Fexofenadine
D: Vitamin K
E: Calamine lotion",C,C,True,"The patient presents with generalized pruritus, raised erythematous plaques on the skin, clear liquid discharge from the nose, and sneezing. These symptoms began suddenly after eating at a seafood restaurant, which suggests a possible allergic reaction, possibly to something he ate. The fact that he has had similar symptoms in the past and the sudden onset of symptoms after a meal supports this. His history of narrow-angle glaucoma is relevant because certain medications can exacerbate this condition, but it does not directly suggest a treatment for his current symptoms.

Given the options provided:

A: Diphenhydramine is an antihistamine that is commonly used to treat allergic reactions.
B: Amoxicillin is an antibiotic, which would be used to treat bacterial infections, not allergic reactions.
C: Fexofenadine is also an antihistamine, similar to diphenhydramine, but it does not cause sedation and is often used for allergic rhinitis.
D: Vitamin K is used to treat warfarin overdose or to correct a deficiency that leads to bleeding disorders, not for allergic reactions.
E: Calamine lotion is used to soothe itching and irritated skin, but it is not a pharmacotherapy for the systemic allergic reaction.

Considering the patient's symptoms and the sudden onset after a meal, the most appropriate pharmacotherapy would be an antihistamine. Since there is no mention of sedation being a concern for the patient, fexofenadine (C) would be a suitable choice as it treats allergic symptoms without causing sedation. Diphenhydramine (A) could also be appropriate, but fexofenadine is more specific to the symptoms described.

Therefore, the answer is (C) Fexofenadine.",,,0.0,0.0,"What is the most likely diagnosis for this patient?
What is the recommended pharmacotherapy for this condition?"
"A 7-year-old girl is brought to the emergency department with a 10-day history of fever and sore throat that acutely worsened over the past 2 days. Her sore throat is worse on the right side. She has difficulty swallowing and opening her mouth due to pain. She has also noticed a change in the quality of her voice over the last day. Her temperature is 38.2°C (100.8°F), pulse is 86/min, respirations are 18/min, and blood pressure is 110/75 mm Hg . Examination shows cervical lymphadenopathy. Oropharyngeal examination shows erythematous tonsils and swelling of the right tonsillar pillar. The uvula is deviated to the left. Laboratory studies show:
Hemoglobin 13.0 g/dL
Hematocrit 39%
Leukocyte count 12,000/mm3
Platelet Count 200,000/mm3
Serum
Na+ 138 mEq/L
Cl- 100 mEq/L
K+ 4.5 mEq/L
HCO3- 24 mEq/L
Urea nitrogen 14.0 mg/dL
Creatinine 1.1 mg/dL
Which of the following is the most appropriate next step in management?""

Options:
A: Intravenous dexamethasone therapy
B: Tonsillectomy
C: Incision and drainage with intravenous ampicillin-sulbactam therapy
D: Needle aspiration and oral clindamycin therapy
E: Intravenous ampicillin-sulbactam therapy",C,C,True,"The patient is a 7-year-old girl with a 10-day history of fever and sore throat that has acutely worsened, difficulty swallowing and opening her mouth, change in voice quality, and fever. The physical examination shows cervical lymphadenopathy, erythematous tonsils, swelling of the right tonsillar pillar, and uvula deviation to the left. These findings are suggestive of a severe throat infection, possibly a peritonsillar abscess, given the acute worsening, trismus (difficulty opening the mouth), and uvular deviation.

The laboratory studies show a slightly elevated leukocyte count, which is consistent with an infection. The rest of the laboratory values are within normal limits.

The most appropriate next step in management should address the likely diagnosis of peritonsillar abscess. The options are:

A: Intravenous dexamethasone therapy - This is typically used for inflammatory conditions, but not the first-line treatment for an abscess.
B: Tonsillectomy - This is a surgical procedure to remove the tonsils and is not the immediate next step in the management of an acute abscess.
C: Incision and drainage with intravenous ampicillin-sulbactam therapy - This is the standard treatment for a peritonsillar abscess. Incision and drainage of the abscess cavity, along with antibiotic therapy, is necessary to treat the infection.
D: Needle aspiration and oral clindamycin therapy - Needle aspiration may temporarily relieve symptoms, but it does not address the abscess cavity as effectively as incision and drainage. Oral antibiotics may not be sufficient for a severe infection like an abscess.
E: Intravenous ampicillin-sulbactam therapy - While antibiotics are an important part of the treatment, they are not sufficient without addressing the abscess cavity through incision and drainage.

Given the clinical presentation and the need to address both the infection and the abscess cavity, the most appropriate next step in management is incision and drainage of the abscess along with antibiotic therapy. Therefore, the answer is (C) Incision and drainage with intravenous ampicillin-sulbactam therapy.",,,0.0,0.0,"What is the most likely diagnosis for this patient?
What is the recommended treatment for this condition?"
"A 24-year-old man is brought to the emergency department by the police. He was found unconscious and covered in bruises outside of a local bar. The patient has a past medical history of polysubstance abuse, depression, multiple suicide attempts, neuropathic pain, and schizophrenia. As part of the patient’s initial workup, a head CT is performed which is unremarkable, and an arterial blood gas is performed as seen below:

pH: 7.29
PaCO2: 95 mm Hg
PaO2: 70 mm Hg
Bicarbonate: 24 mEq/L

Which of the following is the most likely etiology of this patient’s current presentation?

Options:
A: Alcohol
B: Amitriptyline
C: Cocaine
D: Ethylene glycol
E: Heroin",E,E,True,"First, let's analyze the arterial blood gas (ABG) results:
- pH: 7.29 (normal range: 7.35-7.45), indicating acidemia.
- PaCO2: 95 mm Hg (normal range: 35-45 mm Hg), indicating hypercapnia (elevated CO2 levels).
- Bicarbonate: 24 mEq/L (normal range: 22-28 mEq/L), indicating a normal anion gap.

The ABG results suggest a primary respiratory acidosis due to the elevated PaCO2. The normal anion gap rules out metabolic acidosis and suggests that the primary problem is respiratory in nature.

Now, let's consider the possible etiologies based on the options provided:

A: Alcohol - Chronic alcohol abuse can lead to respiratory depression and subsequent respiratory acidosis. However, the patient's history of polysubstance abuse makes it necessary to consider other substances as well.

B: Amitriptyline - Overdose of tricyclic antidepressants like amitriptyline can cause respiratory depression and metabolic acidosis due to the accumulation of toxic metabolites. However, the normal anion gap in this case rules out metabolic acidosis.

C: Cocaine - Cocaine overdose typically causes sympathomimetic effects, hyperthermia, and stimulatory effects on the central nervous system. It can also cause respiratory alkalosis due to hyperventilation, not respiratory acidosis.

D: Ethylene glycol - Ethylene glycol poisoning leads to metabolic acidosis due to the accumulation of toxic metabolites, not respiratory acidosis.

E: Heroin - Heroin overdose causes central nervous system depression, which can lead to respiratory depression and respiratory acidosis.

Considering the patient's history of polysubstance abuse, it is possible that he could have been using multiple substances simultaneously. However, the ABG results point towards a primary respiratory acidosis, which is most consistent with the effects of a substance that depresses the central nervous system, such as heroin.

Therefore, the answer is (E) Heroin.","Key thought process: Is this a simple ABD or a mixed ABD?  
Often, acid-base disturbances are first identified when the results of laboratory tests ordered to evaluate the patient’s symptoms demonstrate alterations in the bicarbonate level, pH, or Paco2. The possibility of an acid-base disorder is suggested by clinical events such as toxic ingestions, severe vomiting, or diarrhea, as well as in patients with diseases primarily affecting the lungs and kidneys. All critically ill patients and all patients being mechanically ventilated should have an assessment of their acid-base status. When an acid-base disturbance is identified or suspected, elucidation of its underlying cause(s) is central to appropriate management.  
Painful arterial blood sampling is unnecessary for the evaluation of acid-base disturbances. Paco2, HCO3−, and pH values taken from peripheral venous, central venous, intraosseous, and capillary blood are all suitable for acid-base assessment.
---
The document provides a comprehensive overview of acid-base disorders, focusing on the diagnosis and management of metabolic and respiratory acidosis and alkalosis. Key diagnostic principles include the use of the anion gap and delta gap to identify mixed acid-base disorders, and the importance of assessing respiratory compensation in acute metabolic acidosis. Management strategies emphasize the need for appropriate ventilation support and caution against the empirical use of sodium bicarbonate, except in life-threatening acidemia. The document also outlines differential diagnoses for various acid-base disturbances, such as respiratory acidosis due to hypoventilation and metabolic acidosis from intrinsic or extrinsic acids. Additionally, it highlights the potential complications of bicarbonate therapy and the physiological effects of altered blood pH on calcium binding, which can lead to symptoms like paresthesias and muscle cramps in hyperventilation.
---
Metabolic alkalosis occurs from loss of H+ or retention of HCO3−. It is usually a consequence of prolonged vomiting or nasogastric suction or a compensation for chronic respiratory acidosis.  
- Volume-contracted (saline-responsive)
- Vomiting, gastric suction
- Diuretics (contraction alkalosis)
- Postrespiratory acidosis
- Ion-deficient baby formula
- Chloride-secreting colonic villous adenomas
- Euvolemic, Volume-Expanded (saline-resistant)
- Hyperaldosteronism
- Hypercortisolemia
- Severe potassium depletion
- Adenocarcinoma
- Bartter’s syndrome
- Unclassified
- Hypoalbuminemia
- Milk-alkali syndrome
- Penicillin and related compounds
- Hypercalcemia or malignancy
- Massive transfusion (from citrate, especially with renal deficiency)
---
Clinical presentation:
- Hyperventilation, N/V/dyspepsia (GI distress), tinnitus
- Severe hyperpnea, lethargy, hyperthermia (rare, late finding due to anaerobic metabolism)
- End organ dysfunction
- Coma, pulmonary/cerebral edema, seizures
- Renal failure
- Cardiovascular collapse  
Acid base disturbances:
- Respiratory alkalosis (unfortunately leads to bicarbonate losses)
- Metabolic acidosis (eventually high ASA levels depress the respiratory centre)
- With an anion gap  
Refer to Box 144.1 in Rosen’s 9th edition for a handy table that describes the acid base disturbance and progression of toxicity in acute salicylate overdose.
- Early (0-4 hours; level 20-60 mg/dL):
- Respiratory alkalosis with alkalemia
- GI distress
- Mild-moderate hyperpnea
- Tinnitus
- Lethargy
- Moderate (2-12 hours; level 50-90 mg/dL):
- Respiratory alkalosis & metabolic acidosis with alkalemia or neutral pH
- Severe hyperpnea
- Lethargy or agitation
- Hyperthermia
- Severe (6-24 hours; level >80 mg/dL):",cc-149.md | cc-124.md,6.209254264831543,3.6299614906311035,"What condition is associated with the given arterial blood gas (ABG) results?
What conditions can cause a mixed acid-base disorder?
Which substance overdose can lead to a mixed respiratory acidosis and metabolic alkalosis?"
"A 3-year-old girl is brought to the emergency department by her parents for an acute arm injury. The mother reports that they were walking in the park and the patient’s dad was swinging the patient in the air by her arms. The dad reports he then heard a click and the patient immediately began to cry. On examination, the patient is holding her right forearm in a pronated position and her elbow slightly flexed. Pain is localized to the lateral aspect of the elbow. She refuses to use the affected limb. She does allow passive flexion and extension with full range of motion but supination is limited and causes pain. Which of the following is the next step in management?

Options:
A: Immobilization
B: Moderate flexion then hyperpronation
C: Open reduction
D: Radiograph
E: Supination then maximal extension",B,B,True,"The patient is a 3-year-old girl who has sustained an acute arm injury while being swung by her arms. The history provided suggests a possible fracture or dislocation, especially given the ""click"" sound heard by the father and the immediate onset of pain. The examination findings are consistent with a specific injury pattern: the patient is holding her forearm in pronation and there is pain on the lateral aspect of the elbow, with limited supination. This presentation is suggestive of a nursemaid's elbow, which is a subluxation of the radial head.

The typical management for a nursemaid's elbow involves gentle manipulation to reduce the subluxation. The correct technique is to apply moderate flexion to the arm and then hyperpronate the forearm (turning it inward and downward) to pop the radial head back into its socket. Immobilization (A) is not typically required as this is a non-displaced subluxation. Open reduction (C) would be indicated for a displaced fracture or a dislocation that cannot be reduced by manual methods. Radiograph (D) is usually not necessary for typical nursemaid's elbow unless there is concern for a fracture or the reduction is not easily achieved. Supination then maximal extension (E) is not the correct technique for reducing a nursemaid's elbow and could potentially worsen the subluxation.

Therefore, the answer is (B) Moderate flexion then hyperpronation.",,,0.0,0.0,"What is the most common cause of arm fractures in toddlers?
What is the most common site of fracture in toddlers with arm fractures?
How is a ""nursemaid's elbow"" treated?"
