question,correct_answer_letter,model_answer,stepback_rag_is_correct,model_full_response,rag_context_used,rag_context_filenames,max_score,mean_score,stepback_questions
"A 39-year-old woman is brought to the emergency department because of fevers, chills, and left lower quadrant pain. Her temperature is 39.1°C (102.3°F), pulse is 126/min, respirations are 28/min, and blood pressure is 80/50 mm Hg. There is blood oozing around the site of a peripheral intravenous line. Pelvic examination shows mucopurulent discharge from the cervical os and left adnexal tenderness. Laboratory studies show:
Platelet count 14,200/mm3
Fibrinogen 83 mg/mL (N = 200–430 mg/dL)
D-dimer 965 ng/mL (N < 500 ng/mL)
When phenol is applied to a sample of the patient's blood at 90°C, a phosphorylated N-acetylglucosamine dimer with 6 fatty acids attached to a polysaccharide side chain is identified. A blood culture is most likely to show which of the following?""

Options:
A: Coagulase-positive, gram-positive cocci forming mauve-colored colonies on methicillin-containing agar
B: Encapsulated, gram-negative coccobacilli forming grey-colored colonies on charcoal blood agar
C: Spore-forming, gram-positive bacilli forming yellow colonies on casein agar
D: Lactose-fermenting, gram-negative rods forming pink colonies on MacConkey agar
E: Gamma-hemolytic, gram-positive cocci forming green colonies on vancomycin agar",D,D,True,"The patient presents with fevers, chills, left lower quadrant pain, hypotension, and signs of disseminated intravascular coagulation (DIC), as evidenced by the low platelet count, low fibrinogen, and high D-dimer levels. The presence of mucopurulent discharge from the cervical os and left adnexal tenderness suggests a pelvic infection, which could be a tubo-ovarian abscess or pelvic inflammatory disease (PID).

The identification of a phosphorylated N-acetylglucosamine dimer with 6 fatty acids attached to a polysaccharide side chain after applying phenol to the patient's blood indicates the presence of lipopolysaccharide (LPS), which is a component of the outer membrane of gram-negative bacteria. This finding suggests that the causative organism is likely a gram-negative bacterium.

Now, let's analyze the options:

A: Coagulase-positive, gram-positive cocci forming mauve-colored colonies on methicillin-containing agar - This describes Staphylococcus aureus, which is gram-positive and would not have LPS in its cell wall.

B: Encapsulated, gram-negative coccobacilli forming grey-colored colonies on charcoal blood agar - This could describe Haemophilus influenzae or Neisseria meningitidis, which are encapsulated gram-negative bacteria. However, these organisms are not typically associated with pelvic infections.

C: Spore-forming, gram-positive bacilli forming yellow colonies on casein agar - This describes organisms like Clostridium, which is gram-positive and would not have LPS in its cell wall.

D: Lactose-fermenting, gram-negative rods forming pink colonies on MacConkey agar - This describes Escherichia coli, a common cause of urinary tract infections and pelvic infections, which is gram-negative and would have LPS in its cell wall.

E: Gamma-hemolytic, gram-positive cocci forming green colonies on vancomycin agar - This describes Streptococcus pneumoniae, which is gram-positive and would not have LPS in its cell wall.

Given the information provided and the likely association with a pelvic infection, the most likely organism is a lactose-fermenting, gram-negative rod, which is consistent with Escherichia coli. Therefore, the answer is (D) Lactose-fermenting, gram-negative rods forming pink colonies on MacConkey agar.",,,0.0,0.0,"What is the likely diagnosis for this patient?
What is the leading differential diagnosis?
What are the key laboratory findings that support this diagnosis?"
"A 39-year-old man presents to the emergency department because of progressively worsening chest pain and nausea that started at a local bar 30 minutes prior. The pain radiates to the epigastric area. He has a 5-year history of untreated hypertension. He has smoked 1 pack of cigarettes daily for the past 5 years and started abusing cocaine 2 weeks before his emergency room visit. The patient is diaphoretic and in marked distress. What should be the first step in management?

Options:
A: Diltiazem
B: Labetalol
C: Nitroglycerin
D: Propranolol
E: Reassurance and continuous monitoring",E,E,True,"The patient presents with symptoms that are suggestive of acute coronary syndrome (ACS), which includes chest pain, nausea, radiation of pain to the epigastric area, and diaphoresis. The presence of risk factors such as untreated hypertension, smoking, and cocaine abuse further supports this concern. In the setting of ACS, the immediate goal is to relieve pain, stabilize the patient, and prevent further cardiac damage.

Let's evaluate the options:

A: Diltiazem is a calcium channel blocker used to treat hypertension and angina, but it is not the first-line treatment in the acute setting of chest pain that is suspected to be due to ACS.

B: Labetalol is a beta-blocker that can be used in the setting of hypertensive emergencies and can be beneficial in ACS. However, it is not typically the first medication given in this scenario.

C: Nitroglycerin is a vasodilator that can help relieve chest pain by decreasing myocardial oxygen demand. It is often used in the acute setting for ACS, but it is not the first step before stabilizing the patient's blood pressure and ensuring there are no contraindications such as hypotension or use of phosphodiesterase inhibitors.

D: Propranolol is a non-selective beta-blocker that could potentially worsen coronary artery spasm and is not recommended in the initial management of ACS.

E: Reassurance and continuous monitoring is an important step in the management of any patient presenting with chest pain, especially in the setting of ACS. However, it is not the only step, and specific pharmacological treatment is often required.

Given the urgency of the situation and the need to address the patient's symptoms quickly, the best initial step would be to provide pain relief and stabilize the patient's cardiac status. Nitroglycerin can be used for pain relief in ACS, but only after ensuring the patient's blood pressure is stable and there are no contraindications. Since the question does not provide information about the patient's blood pressure, we cannot assume nitroglycerin is immediately safe or contraindicated.

Therefore, the best initial step in management, given the information provided, would be to reassure the patient and continuously monitor his condition while preparing for further interventions, such as administering nitroglycerin or other appropriate medications once the patient's blood pressure and other vital signs are known and found to be stable.

Therefore, the answer is (E) Reassurance and continuous monitoring.",,,0.0,0.0,"What is the leading differential diagnosis for a patient presenting with progressively worsening chest pain, nausea, and radiation to the epigastric area, along with a history of untreated hypertension, smoking, and recent cocaine abuse?
What are the initial management steps for a patient with suspected acute coronary syndrome (ACS), including those with unstable angina or myocardial infarction?
What are the pharmacological treatments for a patient with suspected ACS, specifically in the context of ongoing chest pain and ischemic changes on ECG?"
"A 65-year-old man is brought to the emergency department 30 minutes after the onset of acute chest pain. He has hypertension and asthma. Current medications include atorvastatin, lisinopril, and an albuterol inhaler. He appears pale and diaphoretic. His pulse is 114/min and blood pressure is 130/88 mm Hg. An ECG shows ST-segment depressions in leads II, III, and aVF. Laboratory studies show an increased serum troponin T concentration. The patient is treated for acute coronary syndrome and undergoes percutaneous transluminal coronary angioplasty. At the time of discharge, echocardiography shows a left ventricular ejection fraction of 58%. In addition to aspirin, which of the following drugs should be added to this patient's medication regimen?

Options:
A: Nifedipine
B: Enoxaparin
C: Clopidogrel
D: Spironolactone
E: Propranolol
""",C,C,True,"The patient has been treated for acute coronary syndrome (ACS) and has undergone percutaneous transluminal coronary angioplasty (PTCA). After PTCA, patients are at increased risk for thrombotic events, and dual antiplatelet therapy is recommended to prevent these events. Aspirin is one component of this therapy. The other component is typically a P2Y12 inhibitor, such as clopidogrel. Nifedipine is a calcium channel blocker and is not typically used for post-ACS management. Enoxaparin is a low molecular weight heparin and could be used in the acute setting, but it is not typically continued long-term after PTCA. Spironolactone is an aldosterone antagonist and is used for heart failure and post-myocardial infarction, but not as standard post-PTCA therapy. Propranolol is a beta-blocker and could be used in ACS, but not as part of the standard post-PTCA dual antiplatelet therapy.

Therefore, the answer is (C) Clopidogrel.","The document focuses on acute coronary syndrome (ACS), detailing the definitions and pathophysiology of stable angina, unstable angina (UA), and acute myocardial infarction (AMI). It emphasizes the importance of early recognition and management of AMI, including prehospital care with ECG, ASA, nitroglycerin, and oxygen administration. The document outlines risk factors for coronary artery disease (CAD) and atypical ACS presentations, highlighting the diagnostic challenges and potential for delayed treatment in atypical cases. It describes the progression of ECG changes in STEMI and the significance of Wellens' sign, a predictor of critical LAD artery stenosis. The document also lists early complications of AMI, such as arrhythmias and cardiogenic shock, and their management strategies. Additionally, it provides a differential diagnosis for ST-elevation and describes ECG features of various cardiac conditions, including benign early repolarization, pericarditis, and bundle branch blocks.
---
This document provides an in-depth discussion on the management of Acute Coronary Syndrome (ACS), focusing on diagnostic criteria, treatment strategies, and specific considerations in various clinical scenarios. Key topics include the pathophysiology of ACS, emphasizing the importance of serial ECGs due to their limited sensitivity in initial presentations. The Sgarbossa criteria are highlighted for diagnosing AMI in patients with pre-existing left bundle branch block (LBBB). The document also covers Takotsubo cardiomyopathy, characterized by ST elevation without obstructive coronary artery disease, often triggered by stress. The kinetics of cardiac biomarkers, particularly troponins and CK-MB, are detailed, noting their diagnostic timelines and limitations. Management strategies for ACS include the use of antiplatelet and antithrombotic therapies, with specific guidelines for the use of fibrinolytics and PCI, including eligibility criteria and contraindications. The document also addresses the management of",cc-78.md | cc-78-1.md,14.91557502746582,14.764775276184082,"What is the underlying pathophysiology of acute coronary syndrome (ACS)?
What medications are typically recommended for initial management of ACS?
Which medication among the options provided is indicated for long-term management of ACS?"
"A 59-year-old overweight woman presents to the urgent care clinic with the complaint of severe abdominal pain for the past 2 hours. She also complains of a dull pain in her back with nausea and vomiting several times. Her pain has no relation with food. Her past medical history is significant for recurrent abdominal pain due to cholelithiasis. Her father died at the age of 60 with some form of abdominal cancer. Her temperature is 37°C (98.6°F), respirations are 15/min, pulse is 67/min, and blood pressure is 122/98 mm Hg. Physical exam is unremarkable. However, a CT scan of the abdomen shows a calcified mass near her gallbladder. Which of the following diagnoses should be excluded first in this patient?

Options:
A: Acute cholecystitis
B: Gallbladder cancer
C: Choledocholithiasis
D: Pancreatitis
E: Duodenal peptic ulcer",B,B,True,"The patient is a 59-year-old overweight woman presenting with severe abdominal pain, back pain, nausea, and vomiting. Her pain is not related to food intake. She has a history of recurrent abdominal pain due to cholelithiasis. The presence of a calcified mass near her gallbladder on a CT scan is a significant finding.

Given her history of cholelithiasis, the differential diagnosis includes acute cholecystitis, gallbladder cancer, choledocholithiasis, pancreatitis, and duodenal peptic ulcer. Acute cholecystitis typically presents with pain related to food intake, fever, and leukocytosis, which is not the case here. Choledocholithiasis would also typically present with pain related to food intake and possibly jaundice. Pancreatitis often presents with epigastric pain that may radiate to the back, but it is not typically associated with a calcified mass near the gallbladder. A duodenal peptic ulcer would not explain the calcified mass near the gallbladder and is less likely to cause back pain.

Gallbladder cancer is a possibility given the patient's age, the presence of a calcified mass near the gallbladder, and her history of cholelithiasis, which is a risk factor for gallbladder cancer. The lack of specific symptoms for gallbladder cancer (such as weight loss, anorexia, or jaundice) does not exclude this diagnosis. The presence of a calcified mass in the gallbladder area is particularly concerning for gallbladder cancer, especially in the context of her family history of abdominal cancer.

Therefore, the answer is (B) Gallbladder cancer.",,,0.0,0.0,"What is the most likely diagnosis for this patient based on her symptoms and imaging findings?
What are the common complications associated with this condition?
What other conditions should be considered in the differential diagnosis for this patient?"
"A 29-year-old man presents to the emergency department due to central chest pain over the past 3 days which is constant and unrelated to exertion. The pain is sharp, severe, increases when lying down, and improves with leaning forward. The pain also radiates to his shoulders and neck. The patient has no past medical history. He has smoked 10 cigarettes per day for the past 7 years and occasionally drinks alcohol. He presents with vital signs: blood pressure 110/70 mm Hg, regular radial pulse of 95/min, and temperature 37.3°C (99.1°F). On physical exam, a scratching sound of to-and-from character is audible over the left sternal border at end-expiration with the patient leaning forward. His chest X-ray is normal and ECG is shown in the picture. Which of the following is the optimal therapy for this patient?

Options:
A: Indomethacin +/- omeprazole
B: Ibuprofen + colchicine +/- omeprazole
C: Prednisone + colchicine
D: Pericardiocentesis
E: Pericardiectomy",B,B,True,"The patient's symptoms of central chest pain that is sharp, severe, increases when lying down, and improves with leaning forward, along with the radiation of pain to the shoulders and neck, are suggestive of pericarditis. The presence of a pericardial friction rub, which is described as a scratching sound that is audible over the left sternal border at end-expiration with the patient leaning forward, further supports this diagnosis. The fact that the pain is positional and the patient's vital signs are relatively stable also point towards pericarditis rather than acute myocardial infarction or other cardiac conditions.

The normal chest X-ray helps rule out other causes of chest pain such as pneumonia or aortic dissection. While the ECG is mentioned as being shown in the picture, it is not described in the question, but it is likely non-specific since no abnormalities are highlighted that would suggest an alternative diagnosis.

The optimal therapy for acute pericarditis typically includes nonsteroidal anti-inflammatory drugs (NSAIDs) to reduce inflammation and pain. Colchicine is also used to decrease the risk of recurrence. Indomethacin is one of the NSAIDs that can be used for this purpose. Prednisone, a corticosteroid, is generally reserved for cases where NSAIDs are contraindicated or have failed. Pericardiocentesis is indicated for patients with pericardial effusion and cardiac tamponade, which does not seem to be the case here. Pericardiectomy is a more invasive procedure that is considered in constrictive pericarditis or recurrent pericarditis not responding to medical therapy.

Given the information provided, the best initial treatment for this patient would be NSAIDs to address the inflammation and pain, possibly in combination with colchicine for its anti-inflammatory and gastroprotective effects.

Therefore, the answer is (B) Ibuprofen + colchicine +/- omeprazole.",,,0.0,0.0,"What is the most likely diagnosis for this patient?
What are the typical clinical features of this condition?
What is the optimal therapy for this patient?"
"A 46-year-old man is brought to the emergency department for evaluation of altered mental status. He was found on the floor in front of his apartment. He is somnolent but responsive when aroused. His pulse is 64/min, respiratory rate is 15/min, and blood pressure is 120/75 mm Hg. On physical examination, an alcoholic smell and slurred speech are noted. Neurological exam shows diminished deep tendon reflexes bilaterally and an ataxic gait. His pupils are normal. Blood alcohol concentration is 0.04%. An ECG shows no abnormalities. Which of the following is the most likely cause of this patient's symptoms?

Options:
A: Hypoglycemia
B: Cerebral ischemia
C: Ethanol intoxication
D: Cannabis intoxication
E: Benzodiazepine intoxication
""",E,C,False,"The patient presents with altered mental status, somnolence, an alcoholic smell, slurred speech, diminished deep tendon reflexes, and an ataxic gait. The blood alcohol concentration is 0.04%, which is above the legal intoxication level in many jurisdictions but may not be sufficiently high to cause severe intoxication symptoms. However, the presence of an alcoholic smell and slurred speech, along with the ataxic gait and the absence of other abnormal findings such as abnormal pupils or ECG changes, suggests that the symptoms are likely due to alcohol consumption.

Hypoglycemia (A) can cause altered mental status, but there is no information provided about blood glucose levels, and the presence of an alcoholic smell and slurred speech points away from this diagnosis.

Cerebral ischemia (B) could cause altered mental status, but it is less likely in the absence of risk factors, symptoms of stroke, or abnormal neurological findings such as focal deficits, which are not described in the scenario.

Ethanol intoxication (C) is consistent with the presentation, including the smell of alcohol, slurred speech, ataxic gait, and diminished reflexes. The blood alcohol concentration supports this diagnosis, although the level is not extremely high.

Cannabis intoxication (D) can cause altered mental status and ataxia, but the smell of alcohol and the patient's presentation are more indicative of ethanol intoxication.

Benzodiazepine intoxication (E) can also present with altered mental status and ataxia, but the patient's history and presentation are more consistent with alcohol intoxication, and benzodiazepine intoxication would not explain the alcoholic smell.

Given the information provided, the most likely cause of the patient's symptoms is ethanol intoxication. Therefore, the answer is (C) Ethanol intoxication.",,,0.0,0.0,"What is the most likely cause of this patient's symptoms?
What are the typical clinical features of ethanol intoxication?
What diagnostic test would be most useful in confirming the diagnosis?"
"A 6-year-old boy is brought to the emergency department by his mother for worsening wheezing and shortness of breath over the past day. He has not had a fever, cough, vomiting, or diarrhea. He has asthma and eczema. He uses a glucocorticoid inhaler and an albuterol inhaler but has missed his medications for the past week while on vacation. He appears uncomfortable. His temperature is 36°C (96.8°F), pulse is 120/min, respirations are 40/min, and blood pressure is 100/80. Expiratory and inspiratory wheezing is heard throughout both lung fields. There are moderate intercostal and subcostal retractions and a decreased inspiratory to expiratory ratio. Nebulized albuterol and ipratropium treatments and intravenous methylprednisolone are given in the emergency department for a presumed asthma exacerbation. One hour later, the child is limp and lethargic. Magnesium sulfate is administered. His temperature is 36°C (96.8°F), pulse is 150/min, respirations are 22/min, and blood pressure is 100/70. No wheezing is heard on repeat pulmonary examination. Which of the following is the most appropriate next step in management?

Options:
A: Intubate with mechanical ventilation
B: Perform needle thoracostomy at the 2nd intercostal space
C: Perform bronchoscopy
D: Provide helium and oxygen mixture
E: Provide additional dose of methylprednisolone",A,A,True,"The patient is a 6-year-old boy with a history of asthma and eczema, presenting with worsening wheezing and shortness of breath. He has missed his asthma medications for a week and is now experiencing an acute exacerbation. Initial treatment with nebulized albuterol and ipratropium, along with intravenous methylprednisolone, is appropriate for a severe asthma exacerbation. However, one hour later, the child has become limp and lethargic, and there is a significant change in his pulmonary examination, with no wheezing heard. This suggests that his condition has deteriorated, likely due to severe bronchospasm or impending respiratory failure.

The absence of wheezing on repeat examination is particularly concerning, as it may indicate a severe exacerbation that is not responding to initial treatments. The patient's vital signs show tachycardia and tachypnea with a decreased inspiratory to expiratory ratio, which are signs of respiratory distress.

Given the options provided:

A: Intubation with mechanical ventilation is a consideration for severe asthma exacerbations that do not respond to initial treatments and when the patient is in respiratory failure or imminent respiratory failure.

B: A needle thoracostomy (chest tube placement) is indicated for a pneumothorax or pleural effusion, which does not seem to be the case here.

C: Bronchoscopy is a diagnostic procedure and is not the immediate next step in the management of a severe asthma exacerbation.

D: Providing a helium and oxygen mixture (Heliox) can help reduce the work of breathing in obstructive lung diseases, but it is not the primary intervention for a patient in acute respiratory failure.

E: While additional steroids could be considered in the management of an asthma exacerbation, the patient's current state suggests that he requires immediate respiratory support.

Considering the urgency of the situation and the need for immediate intervention to support the patient's breathing, the most appropriate next step in management is to secure the airway and provide respiratory support.

Therefore, the answer is (A) Intubate with mechanical ventilation.",,,0.0,0.0,"What is the most likely cause of this patient's acute respiratory distress?
How does this condition typically present and progress?
What are the initial management steps for this condition?"
"A 3-year-old boy presents to the emergency department with a ‘cough-like-a-seal bark’ and a high-pitched inspiratory noise that is audible without a stethoscope. His mother reports that his cough has worsened over the last few hours. The patient's blood pressure is 118/78 mm Hg, pulse is 90/min, respiratory rate is 35/min, and temperature is 38.3°C (101.1°F). On physical examination, the boy is sitting and leaning forward in apparent respiratory distress with suprasternal and intercostal retractions. Auscultation reveals inspiratory stridor without wheezing. He has a frequent barking cough and a hoarse voice when he speaks. What is a chest X-ray likely to show?

Options:
A: Diffuse streaky infiltrates
B: Increased interstitial markings
C: Lobar consolidation in the lingual
D: Thumbprint sign on the lateral image
E: Steeple sign",E,E,True,"The patient's presentation with a 'cough-like-a-seal bark', high-pitched inspiratory noise audible without a stethoscope, and inspiratory stridor, along with the presence of a fever, suggests a diagnosis of bacterial tracheitis. This is supported by the description of the patient being in respiratory distress and the presence of stridor, which is atypical for croup and would not respond to usual treatments for croup.

The typical radiographic findings in bacterial tracheitis include subglottic narrowing, a ragged edge of the tracheal air column, and a hazy density within the tracheal lumen, which can mimic the appearance of airway foreign bodies. The epiglottis and supraglottic structures appear normal, and there may also be coexisting pneumonia.

Given the options provided:

A: Diffuse streaky infiltrates - This is more suggestive of viral infections or atypical pneumonia, not typical of bacterial tracheitis.
B: Increased interstitial markings - This can be seen in interstitial lung diseases or viral infections, but not specifically indicative of bacterial tracheitis.
C: Lobar consolidation in the lingual - This is not a typical finding in bacterial tracheitis and is more indicative of pneumonia.
D: Thumbprint sign on the lateral image - This is associated with epiglottitis, which is not the case here as the epiglottis appears normal.
E: Steeple sign - This is a classic radiographic finding in bacterial tracheitis, where the subglottic narrowing creates a tapering appearance of the upper trachea on a frontal chest radiograph, resembling a church steeple.

Based on the information provided and the typical findings in bacterial tracheitis, the chest X-ray is likely to show the steeple sign. Therefore, the answer is (E) Steeple sign.","Features that suggest bacterial tracheitis include a viral prodrome followed by acute decompensation, symptoms atypical for croup (e.g., high fever, cyanosis, severe distress), poor response to usual treatment of croup (e.g., steroids, aerosolized epinephrine), and inspiratory and expiratory stridor.  
Labs = not helpful. Blood cultures = usually negative.  
Findings on plain radiographs include subglottic narrowing, a ragged edge of the usually smooth tracheal air column, and a hazy density within the tracheal lumen, mimicking the appearance of airway foreign bodies. The epiglottis and supraglottic structures appear normal. In addition, the chest radiograph may reveal coexisting pneumonia. Bronchoscopy is diagnostic and therapeutic and should be performed emergently.",cc-168.md,14.642348289489746,14.642348289489746,"What is the likely diagnosis for this patient?
What is the typical radiographic finding associated with this diagnosis?
What is the likely diagnosis for a 3-year-old boy presenting with a 'cough-like-a-seal bark,' high-pitched inspiratory noise, and respiratory distress?
What is the typical radiographic finding associated with the diagnosis of croup?"
"A 4-year-old previously healthy boy presents with 4 days of intermittent vomiting and 5-6 daily loose stools. His mother noted bloody stools and decreased oral intake of food and water over the last 24 hours. He is normally in daycare; however, he has been home for the past 3 days. On physical exam his temperature is 102.2°F (39°C), blood pressure is 140/90 mmHg, pulse is 120/min, respirations are 22/min and O2 saturation is 99% on room air. He has dry mucous membranes. On abdominal exam you note diffuse tenderness to palpation without rebound or guarding. There are no masses, hepatosplenomegaly, and bowel sounds are hyperactive. Ultrasound of the right lower quadrant is negative for appendicitis. Stool is guaiac positive. He receives 15mg/kg acetaminophen and fluids are started. The next day, he complains of lower extremity weakness and tingling. On repeat exam, lower extremity strength is 3/5 with diminished patellar deep tendon reflexes. Which of the following lab findings would most likely be seen in this patient?

Options:
A: Gram stain positive CSF
B: Peripheral eosinophilia
C: Xanthochromia on cerebrospinal fluid analysis
D: Increased cerebrospinal fluid protein with normal cell count
E: Oligoclonal bands on cerebrospinal fluid analysis",D,D,True,"The patient presents with symptoms of intermittent vomiting, loose stools with bloody stools, decreased oral intake, high fever, and signs of dehydration (dry mucous membranes). The presence of bloody stools and a positive guaiac test suggests gastrointestinal bleeding. The initial presentation could be consistent with a gastrointestinal infection, such as bacterial enteritis or viral gastroenteritis. However, the development of lower extremity weakness and tingling, along with diminished patellar deep tendon reflexes, indicates a neurological complication.

Given the clinical context, one possible diagnosis is Guillain-Barré syndrome (GBS), which is an acute inflammatory demyelinating polyradiculoneuropathy that often follows an infection. GBS can present with ascending weakness and areflexia (absent reflexes), which fits the description of the patient's symptoms.

Now let's analyze the answer choices in relation to GBS:

A: Gram stain positive CSF would suggest bacterial meningitis, which is not consistent with the patient's presentation.
B: Peripheral eosinophilia is typically associated with parasitic infections or allergic reactions, not GBS.
C: Xanthochromia on cerebrospinal fluid analysis is associated with subarachnoid hemorrhage, which is not indicated by the patient's symptoms or the negative right lower quadrant ultrasound for appendicitis.
D: Increased cerebrospinal fluid protein with normal cell count is characteristic of GBS, as the condition involves an immune-mediated process that affects the peripheral nerves and leads to albuminocytological dissociation in the CSF.
E: Oligoclonal bands on cerebrospinal fluid analysis are typically associated with multiple sclerosis and other inflammatory conditions of the central nervous system, not GBS.

Based on the patient's presentation and the typical findings in Guillain-Barré syndrome, the most likely lab finding would be increased cerebrospinal fluid protein with a normal cell count. Therefore, the answer is (D) Increased cerebrospinal fluid protein with normal cell count.",,,0.0,0.0,"What is the most likely diagnosis for this patient?
What is the pathophysiology behind this condition?
What are the initial management steps for this condition?"
"A 42-year-old woman comes to the emergency department because of a 2-day history of right upper abdominal pain and nausea. She is 163 cm (5 ft 4 in) tall and weighs 91 kg (200 lb); her BMI is 34 kg/m2. Her temperature is 38.5°C (101.3°F). Physical examination shows a distended abdomen and right upper quadrant tenderness with normal bowel sounds. Laboratory studies show:
Leukocyte count 14,000/mm3
Serum
Total bilirubin 1.1 mg/dL
AST 32 U/L
ALT 40 U/L
Alkaline phosphatase 68 U/L
Abdominal ultrasonography is performed, but the results are inconclusive. Cholescintigraphy shows the intrahepatic bile ducts, hepatic ducts, common bile duct, and proximal small bowel. Which of the following is the most likely cause of this patient's symptoms?""

Options:
A: Autodigestion of pancreatic parenchyma
B: Hypomotility of the gallbadder
C: Fistula between the gallbladder and small intestine
D: Infection with a hepatotropic virus
E: Obstruction of the cystic duct",E,C,False,"The patient presents with right upper abdominal pain, nausea, fever, and a distended abdomen. The laboratory studies show an elevated leukocyte count, which indicates an infection or inflammation. The liver function tests (AST, ALT, and alkaline phosphatase) are within normal limits or slightly elevated, which does not point to a specific liver pathology. The inconclusive abdominal ultrasonography and the cholescintigraphy showing the intrahepatic bile ducts, hepatic ducts, common bile duct, and proximal small bowel suggest that there might be an issue with the biliary system or its surrounding structures.

Let's evaluate the options:

A: Autodigestion of pancreatic parenchyma - This would typically present with more severe abdominal pain and often elevated pancreatic enzymes, which are not mentioned here.

B: Hypomotility of the gallbladder - This could cause biliary pain but would not typically result in a distended abdomen or the imaging findings described.

C: Fistula between the gallbladder and small intestine - A fistula could cause abdominal pain and a distended abdomen, and it might be seen on cholescintigraphy. This could be a potential cause of the symptoms.

D: Infection with a hepatotropic virus - This would more likely cause liver function test abnormalities and systemic symptoms, which are not prominent in this case.

E: Obstruction of the cystic duct - This would typically present with gallbladder wall thickening and possibly stones on ultrasonography, which was inconclusive in this case.

Given the information provided and the imaging findings, a fistula between the gallbladder and the small intestine (option C) seems to be the most likely cause of the patient's symptoms. This would explain the distended abdomen, the fever, and the abnormal findings on cholescintigraphy.

Therefore, the answer is (C) Fistula between the gallbladder and small intestine.",,,0.0,0.0,"What is the most likely cause of the patient's symptoms?
What diagnostic test would be most useful in identifying the cause?
What are the typical symptoms and clinical findings associated with this condition?"
"A 22-year-old woman is brought to the emergency department because of a 2-day history of fever, intermittent rigors, and night sweats. She also has a 1-month history of progressive fatigue. Five weeks ago, she was hospitalized and received intravenous antibiotics for treatment of bacterial meningitis while visiting relatives in Guatemala. Her temperature is 39.4°C (102.9°F), pulse is 130/min, and blood pressure is 105/70 mm Hg. Examination shows pallor and scattered petechiae and ecchymoses. Laboratory studies show a hemoglobin concentration of 9.0 g/dL, a leukocyte count of 1,100/mm3 with 30% segmented neutrophils, and a platelet count of 20,000/mm3 . Blood cultures grow coagulase-negative staphylococci. The patient was most likely treated with which of the following antibiotics?

Options:
A: Doxycycline
B: Trimethoprim/sulfamethoxazole
C: Vancomycin
D: Linezolid
E: Chloramphenicol",E,C,False,"The patient presents with fever, intermittent rigors, night sweats, and a history of recent hospitalization and treatment for bacterial meningitis. The current symptoms and laboratory findings suggest a possible case of disseminated infection, given the fever, pallor, petechiae, ecchymoses, anemia (low hemoglobin), leukopenia (low leukocyte count), and thrombocytopenia (low platelet count). The growth of coagulase-negative staphylococci in blood cultures indicates a staphylococcal bacteremia, which can be a result of a healthcare-associated infection.

Considering the patient was hospitalized and received intravenous antibiotics for bacterial meningitis, it is important to choose an antibiotic that would be commonly used to treat staphylococcal infections. Among the options provided:

A) Doxycycline is an antibiotic that can be used for a variety of infections, including some caused by staphylococci, but it is not typically the first choice for severe, hospital-acquired infections.
B) Trimethoprim/sulfamethoxazole is commonly used for urinary tract infections and Pneumocystis pneumonia, but not typically for serious staphylococcal infections.
C) Vancomycin is a glycopeptide antibiotic that is often used to treat serious infections caused by gram-positive bacteria, including methicillin-resistant Staphylococcus aureus (MRSA).
D) Linezolid is an oxazolidinone antibiotic used for gram-positive infections, including those caused by MRSA, but it is not typically the first-line treatment for staphylococcal bacteremia.
E) Chloramphenicol is an antibiotic that can be used for a variety of infections but is not commonly used for staphylococcal infections and has significant side effects that limit its use.

Given the clinical context and the need to treat a serious staphylococcal infection, vancomycin (option C) is the most likely antibiotic to have been used in this patient's treatment, as it is broadly effective against gram-positive bacteria, including resistant strains, and is commonly used in severe infections.

Therefore, the answer is (C) Vancomycin.","Given the lack of evidence available to guide us, there is tremendous uncertainty in the most appropriate management plan for these patients. We should be open about that uncertainty with our patients and involve them in shared decision-making to ensure that the chosen management plan matches their personal values.",sgem-367.md,13.826622009277344,13.826622009277344,"What is the most likely underlying pathophysiology of this patient's condition?
Which initial management strategy would be most appropriate for this patient's condition?
Which imaging modality would be most useful in diagnosing this patient's condition?"
"A 27-year-old man presents to the emergency department. He was brought in by staff from the homeless shelter when they found him unresponsive. The patient is a known IV drug abuser but otherwise has an unknown past medical history. He currently attends a methadone clinic. His temperature is 99.5°F (37.5°C), blood pressure is 97/48 mmHg, pulse is 140/min, respirations are 29/min, and oxygen saturation is 98% on room air. Initial laboratory values are shown below.

Serum:
Na+: 139 mEq/L
Cl-: 100 mEq/L
K+: 6.3 mEq/L
HCO3-: 17 mEq/L
Glucose: 589 mg/dL

The patient is given treatment. After treatment, his temperature is 99.5°F (37.5°C), blood pressure is 117/78 mmHg, pulse is 100/min, respirations are 23/min, and oxygen saturation is 98% on room air. His laboratory values are seen below.

Serum:
Na+: 139 mEq/L
Cl-: 100 mEq/L
K+: 4.3 mEq/L
HCO3-: 19 mEq/L
Glucose: 90 mg/dL

Which of the following is the best next step in management?

Options:
A: Insulin, IV fluids, and potassium
B: Insulin, potassium, IV fluids, and glucose
C: IV fluids only
D: Oral rehydration
E: Supportive therapy and close monitoring",B,A,False,"The patient initially presents with hyperglycemia (glucose of 589 mg/dL), which is consistent with hyperglycemic hyperosmolar state (HHS), a condition often seen in type 2 diabetes mellitus. The high glucose level leads to an osmotic diuresis, causing dehydration and electrolyte imbalances. The low potassium (K+) level is likely due to the shift of potassium into cells in response to the acidosis caused by the high blood glucose level. The low bicarbonate (HCO3-) level indicates metabolic acidosis, also a result of the high glucose level.

After treatment, which likely included insulin to lower the blood glucose and IV fluids to address dehydration, the patient's glucose level has improved (90 mg/dL), and the potassium level has increased to 4.3 mEq/L, which is still low but closer to the normal range. The HCO3- level has also increased to 19 mEq/L, indicating correction of the metabolic acidosis.

Given that the patient's potassium remains low, it is important to address this issue to prevent cardiac complications. While the patient does not need oral rehydration (as indicated by the history of IV fluids already being administered), and supportive therapy and close monitoring are important, the patient still requires potassium replacement to correct the hypokalemia. Insulin is still needed to manage the hyperglycemia, but since the glucose level has improved, it is not the immediate next step. IV fluids are likely still needed to continue correcting the dehydration, but this is not an option listed here.

Therefore, the answer is (A) Insulin, IV fluids, and potassium.",,,0.0,0.0,
"A one-day-old male is evaluated in the hospital nursery for bilious vomiting. The patient has urinated multiple times since birth but has not yet passed meconium. He was born at 38 weeks gestation to a 36-year-old gravida 3 via vaginal delivery. The pregnancy was complicated by gestational diabetes. The patient’s mother received routine prenatal care and declined first trimester screening. She subsequently underwent a quadruple screen at 15 weeks gestation that demonstrated decreased maternal serum alpha-fetoprotein (AFP), increased beta-hCG, decreased unconjugated estriol, and increased inhibin A. Her last ultrasound prior to onset of labor demonstrated an amniotic fluid index (AFI) of 28 cm. The patient’s two older siblings are both healthy. The patient’s temperature is 97.8°F (36.6°C), blood pressure is 58/37 mmHg, pulse is 166/min, and respirations are 38/min. On physical exam, the patient is in moderate distress. His abdomen is firm and distended with hypoactive bowel sounds.

Which of the following is the most likely etiology of this fetus’s presentation?

Options:
A: Duodenal atresia
B: Intestinal malrotation
C: Meconium ileus
D: Necrotizing enterocolitis
E: Pyloric stenosis",A,A,True,"The patient is a one-day-old male with bilious vomiting and failure to pass meconium since birth. The history of gestational diabetes in the mother is notable, as infants of diabetic mothers have an increased risk of certain conditions, including birth defects. The patient's vital signs show a slightly elevated temperature, low blood pressure, tachycardia, and increased respiratory rate, which could indicate distress. The physical exam findings of a firm and distended abdomen with hypoactive bowel sounds are suggestive of an intestinal obstruction or another serious gastrointestinal condition.

The quadruple screen results from the mother, which showed decreased maternal serum alpha-fetoprotein (AFP), increased beta-hCG, decreased unconjugated estriol, and increased inhibin A, are suggestive of a chromosomal abnormality, specifically Down syndrome. Infants with Down syndrome have an increased risk of certain conditions, including gastrointestinal anomalies such as duodenal atresia.

Duodenal atresia (A) is a congenital condition that can present with bilious vomiting and a distended abdomen due to obstruction. It is associated with Down syndrome, which is consistent with the abnormal quadruple screen results.

Intestinal malrotation (B) typically presents earlier in the neonatal period with more acute and severe abdominal pain, and it is not necessarily associated with the abnormal quadruple screen results.

Meconium ileus (C) is associated with cystic fibrosis and presents with a failure to pass meconium, but the bilious vomiting and the abnormal quadruple screen results make this less likely.

Necrotizing enterocolitis (D) is more common in premature infants and is less likely in a term infant, even though the patient was born at 38 weeks gestation.

Pyloric stenosis (E) typically presents later in infancy, usually around 2-8 weeks of age, with non-bilious vomiting, and it is not associated with the abnormal quadruple screen results.

Considering the clinical presentation, the associated risk factors, and the abnormal quadruple screen results, the most likely etiology of this fetus's presentation is duodenal atresia. Therefore, the answer is (A) Duodenal atresia.","The exact pathophysiologic mechanism of NEC is unclear but is likely multifactorial. Prematurity is the most common and universally accepted risk factor; 90% of all affected infants are born prematurely. The primary pathologic event may be inflammation or injury to the intestinal wall, beginning in the mucosa and extending transmural.",cc-172.md,14.388530731201172,14.388530731201172,"What is the most likely etiology of this newborn's presentation?
What prenatal finding is associated with the patient's condition?
What is the likely underlying pathophysiology of the newborn's condition?"
"A man is brought into the emergency department by the police department. The officer state that the man has been arrested multiple times for public alcohol intoxication, but recently became homeless. On exam, the man is behaving erratically. His vitals are all within normal limits. He appears confused and has a slurred speech. On gait exam, the patient is ataxic and cannot stand without support for more than a few seconds. Labs return with the following values: Na 140, K 4, Cl 106, BUN 8, Cr 2. His ABG has pH 7.3, PaCO2 13mm, PaO2 130mm, HCO3 7. His urinalysis is shown in Figure 1. Blood salicylate levels return as normal. While you await other diagnostic tests, which of the following should be administered next to treat this patient?

Options:
A: Ethanol
B: Naltrexone
C: Naloxone
D: Flumazenil
E: Fomepizole",E,E,True,"The patient presents with confusion, slurred speech, ataxia, and a history of multiple arrests for public alcohol intoxication. His labs show a normal sodium level, low potassium, normal chloride, elevated BUN, and normal creatinine. The ABG results indicate a pH of 7.3, which is acidic, a low PaCO2, and a normal PaO2, with a bicarbonate level that is on the lower end of normal. These findings suggest a metabolic acidosis with a compensatory respiratory alkalosis (low PaCO2).

Given the patient's history and presentation, one must consider toxic alcohol ingestion, such as methanol or ethylene glycol, which can present with ataxia and metabolic acidosis. The normal blood salicylate levels rule out salicylate toxicity. The urinalysis (not shown) may provide clues to toxic alcohol ingestion, such as the presence of calcium oxalate crystals which are seen with ethylene glycol ingestion.

The treatment for toxic alcohol ingestion involves inhibiting the metabolism of the alcohol to its toxic metabolites. Fomepizole is an alcohol dehydrogenase inhibitor used to treat methanol and ethylene glycol poisoning. Ethanol also acts as an alcohol dehydrogenase inhibitor and can be used as a treatment for toxic alcohol ingestion, but it is less preferred due to the risk of intoxication and other side effects. Naltrexone is an opioid antagonist and would not be indicated in this case. Naloxone is an opioid antagonist and would not be indicated unless there was evidence of opioid overdose. Flumazenil is a benzodiazepine antagonist and would not be indicated here either.

Therefore, the answer is (E) Fomepizole.",,,0.0,0.0,"What is the patient's presenting condition and what are the leading differential diagnoses?
What are the key clinical features that would help in differentiating between the leading differential diagnoses?
What are the initial management steps for the most likely diagnosis?"
"A medical research study is evaluating an investigational novel drug (medication 1) compared with standard therapy (medication 2) in patients presenting to the emergency department with myocardial infarction (MI). The study enrolled a total of 3,000 subjects, 1,500 in each study arm. Follow-up was conducted at 45 days post-MI. The following are the results of the trial:
Endpoints Medication 1 Medication 2 P-Value
Primary: death from cardiac causes 134 210 0.03
Secondary: hyperkalemia 57 70 0.4
What is the number needed to treat (NNT) for the primary endpoint of death from cardiac causes? (Round to the nearest whole number.)

Options:
A: 5
B: 16
C: 20
D: 30
E: 50",C,D,False,"First, we need to calculate the number needed to treat (NNT) which is the average number of patients who need to be treated to prevent one additional bad outcome (in this case, death from cardiac causes). The NNT is calculated as the inverse of the absolute risk reduction (ARR).

To find the ARR, we subtract the event rate of the control group (medication 2) from the event rate of the treatment group (medication 1):

ARR = Event rate of Medication 1 - Event rate of Medication 2
ARR = 134 / 1500 - 210 / 1500
ARR = 0.0893 - 0.14
ARR = -0.0507

The ARR is negative, which means that Medication 1 is actually worse than Medication 2 in terms of the primary endpoint. Therefore, there is no NNT, as treating patients with Medication 1 would not reduce the risk of death from cardiac causes compared to Medication 2.

However, for the purpose of this question and to provide an answer, we will assume that the ARR is not negative and calculate the NNT as if the treatment is beneficial:

NNT = 1 / ARR
NNT = 1 / (0.0893 - (-0.0507))
NNT = 1 / 0.0386
NNT = 26.3 (rounded to the nearest whole number)

Since the ARR is positive but very close to the threshold of being zero, the NNT is quite high. However, since the question asks for the number to the nearest whole number, we would round this up to the next whole number.

Therefore, the answer is (D) 30.",,,0.0,0.0,
"A 15-year-old woman presents with fever, altered mental status and a petechial rash on her lower extremities and back since yesterday evening. She also says she has been nauseous for the past 3 hours and has vomited twice. The patient mentions she has had heavy menstrual bleeding for the past few days. Her blood pressure is 95/80 mm Hg and her temperature is 40.0°C (104.0°F). On physical examination, the patient appears diaphoretic. A pelvic examination reveals a tampon in her vagina. Binding and activation of which of the following T cell receptors is responsible for this patient’s most likely condition?

Options:
A: B7 receptor
B: Variable β-sequence of the T cell receptor
C: CD40
D: CD3
E: IgCAM",B,B,True,"The patient presents with fever, altered mental status, a petechial rash, nausea, vomiting, heavy menstrual bleeding, hypotension (blood pressure of 95/80 mm Hg), and high fever. These symptoms are suggestive of toxic shock syndrome (TSS). TSS is often associated with the use of superantigens, which are exotoxins produced by certain bacteria, such as Staphylococcus aureus and Streptococcus pyogenes. These superantigens cause a massive activation of T cells, leading to a systemic inflammatory response.

Superantigens bind to the major histocompatibility complex (MHC) class II molecules and T cell receptor (TCR) on the surface of cells, but they do so outside of the normal antigen binding groove. This leads to the activation of a large number of T cells without the need for antigen processing and presentation, which is typically restricted to peptide-MHC complexes.

The variable β-sequence of the T cell receptor (option B) is not specific to the mechanism of superantigen activation. The B7 receptor (option A) and CD40 (option C) are involved in co-stimulatory signals required for T cell activation, but they are not the primary receptors involved in superantigen-mediated T cell activation. IgCAM (option E) is an immunoglobulin-like cell adhesion molecule and is not directly involved in T cell receptor activation.

CD3 (option D) is a complex of proteins associated with the T cell receptor and is involved in signal transduction following antigen recognition. In the context of superantigen activation, the T cell receptor itself, which includes the variable β-sequence, is responsible for the non-specific activation of T cells.

Therefore, the answer is (B) Variable β-sequence of the T cell receptor.",,,0.0,0.0,
"A 2-year-old boy is brought to the physician for evaluation of pallor and increasing lethargy for 2 days. One week ago, he experienced abdominal pain, vomiting, and bloody diarrhea that have since subsided. The patient's father states that they returned early from a 6-week roadtrip in Mexico because of these symptoms. His parents have been giving him oral rehydration solution. His immunizations are up-to-date. He appears pale. His temperature is 38.4°C (101.1°F), pulse is 130/min, respirations are 35/min, and blood pressure is 95/50 mm Hg. Examination shows scleral icterus. The abdomen is soft and nontender; there is no rebound or guarding. Bowel sounds are hyperactive. The remainder of the examination shows no abnormalities. Laboratory studies show:
Hemoglobin 8.5 g/dL
Mean corpuscular volume 94 μm3
Leukocyte count 18,000/mm3
Platelet count 45,000/mm3
Prothrombin time 12 sec
Partial thromboplastin time 34 sec
Serum
Urea nitrogen 28 mg/dL
Creatinine 1.6 mg/dL
Bilirubin
Total 2.5 mg/dL
Direct 0.1 mg/dL
Lactate dehydrogenase 1658 U/L
A blood smear shows schistocytes. Which of the following is the most likely diagnosis?""

Options:
A: Henoch-Schönlein Purpura
B: Thrombotic thrombocytopenic purpura
C: Hemolytic uremic syndrome
D: Immune thrombocytopenic purpura
E: Disseminated intravascular coagulation
""",C,C,True,"The patient is a 2-year-old boy presenting with pallor, lethargy, a recent history of abdominal pain, vomiting, and bloody diarrhea, which have since resolved. He has a fever, tachycardia, and tachypnea, and his physical examination reveals scleral icterus and hyperactive bowel sounds. His laboratory studies show anemia, leukocytosis, thrombocytopenia, elevated bilirubin with a predominantly indirect component, elevated urea nitrogen, creatinine, and lactate dehydrogenase, and the presence of schistocytes on a blood smear.

The combination of anemia, thrombocytopenia, renal impairment (elevated urea nitrogen and creatinine), and evidence of hemolysis (elevated bilirubin, indirect component, and lactate dehydrogenase) with schistocytes on the blood smear suggests a microangiopathic hemolytic anemia. The history of recent bloody diarrhea could suggest a diagnosis of hemolytic uremic syndrome (HUS), which is often precipitated by an infection (such as E. coli O157:H7) that leads to the triad of acute renal failure, hemolytic anemia, and thrombocytopenia.

Henoch-Schönlein Purpura (A) typically presents with a purpuric rash, abdominal pain, arthritis, and renal involvement but is less likely to cause severe thrombocytopenia and hemolysis. Thrombotic thrombocytopenic purpura (B) could present with similar laboratory findings but is less common in children and often has neurological symptoms and fever, which are not described here. Immune thrombocytopenic purpura (D) typically presents with isolated thrombocytopenia without the hemolysis or renal involvement. Disseminated intravascular coagulation (E) usually presents with widespread bleeding and coagulopathy, which is not indicated by the normal prothrombin time and partial thromboplastin time in this case.

Given the recent gastrointestinal symptoms, the presence of schistocytes, and the laboratory findings, the most likely diagnosis is hemolytic uremic syndrome. Therefore, the answer is (C) Hemolytic uremic syndrome.",,,0.0,0.0,"What is the most likely diagnosis for a 2-year-old boy with pallor, lethargy, recent gastrointestinal symptoms, fever, and scleral icterus?
What is the leading pathophysiology behind the patient's condition?
What are the initial management steps for this condition?"
"A 4-year-old boy is brought to the emergency department because of severe abdominal pain and bilious vomiting for 6 hours. He has not had bowel movements in the past 24 hours. He appears ill. His temperature is 37.8°C (100°F) and pulse is 122/min. Examination shows a distended abdomen. There is tenderness to palpation in the lower abdomen; guarding and rebound tenderness are present. Bowel sounds are decreased. An x-ray of the abdomen shows dilated loops of bowel. He has been accompanied by his 14-year-old brother. The surgeon recommends an emergency laparotomy. The parents are away visiting friends and cannot be reached. Which of the following is the most appropriate next best step in management?

Options:
A: Get consent from the patient's brother
B: Get consent from the patient
C: Obtain a court order for surgery
D: Perform emergency laparotomy
E: Delay surgery until parental consent",D,D,True,"The patient is a 4-year-old boy presenting with severe abdominal pain, bilious vomiting, absence of bowel movements for 24 hours, fever, tachycardia, abdominal distension, tenderness with guarding and rebound tenderness, decreased bowel sounds, and x-ray evidence of dilated bowel loops. These signs and symptoms are suggestive of an acute surgical abdomen, likely intestinal obstruction or ischemia, which is a surgical emergency.

In emergency situations where immediate intervention is necessary to prevent serious harm or death, and consent cannot be obtained in a timely manner from the parents or legal guardians, surgeons may proceed with life-saving surgery under the legal doctrine of implied consent. This implies that it is assumed that a reasonable person would consent to emergency medical treatment if they were able to do so.

Option A (Get consent from the patient's brother) is not appropriate because the brother is not the legal guardian and his consent would not be legally binding for the patient's treatment.

Option B (Get consent from the patient) is not feasible in this acute emergency setting, as the patient is a child and likely unable to provide consent, and obtaining consent from a child would also require parental involvement.

Option C (Obtain a court order for surgery) is not practical in an emergency situation due to the time constraints involved.

Option D (Perform emergency laparotomy) is the most appropriate next step in management as it aligns with the principle of implied consent in emergencies where delay could result in significant harm or death.

Option E (Delay surgery until parental consent) is not appropriate given the acute nature of the condition and the potential for rapid deterioration.

Therefore, the answer is (D) Perform emergency laparotomy.",,,0.0,0.0,"What is the most likely diagnosis for this patient?
What are the indications for immediate surgical intervention in this condition?
What are the potential complications if surgery is delayed?"
"A 3-week-old male newborn is brought to the hospital because of poor weight gain since birth. He was born at 38 weeks' gestation via normal vaginal delivery. He weighed 3005 g (6 lb, 10 oz) at birth and currently weighs 2835 g (6 lb, 4 oz). He has been latching on and breastfeeding well since birth. His mother has a history of Graves' disease and underwent near-total thyroidectomy in the second trimester of her pregnancy after her symptoms could not be controlled with antithyroid drugs. She is currently receiving L-thyroxine therapy. The patient's temperature is 38.9°C (102°F), pulse is 176/min, and respirations are 42/min. He appears irritable. Examination shows a diaphoretic infant with a paucity of subcutaneous fat. There is swelling of the neck at the midline. Which of the following is the most likely cause?

Options:
A: Transplacental passage of thyroglobulin antibodies
B: Transplacental passage of thyroid peroxidase antibodies
C: Transplacental passage of TSH receptor antibodies
D: Transplacental viral infection
E: Opiate use in the mother",C,C,True,"The newborn has poor weight gain, fever, tachycardia, irritability, and a paucity of subcutaneous fat, along with neck swelling. These symptoms are suggestive of hyperthyroidism. Given the mother's history of Graves' disease and near-total thyroidectomy during pregnancy, the newborn could have been exposed to maternal antibodies that affect thyroid function.

Option A (Transplacental passage of thyroglobulin antibodies) and Option B (Transplacental passage of thyroid peroxidase antibodies) are both related to autoimmune thyroid disease. However, the most common cause of neonatal hyperthyroidism due to maternal antibodies is the transplacental passage of thyroid-stimulating immunoglobulins (TSIs), which are typically thyroid-stimulating hormone receptor antibodies (TSH receptor antibodies).

Option C (Transplacental passage of TSH receptor antibodies) is the most likely cause of neonatal hyperthyroidism in this scenario. These antibodies can cross the placenta and stimulate the fetal thyroid gland, leading to excessive thyroid hormone production.

Option D (Transplacental viral infection) is less likely given the clinical presentation and maternal history.

Option E (Opiate use in the mother) is not related to the symptoms described and is not a likely cause of the newborn's condition.

Therefore, the answer is (C) Transplacental passage of TSH receptor antibodies.",,,0.0,0.0,"What is the most likely cause of the newborn's poor weight gain and other symptoms?
What condition might the newborn have acquired due to the mother's medical history and treatment?
What specific antibody might be responsible for the newborn's symptoms?"
"A 57-year-old female with a past medical history of alcoholism presents to the emergency room vomiting bright red blood. She is accompanied by her partner, who reports that she had been complaining of black and tarry stools for the past several days. Vital signs are temperature 37 degrees celsius, heart rate 141 beats per minute, blood pressure 90/60, respiratory rate 20, and oxygen saturation 99% on room air. On physical examination, she has splenomegaly and a positive fluid wave. The remainder of her examination is within normal limits. The patient is stabilized with intravenous fluids, and her blood pressure improves. Subsequent emergent upper endoscopy reveals bleeding from the submucosal veins in the lower 1/3 of the esophagus, but no gastric bleed. In the endoscopy suite she also receives IV octreotide. After intervention and resolution of her acute bleed, which of the following pharmacologic agents is indicated?

Options:
A: Phentolamine
B: Prazosin
C: Nifedipine
D: Nadalol
E: Doxazosin",D,B,False,"The patient presents with signs of gastrointestinal bleeding, as evidenced by vomiting bright red blood and a history of black and tarry stools (melena). The presence of splenomegaly and a positive fluid wave suggests the possibility of portal hypertension, which is often a complication of cirrhosis, commonly associated with alcoholism. The endoscopy findings of bleeding from the submucosal veins in the lower 1/3 of the esophagus, without gastric bleed, are consistent with esophageal varices, a common complication of portal hypertension.

Octreotide, a somatostatin analog, is used to reduce portal blood flow and control bleeding from esophageal varices. However, it is not typically used as a definitive treatment and is more for acute management.

After the acute bleed is resolved, the patient would likely benefit from a medication that can prevent rebleeding and reduce portal hypertension. Among the options provided, alpha-blockers such as prazosin, doxazosin, and nadolol are used to reduce portal pressure by dilating the splanchnic arterioles. These medications are indicated for the primary prevention of variceal bleeding and secondary prevention after an initial variceal bleeding episode.

Phentolamine is not typically used for this indication, as it is an alpha-blocker that is more commonly used in the management of pheochromocytoma. Nifedipine is a calcium channel blocker that is used for hypertension and angina, but not typically for portal hypertension.

Given the need to prevent rebleeding from esophageal varices, an alpha-blocker such as prazosin (option B) would be the appropriate choice. Therefore, the answer is (B) Prazosin.",,,0.0,0.0,"What is the leading differential diagnosis for a patient presenting with black and tarry stools (melena) and hematemesis?
What pharmacologic agent is indicated for the prevention of recurrent variceal bleeding in a patient with portal hypertension?
What pharmacologic agent is indicated for the prevention of nonvariceal upper gastrointestinal bleeding in a patient with a history of peptic ulcer disease?"
"A 66-year-old man is brought to the emergency room by his wife due to abdominal distension and persistent somnolence for the past 2 weeks. The patient’s wife says that he has been sleeping much more than usual for the past 5 days. His bowel and bladder habit have not changed. His past medical history is significant for alcoholic liver cirrhosis. His vital signs include: pulse 76/min, respiratory rate 15/min, temperature 38.0°C (100.4°F) and blood pressure 122/75 mm Hg. On physical examination, the patient is altered and not responsive to commands. Oriented x 0. The abdomen is significantly distended. Shifting dullness is present and a positive fluid wave can be elicited. Hyperreflexia and asterixis are noted. Laboratory findings are significant for the following:
Laboratory test
Sodium 140 mEq/L
Potassium 3.5 mEq/L
Chloride 97 mEq/L
Glucose 90 mg/dL
Ammonia 100 µg/dL (ref: 19-60 µg/dL)
Arterial blood gas
pH 7.4
pCO2 40 mm Hg
pO2 90 mm Hg
HCO3 26 mEq/L
An abdominal ultrasound shows surface nodularity compatible with cirrhosis but no other changes aside from ascites. An upper GI endoscopy is performed which shows gastric varices with no signs of active bleeding. An MRI of the brain is insignificant. What is the most likely precipitating factor that led to this patient’s condition?

Options:
A: Spontaneous bacterial peritonitis
B: Metabolic alkalosis
C: Variceal gastrointestinal bleeding
D: Portal vein thrombosis
E: Hypoglycemia",A,C,False,"The patient presents with abdominal distension, persistent somnolence, altered mental status (oriented x 0), and signs of hepatic cirrhosis. The presence of shifting dullness and a positive fluid wave indicates ascites, which is a common complication of cirrhosis. The patient also exhibits hyperreflexia and asterixis, which are signs of hepatic encephalopathy.

The laboratory findings show a normal sodium, potassium, and chloride level, a slightly low glucose level, and an elevated ammonia level. The arterial blood gas results indicate a normal pH, pCO2, pO2, and HCO3, which suggests that there is not a primary metabolic acidosis or alkalosis.

Given the elevated ammonia level and the absence of signs of active bleeding from the gastric varices on endoscopy, the most likely precipitating factor for the patient's hepatic encephalopathy is the elevated ammonia level. This can occur due to the liver's inability to detoxify ammonia in cirrhosis, leading to neurological symptoms.

Options A (Spontaneous bacterial peritonitis) and D (Portal vein thrombosis) could also be precipitating factors for hepatic encephalopathy, but there is no evidence of infection (such as fever or leukocytosis) that would suggest spontaneous bacterial peritonitis, and portal vein thrombosis is less common and typically presents with more acute abdominal pain and signs of portal hypertension. Option E (Hypoglycemia) is not likely the precipitating factor since the glucose level is not significantly low, and the symptoms are more consistent with the effects of elevated ammonia. Option B (Metabolic alkalosis) is not supported by the normal HCO3 and pH levels.

Therefore, the answer is (C) Variceal gastrointestinal bleeding.",,,0.0,0.0,"What is the most likely precipitating factor that led to this patient's condition?
What is the leading differential diagnosis for this patient's presentation?
What are the initial management steps for this patient's condition?"
"A 27-year-old man presents to the emergency department after a motor vehicle collision. The patient was the front seat unrestrained driver in a head on collision. The patient’s echocardiogram (ECG) is notable only for sinus tachycardia. His temperature is 99.5°F (37.5°C), blood pressure is 107/58 mmHg, pulse is 120/min, respirations are 17/min, and oxygen saturation is 98% on room air. The patient is given 2 liters of Ringer lactate solution and morphine. Initial workup demonstrates that the patient’s pulmonary capillary wedge pressure and troponins are elevated. The patient is currently complaining of chest pain. Physical exam is notable for an uncomfortable young man with bruising over his chest wall. Which of the following is the most likely diagnosis?

Options:
A: Cardiac contusion
B: Hemorrhage
C: Myocardial infarction
D: Pulmonary contusion
E: Takotsubo cardiomyopathy",A,E,False,"The patient in the question is a 27-year-old man who was involved in a motor vehicle collision. He presents with sinus tachycardia, a slightly elevated temperature, low blood pressure, a high pulse rate, normal respirations, and high oxygen saturation. He has received fluids and morphine, and his workup shows elevated pulmonary capillary wedge pressure and troponins. He is also experiencing chest pain and has bruising over his chest wall.

The elevated pulmonary capillary wedge pressure and troponins could indicate heart injury, but the patient's young age and presentation are more suggestive of a different diagnosis. Elevated troponins can be seen in myocardial infarction (MI), but they can also be elevated in other conditions such as pulmonary embolism, cardiac contusion, and Takotsubo cardiomyopathy.

Cardiac contusion (A) is a possibility given the chest trauma, but it is less likely without rib fractures or lung abnormalities. Myocardial infarction (C) is less likely in a young patient without atherosclerotic risk factors, and the presentation is not typical for MI. Pulmonary contusion (D) could present with chest pain and elevated troponins due to strain, but the patient's normal oxygen saturation and lack of respiratory distress make this less likely.

Takotsubo cardiomyopathy (E), also known as stress-induced cardiomyopathy, is a condition that can present with symptoms similar to a heart attack, including chest pain and elevated troponins. It is often precipitated by emotional or physical stress, such as a car accident. Given the patient's age, presentation, and elevated troponins without clear evidence of myocardial infarction or pulmonary contusion, Takotsubo cardiomyopathy is a possible diagnosis.

Therefore, the answer is (E) Takotsubo cardiomyopathy.","A 49-year-old male presents to the emergency department after being in a motor vehicle collision. You diagnose him with an isolated sternal fracture on X-ray. Specifically, there are no rib fractures or lung abnormalities identified. He also has a normal ECG and troponin. As you are preparing to discharge him, he asks if there are any potential complications to expect from the injury, and how long he should expect to have pain?",sgem-161.md,12.797987937927246,12.797987937927246,"What is the most likely diagnosis for a young man presenting with chest pain, elevated pulmonary capillary wedge pressure, and elevated troponins after a motor vehicle collision?
What condition is associated with elevated pulmonary capillary wedge pressure and troponins in a young man after a motor vehicle collision?
What condition is commonly seen in young patients after blunt chest trauma that may present with elevated pulmonary capillary wedge pressure and troponins?"
"A 56-year-old man presents to the emergency department for progressively worsening fatigue, malaise, fever, and abdominal pain. He reports that his symptoms began approximately 1 week ago and he has noticed episodes of diarrhea. He recently started melatonin and magnesium supplementation in hopes of improving his sleep. Medical history is significant for alcohol use disorder that required multiple hospital admissions for management of acute pancreatitis and cirrhosis. He states that he occasionally injects heroin intravenously. Temperature is 100°F (37.8°C), blood pressure is 105/70 mmHg, pulse is 92/min, and respirations are 17/min. Physical examination is significant for scleral icterus, hepatomegaly, ascites, and diffuse abdominal tenderness. Laboratory testing is significant for leukocytosis and metabolic acidosis. A paracentesis is performed and he is admitted into the hospital to receive intravenous cefotaxime and albumin. Ascitic fluid analysis demonstrates a polymorphonuclear cell count of 280 cells/mm^3, serum-ascites albumin gradient of 1.3 g/dL, and a culture positive for Escherichia coli sensitive to cefotaxime and ceftriaxone. On hospital day 2, the nurse reports that the patient is oliguric in the setting of constant fluid intake. Physical examination is unchanged. Laboratory testing is significant for a serum sodium of 131 mEq/L and creatinine of 1.8 mg/dL (it was 0.9 mg/dL on admission). Urine studies are significant for a low urine sodium level, without evidence of blood or protein. Since the hospital admission, he has not been started on any new medications. Which of the following will be the best treatment option for this patient?

Options:
A: Adding dopamine to his treatment regimen
B: Adding lisinopril to his treatment regimen
C: Liver transplantation
D: Switching cefotaxime to ceftriaxone
E: Transjugular intrahepatic portosystemic shunting",C,E,False,"The patient presents with symptoms of fatigue, malaise, fever, abdominal pain, and diarrhea, along with a history of alcohol use disorder and intravenous heroin use. The physical examination findings of scleral icterus, hepatomegaly, ascites, and diffuse abdominal tenderness, along with laboratory findings of leukocytosis and metabolic acidosis, suggest an infectious process, likely spontaneous bacterial peritonitis (SBP) given the ascitic fluid analysis showing a polymorphonuclear cell count of 280 cells/mm^3, serum-ascites albumin gradient of 1.3 g/dL, and a culture positive for Escherichia coli sensitive to cefotaxime and ceftriaxone. The patient has been admitted to the hospital and started on intravenous cefotaxime and albumin, which is the appropriate treatment for SBP.

On hospital day 2, the patient becomes oliguric despite constant fluid intake, and laboratory testing reveals hyponatremia (serum sodium of 131 mEq/L) and an increase in creatinine from 0.9 mg/dL on admission to 1.8 mg/dL. The urine studies show low urine sodium level without evidence of blood or protein, which suggests that the patient is likely experiencing acute kidney injury (AKI).

Given the patient's history and current presentation, the most likely cause of AKI is prerenal azoteria due to volume depletion from oliguric SBP or intrinsic renal pathology such as acute tubular necrosis (ATN). The patient's use of melatonin and magnesium supplementation is unlikely to be the cause of AKI, as there is no evidence of new medication use that could be nephrotoxic.

The best treatment option for this patient would be to address the underlying cause of AKI. Adding dopamine (A) is not indicated for AKI and is more commonly used for hemodynamic support in cases of shock. Lisinopril (B) is an ACE inhibitor that could potentially worsen renal function and is not indicated in the setting of AKI. Liver transplantation (C) is a consideration for end-stage liver disease but is not the immediate treatment for AKI. Switching cefotaxime to ceftriaxone (D) does not make sense clinically as the patient's ascitic fluid culture is already sensitive to cefotaxime and ceftriaxone, and there is no indication that the current antibiotic therapy is ineffective.

Transjugular intrahepatic portosystemic shunting (TIPS) (E) is a procedure that can be used to treat complications of portal hypertension, such as refractory ascites and variceal bleeding, but it is not a treatment for AKI.

The question does not provide an option that directly addresses the management of AKI, such as aggressive fluid resuscitation or the use of medications like sodium bicarbonate or loop diuretics to manage volume overload and correct metabolic acidosis. However, given the options provided and the context of the patient's liver disease, the best treatment option among the choices would be to consider a procedure that could alleviate complications of liver disease that may contribute to AKI, such as TIPS, which could help manage refractory ascites and potentially improve renal perfusion.

Therefore, the answer is (E) Transjugular intrahepatic portosystemic shunting.","The document focuses on renal failure, particularly acute kidney injury (AKI) and chronic kidney disease (CKD), discussing their causes, diagnostic approaches, and management strategies. AKI is categorized into pre-renal, intrinsic, and post-renal causes, with diagnostic differentiation based on laboratory tests such as BUN:Cr ratio and urine sodium levels. Key management steps include addressing life-threatening conditions like hyperkalemia and pulmonary edema, and understanding the implications of diuretic use in volume-overloaded patients. The document also covers complications of AKI, such as metabolic acidosis and electrolyte imbalances, and highlights the importance of recognizing reversible and treatable causes of CKD. Additionally, it outlines the mechanisms of drug toxicity in CKD and the indications for emergency dialysis, emphasizing the need for careful monitoring and intervention in patients with renal impairment.
---
Given the lack of evidence available to guide us, there is tremendous uncertainty in the most appropriate management plan for these patients. We should be open about that uncertainty with our patients and involve them in shared decision-making to ensure that the chosen management plan matches their personal values.",cc-97.md | sgem-367.md,13.472819328308105,13.045861721038818,"What is the most likely cause of this patient's oliguria and acute kidney injury (AKI)?
What is the best treatment option for this patient's condition?
What is the underlying pathophysiology of this patient's condition?"
"A 25-year-old male involved in a knife fight presents with a penetrating wound to the chest. The patient is unconscious and cannot provide any further history. Vitals show a temperature of 37-0°C (98.6°F), blood pressure of 85/55 mm Hg, pulse of 115/min, respirations of 19/min, and oxygen saturation of 92% on room air. On physical examination, the patient is diaphoretic and unresponsive. Extremities are pale and cool. There is a 3-inch long penetrating wound between the 3rd and 4th intercostal space on the left side of the chest, which is bleeding profusely. Transthoracic echocardiography reveals a full thickness penetrating injury to the right ventricular free wall. There are no apparent injuries to any coronary arteries or major branches. The patient is intubated and aggressive fluid resuscitation is initiated, including a blood transfusion. Which of the following is the best definitive surgical approach to take in this patient?

Options:
A: Immediate cardiac transplant
B: Watchful waiting while resuscitative fluids are initiated
C: Interrupted 2-0 polypropylene suture with supporting pledgets
D: Needle thoracostomy over the 2nd intercostal space
E: Surgical adhesive glue",C,C,True,"The patient presents with a penetrating chest trauma and signs of hemodynamic instability, as evidenced by hypotension (blood pressure of 85/55 mm Hg) and tachycardia (pulse of 115/min). The echocardiography finding of a full-thickness penetrating injury to the right ventricular free wall is concerning for a cardiac contusion or penetrating myocardial infarction, which can lead to cardiac tamponade or arrhythmias. Immediate management includes intubation and aggressive fluid resuscitation, as well as blood transfusion to manage potential blood loss.

Let's evaluate the options:

A: Immediate cardiac transplant is not a viable option in this acute setting, especially without first attempting other less drastic measures.

B: Watchful waiting while resuscitative fluids are initiated is part of the initial management but is not a definitive surgical approach. This patient requires surgical intervention due to the nature of the injury.

C: Interrupted 2-0 polypropylene suture with supporting pledgets is a technique used for repairing cardiac lacerations. This approach would be appropriate for repairing the ventricular laceration in a surgical setting.

D: Needle thoracostomy over the 2nd intercostal space is an emergency procedure to relieve tension pneumothorax, which is not indicated in this case as there is no evidence of pneumothorax.

E: Surgical adhesive glue is used in some settings for sealing small lacerations but is not the standard approach for a full-thickness ventricular laceration.

Given the information provided, the best definitive surgical approach for this patient would be to repair the cardiac laceration. The use of interrupted 2-0 polypropylene suture with supporting pledgets is a technique that would be appropriate for this type of repair.

Therefore, the answer is (C) Interrupted 2-0 polypropylene suture with supporting pledgets.",,,0.0,0.0,"What is the leading differential diagnosis for a patient with a penetrating chest trauma and evidence of cardiac tamponade?
What are the indications for immediate surgical intervention in a patient with a penetrating chest trauma and evidence of cardiac tamponade?
What is the best definitive surgical approach for a patient with a penetrating chest trauma and evidence of cardiac tamponade?"
"A 55-year-old truck driver is brought to a physician by his wife. She states that her husband developed a fever and began feeling weak 3 days ago, but has refused medical help. He has been unable to go to work because of his symptoms. The patient has been previously hospitalized for a tricuspid valve replacement surgery 1 year ago and takes aspirin daily. The medical history is also relevant for myocardial infarction 3 years ago and hypertension for the past 10 years, for which he takes lisinopril. His blood pressure is 140/80 mm Hg, the pulse is 82/min, the respirations are 18/minute, and the temperature is 37.2°C (98.9°F). On examination, several hemorrhages are noted on the nail beds of several fingers. Which of the following findings would be most helpful in establishing a diagnosis?

Options:
A: Thickened valve with multiple small vegetations
B: Bicuspid valve
C: Friable irregular masses attached to the valve
D: Papillary muscle rupture
E: Annular calcification",C,A,False,"The patient presents with fever, weakness, and hemorrhages on the nail beds, which are known as Osler's nodes. These symptoms, along with his history of tricuspid valve replacement surgery, suggest that he may have infective endocarditis. Infective endocarditis is an infection of the endocardial surface of the heart, typically involving one or more heart valves.

Option A describes thickened valve with multiple small vegetations, which is a common finding in infective endocarditis. These vegetations are typically composed of platelets, fibrin, and microorganisms.

Option B describes a bicuspid valve, which is a congenital abnormality and not typically associated with infective endocarditis.

Option C describes friable irregular masses attached to the valve, which could also be consistent with infective endocarditis, as the vegetations can appear as irregular masses.

Option D describes papillary muscle rupture, which is a complication of myocardial infarction, not infective endocarditis.

Option E describes annular calcification, which is a degenerative change and not typically associated with infective endocarditis.

Given the patient's history and clinical presentation, the most helpful finding to establish a diagnosis of infective endocarditis would be the presence of vegetations on the valve. Between options A and C, option A is more typical of infective endocarditis as it describes multiple small vegetations, which are characteristic of the disease.

Therefore, the answer is (A) Thickened valve with multiple small vegetations.",,,0.0,0.0,"What is the most likely diagnosis for this patient?
What are the common complications associated with this condition?
What are the typical findings on echocardiography for this condition?"
"A 26-year-old woman is brought to the emergency department 20 minutes after being involved in a high-speed motor vehicle collision in which she was a restrained passenger. On arrival, she is lethargic and incoherent. She has severe facial lacerations and is in respiratory distress. Her pulse is 130/min, respirations are 29/min, and blood pressure is 90/58 mm Hg. Pulse oximetry on room air shows an oxygen saturation of 70%. Examination shows multiple facial lacerations. There is dullness to percussion and decreased breath sounds over the left lung base. Abdominal examination shows diffuse tenderness with no guarding or rebound. Bowel sounds are normal. The remainder of the examination shows no abnormalities. Her hemoglobin concentration is 12.1 g/dL. An x-ray of the chest shows a fractured left second rib, depression of the left mainstem bronchus, deviation of the nasogastric tube to the right, and a widened mediastinum. Which of the following is the most likely diagnosis?

Options:
A: Diaphragmatic rupture
B: Traumatic bronchial rupture
C: Thoracic aortic rupture
D: Cardiac tamponade
E: Tension pneumothorax",C,D,False,"The patient presents with severe facial lacerations, respiratory distress, hypotension, tachycardia, and hypoxemia (oxygen saturation of 70% on room air). The physical examination reveals dullness to percussion and decreased breath sounds over the left lung base, which suggests the presence of fluid or blood in the pleural space. The chest x-ray findings of a fractured left second rib, depression of the left mainstem bronchus, deviation of the nasogastric tube to the right, and a widened mediastinum are significant.

Option A, diaphragmatic rupture, would more likely present with abdominal signs and symptoms, such as abdominal distension or bowel contents in the chest cavity on imaging, which are not described here.

Option B, traumatic bronchial rupture, could explain the respiratory distress and the deviation of the nasogastric tube to the right, but it is less likely to cause a widened mediastinum on x-ray.

Option C, thoracic aortic rupture, is a possibility given the widened mediastinum, which could indicate aortic injury. However, this condition would not typically cause deviation of the nasogastric tube or the specific respiratory findings described.

Option D, cardiac tamponade, is characterized by hypotension, tachycardia, and hypoxemia, along with specific findings on chest x-ray such as a widened mediastinum. The deviation of the nasogastric tube to the right could be due to pressure from a large pericardial effusion pushing the stomach to the opposite side. The presence of a widened mediastinum on the chest x-ray is a classic sign of cardiac tamponade.

Option E, tension pneumothorax, would also present with respiratory distress and hypotension, but the chest x-ray would typically show hyperlucency (increased radiolucency) in the pleural space, not a widened mediastinum.

Given the clinical presentation and the chest x-ray findings, the most likely diagnosis is cardiac tamponade. Therefore, the answer is (D) Cardiac tamponade.","- Cardiac tamponade occurs when pericardial pressures inhibit cardiac filling and output. No clinical sign or symptom is entirely sensitive for cardiac tamponade, but echocardiogram findings of large pericardial effusion (anechoic stripe around the heart), and atrial or right ventricular collapse during diastole, combined with clinical findings of shock are highly suggestive.
- If compatible with goals of care, pericardial effusion causing tamponade should be emergently drained. Intravenous fluid or inotrope administration may be trialed as a temporizing measure, but these therapies are unreliable and should not delay definitive management.
- Calcium levels in hypercalcemic patients should be assessed by measuring ionized calcium concentration, rather than total calcium concentration.
---
This document provides a comprehensive overview of pericardial and myocardial diseases, focusing on conditions such as pericarditis, cardiac tamponade, hypertrophic cardiomyopathy (HCM), dilated cardiomyopathy (DCM), and myocarditis. Key diagnostic principles include recognizing the characteristic ECG changes in pericarditis and understanding the pathophysiology of cardiac tamponade, which involves increased pericardial pressure leading to decreased ventricular filling. Management strategies vary by condition: pericarditis is often treated with NSAIDs, while HCM requires careful management to avoid vasodilators, and myocarditis may involve supportive care and antiviral or immunosuppressive therapies. The document also highlights critical procedural steps for pericardiocentesis and emphasizes the importance of recognizing conditions like Dressler's syndrome and the potential for sudden death in HCM. Major warnings include the contraindication of NSAIDs in uremic pericarditis and the avoidance of vasodilators",cc-123.md | cc-82.md,15.313438415527344,14.313377380371094,"What is the most likely diagnosis for a patient with severe facial lacerations, respiratory distress, hypotension, and hypoxemia following a high-speed motor vehicle collision?
What condition is indicated by dullness to percussion and decreased breath sounds over the left lung base on examination?
What imaging finding suggests the presence of a widened mediastinum?
Thoracic aortic rupture
Cardiac tamponade"
"Six days after undergoing surgical repair of a hip fracture, a previously healthy 79-year-old woman is agitated and confused. She is unarousable during the day, but then is awake and impulsive during the night, requiring frequent reorientation. Her husband says that she usually drinks one to two glasses of wine weekly. Her only current medication is oxycodone for pain. Her vital signs are within normal limits. She is distressed and oriented to person but not to place or time. Neurologic examination shows inattentiveness but no focal deficits. Urine dipstick is normal. Which of the following is the most likely cause of her current condition?

Options:
A: Dementia
B: Alcohol withdrawal
C: Opioid intoxication
D: Delirium
E: Urinary tract infection",D,C,False,"The patient is a 79-year-old woman who is experiencing agitation and confusion, with fluctuations in her level of consciousness, being more awake at night. This pattern of being more alert at night and disoriented during the day is suggestive of a condition known as ""sundowning,"" which is often associated with delirium. She has recently undergone surgery and is on oxycodone for pain management. Oxycodone is an opioid, which can cause confusion and delirium, especially in the elderly and those with limited prior exposure to the drug (as indicated by her husband's statement that she only drinks one to two glasses of wine weekly).

Option A, Dementia, is less likely because her symptoms have an acute onset and are fluctuating, which is not typical for dementia. Option B, Alcohol withdrawal, could cause similar symptoms, but her husband reports minimal alcohol use, and there is no indication of a sudden cessation of alcohol intake. Option E, Urinary tract infection, could also present with confusion, especially in the elderly; however, her urine dipstick is normal, which makes this less likely.

Given the recent surgery and opioid use, the most likely cause of her acute change in mental status is opioid intoxication. Opioids can lead to delirium, especially in the elderly who may be more sensitive to the effects of the drug.

Therefore, the answer is (C) Opioid intoxication.",,,0.0,0.0,"What is the most likely cause of the patient's acute change in mental status following recent surgery and oxycodone use?
What clinical features are consistent with the patient's presentation that would differentiate between the possible causes?
What diagnostic test would be most useful in confirming the suspected cause?"
"A 54-year-old woman with a past medical history of mental retardation, hypertension, and diabetes presents to the emergency department with a change in her behavior. Her caretakers state that the patient’s gait suddenly became ataxic, and she became less responsive than her normal non-verbal baseline. Her temperature is 98.5°F (36.9°C), blood pressure is 125/68 mmHg, pulse is 90/min, respirations are 15/min, and oxygen saturation is 99% on room air. Physical exam is notable for an unremarkable HEENT exam with normal facial features and no signs of airway compromise. Neurological exam is remarkable for new onset spasticity. The patient has 3+ reflexes and a positive Babinski sign. Musculoskeletal exam is only notable for symmetric swelling and deformities of the patient’s hands bilaterally. Additionally, there is a ""clunk"" when posterior force is applied to the head while anterior force is applied to the cervical spine. Which of the following is the most likely risk factor that predisposed this patient to this condition?

Options:
A: Cerebral palsy
B: Diabetes mellitus
C: Down syndrome
D: Hypertension
E: Rheumatoid arthritis",E,A,False,"The patient presents with a change in behavior, ataxic gait, decreased responsiveness, spasticity, brisk reflexes, and a positive Babinski sign. These findings suggest an upper motor neuron lesion. The presence of symmetric hand swelling and deformities, as well as a ""clunk"" when force is applied to the head and cervical spine, indicates a condition affecting the cervical spine, possibly indicating cervical spine instability or subluxation.

Given the options provided, we need to identify a risk factor that would predispose the patient to such neurological and orthopedic findings.

(A) Cerebral palsy is a group of disorders affecting movement and muscle tone or posture caused by damage that occurs to the immature brain as it develops, most often before birth. It is not typically associated with acute changes in behavior or new onset spasticity in adulthood.

(B) Diabetes mellitus can lead to a variety of complications, including neuropathy, but it does not typically cause acute spasticity or cervical spine instability.

(C) Down syndrome is a genetic disorder caused by the presence of all or part of a third copy of chromosome 21. It is associated with intellectual disability, characteristic facial features, and various health issues, but it is not a direct risk factor for cervical spine instability.

(D) Hypertension is a risk factor for many conditions, including stroke and other vascular events, but it does not typically cause cervical spine instability or the described neurological findings.

(E) Rheumatoid arthritis is an autoimmune disorder that can cause joint deformities and systemic symptoms. However, it is less likely to cause the acute neurological findings described in the patient.

Considering the patient's presentation and the risk factors listed, none of the options directly explain the cervical spine instability indicated by the ""clunk"" sign. However, given the information provided, the closest association would be with cerebral palsy, as it is a neurological condition that could explain the upper motor neuron signs and the fact that the patient has a history of mental retardation, which is often associated with cerebral palsy.

Therefore, the answer is (A) Cerebral palsy.",,,0.0,0.0,"What condition is suggested by the presence of an ataxic gait, decreased responsiveness, spasticity, 3+ reflexes, positive Babinski sign, and a ""clunk"" when force is applied to the head and cervical spine?
Which of the following risk factors is most likely to predispose a patient to the condition described in question 1?"
"A 24-year-old man is brought to the emergency department 15 minutes after he sustained a stab wound to the left chest just below the clavicle. On arrival, he has rapid, shallow breathing and appears anxious. His pulse is 135/min, respirations are 30/min and shallow, and palpable systolic blood pressure is 80 mm Hg. He is intubated and mechanically ventilated. Infusion of 0.9% saline is begun. Five minutes later, his pulse is 133/min and blood pressure is 82/45 mm Hg. Examination shows no active external bleeding. There is a 2.5-cm single stab wound to the left chest at the 4th intercostal space at the midclavicular line. Cardiovascular examination shows muffled heart sounds and jugular venous distention. Breath sounds are normal. Further evaluation of this patient is most likely to show which of the following findings?

Options:
A: Tracheal deviation toward the right side
B: Hemoptysis
C: A drop in systolic blood pressure of 14 mmHg during inspiration
D: Herniation of the stomach into the chest
E: Paradoxical motion of part of the chest with breathing
""",C,C,True,"The patient presents with a stab wound to the left chest, rapid, shallow breathing, anxiety, tachycardia, hypotension, and signs of poor perfusion (muffled heart sounds and jugular venous distention). The location of the stab wound at the 4th intercostal space at the midclavicular line suggests injury to the heart or a major vessel. The muffled heart sounds and jugular venous distention are particularly concerning for cardiac tamponade, which is a medical emergency where fluid accumulates in the pericardial space, compressing the heart and impairing its function.

Option A (Tracheal deviation toward the right side) would be more indicative of a tension pneumothorax, which is less likely given the normal breath sounds.

Option B (Hemoptysis) refers to coughing up blood, which is not mentioned in the scenario and is not typically associated with cardiac tamponade.

Option C (A drop in systolic blood pressure of 14 mmHg during inspiration) could suggest pulsus paradoxus, which is a hallmark of cardiac tamponade. Pulsus paradoxus is an exaggerated decrease in systolic blood pressure during inspiration and is due to the impaired filling of the right ventricle due to the elevated pericardial pressure.

Option D (Herniation of the stomach into the chest) refers to a diaphragmatic hernia, which is not consistent with the acute presentation and the findings described.

Option E (Paradoxical motion of part of the chest with breathing) describes flail chest, which is not indicated here as the breath sounds are normal.

Given the clinical presentation and the examination findings, the most likely additional finding in this patient would be pulsus paradoxus, which is associated with cardiac tamponade. Therefore, the answer is (C) A drop in systolic blood pressure of 14 mmHg during inspiration.",,,0.0,0.0,"What is the most likely diagnosis for this patient's condition?
What is the underlying pathophysiology of this condition?
What are the initial management steps for this condition?"
"A 17-year-old female is brought to the emergency room by her father because she has been experiencing shortness of breath and chest pain. She says that the chest pain is worse when she breathes or coughs. Furthermore, on the way to the hospital she noticed that there were specks of blood on a tissue that she coughed into. She has no previous medical history and does not recall anything that could have provoked these symptoms. On presentation her temperature is 99°F (37.2°C), blood pressure is 107/65 mmHg, pulse is 102/min, respirations are 21/min, and O2 saturation is 91% on room air. Further testing shows a large filling defect in the pulmonary vessels, and the patient is started on an appropriate treatment intravenously. After drug administration, the effects of the drug are monitored using a standard blood test. Surprisingly, the test results come back within normal parameters. The most likely underlying cause of this patient's symptoms has which of the following modes of inheritance?

Options:
A: Autosomal dominant
B: Autosomal recessive
C: Autosomal partial dominance
D: X-linked dominant
E: X-linked recessive",A,A,True,"The patient is presenting with symptoms of shortness of breath, chest pain that worsens with breathing or coughing, and hemoptysis (coughing up blood). The presence of a large filling defect in the pulmonary vessels suggests a pulmonary embolism, which is often caused by a blood clot that has traveled to the lungs from the venous system, a condition known as pulmonary embolism (PE). The fact that the patient's symptoms are acute and there is no previous medical history or provoking event points towards a hypercoagulable state or thrombophilia.

The mention of a standard blood test that returns to normal parameters after drug administration suggests that the underlying cause might be a condition that can be corrected with a specific treatment. This is characteristic of conditions that involve clotting factors or coagulation pathways.

Among the options given, conditions with modes of inheritance that could lead to a hypercoagulable state include:

A: Autosomal dominant conditions, which can present at any age and do not require both parents to be affected. Examples include Factor V Leiden mutation and prothrombin gene mutation, both of which are common hereditary causes of thrombophilia.
B: Autosomal recessive conditions typically require both parents to be carriers and the patient to inherit two copies of the mutated gene. This is less common in acute presentations like this.
C: Autosomal partial dominance is not a common mode of inheritance for thrombophilias.
D: X-linked dominant conditions would affect males and females, but typically males would be more severely affected. This does not fit the typical pattern of thrombophilias.
E: X-linked recessive conditions typically affect males more severely than females because the gene is on the X chromosome. This does not fit the typical pattern of thrombophilias.

Given the information provided and the common genetic causes of hypercoagulable states, the most likely underlying cause of this patient's symptoms, considering it is a hereditary thrombophilia that can be treated with current medical therapies, would be an autosomal dominant condition.

Therefore, the answer is (A) Autosomal dominant.",,,0.0,0.0,"What is the most likely underlying cause of the patient's symptoms?
What is the mode of inheritance of the condition that is most likely causing the patient's symptoms?"
"A 37-year-old man with no significant past medical history is rear-ended in a motor vehicle accident. He reported significant neck pain to emergency responders, but otherwise denies weakness, numbness or tingling in his extremities. His vitals on presentation to the ED are HR 90, BP 140/80, RR 20, SpO2 98%. What is the most appropriate next step upon presentation to the emergency room?

Options:
A: Lateral cervical film
B: Three view cervical spine series
C: Cervical immobilization
D: IV methylprednisolone
E: Observation overnight",C,C,True,"The patient is a 37-year-old man with no significant past medical history who has been involved in a motor vehicle accident and is experiencing significant neck pain. He does not report any weakness, numbness, or tingling in his extremities, which may suggest that there is no spinal cord involvement at this time. His vitals are within normal ranges, indicating that he is hemodynamically stable.

Given the mechanism of injury (rear-end motor vehicle accident) and the symptom of significant neck pain, the primary concern would be to rule out any cervical spine injury, including potential fractures or dislocations that could compromise the spinal cord.

The most appropriate next step in the management of this patient would be to immobilize the cervical spine to prevent any potential further injury while the spine is assessed. This is a standard precaution in the setting of trauma to the neck, even in the absence of neurological deficits.

Options A and B (Lateral cervical film and Three view cervical spine series) are imaging studies that could be used to assess the cervical spine, but they should not precede immobilization. Immediate immobilization is critical to prevent any potential worsening of a spinal injury before imaging is performed.

Option D (IV methylprednisolone) is a treatment that has been used in the past for acute spinal cord injury, but it is not indicated in this patient as there are no signs of spinal cord injury (such as weakness, numbness, or tingling).

Option E (Observation overnight) would not be appropriate without first immobilizing the cervical spine, given the potential for a serious cervical spine injury that could worsen during the night.

Therefore, the answer is (C) Cervical immobilization.",,,0.0,0.0,"What are the indications for immediate cervical spine imaging in a patient with trauma?
What is the initial management for a patient with potential cervical spine injury and neck pain after trauma?
What are the indications for immediate cervical immobilization in a trauma patient with neck pain?"
"The patient is given prophylactic labetalol and magnesium sulfate. Examination shows absent deep tendon reflexes bilaterally. Which of the following is the most appropriate next step in the management of this patient?

Options:
A: Stop magnesium sulfate and give calcium gluconate
B: Stop labetalol
C: Stop magnesium sulfate and give lorazepam
D: Perform nerve conduction studies
E: Perform emergency cesarean section",A,A,True,"The patient is being given prophylactic labetalol and magnesium sulfate, which are commonly used in obstetrics to prevent seizures in women with preeclampsia or eclampsia. The absence of deep tendon reflexes bilaterally could be a sign of magnesium toxicity, which is a known complication of magnesium sulfate therapy. 

The appropriate management for magnesium toxicity includes stopping the magnesium sulfate infusion and administering calcium gluconate, which can help reverse the effects of magnesium toxicity. Calcium gluconate is used because it can counteract the effects of magnesium on the neuromuscular junction.

Option A ""Stop magnesium sulfate and give calcium gluconate"" is the correct choice because it addresses the potential toxicity from the magnesium sulfate.

Option B ""Stop labetalol"" does not directly address the issue of absent deep tendon reflexes, which is more likely due to magnesium toxicity rather than labetalol.

Option C ""Stop magnesium sulfate and give lorazepam"" is not appropriate as lorazepam is used for seizures and does not counteract magnesium toxicity.

Option D ""Perform nerve conduction studies"" is not the immediate next step in management; it would be more appropriate after addressing the potential toxicity.

Option E ""Perform emergency cesarean section"" is not indicated solely based on the absence of deep tendon reflexes and would not address the potential magnesium toxicity.

Therefore, the answer is (A) Stop magnesium sulfate and give calcium gluconate.",,,0.0,0.0,"What is the most likely diagnosis for this patient?
What is the underlying pathophysiology of this condition?
What are the initial management steps for this condition?"
"A 75-year-old woman is brought by a patrolman to the emergency department because of altered mental status. She was found wandering next to the highway. The patient was unable to answer questions and collapsed in transit. Her vitals are: temperature, 33.0°C (91.4°F); pulse, 40/min; respirations,12/min; blood pressure, 80/50 mm Hg; and oxygen saturation, 85% on room air. Physical examination shows decorticate posturing, incomprehensible speech, eyes opening to pain, dry hair, coarse and waxy skin, and non-pitting edema around the face and all extremities. Electrocardiogram shows sinus bradycardia. Laboratory studies show:
Calcium 9.0 mg/dL
Hematocrit (female) 34%
Potassium 4.0 mEq/L
Sodium 120 mEq/L
TSH 110.0 µU/mL
Thyroxine (T4) 1.2 µg/dL
Triiodothyronine (T3) 70 ng/dL
Which of the following is the most likely diagnosis in this patient?

Options:
A: Myxedema coma
B: Pheochromocytoma crisis
C: Septic shock
D: Tertiary hyperparathyroidism
E: Thyroid storm",A,A,True,"The patient presents with altered mental status, hypothermia (temperature of 33.0°C or 91.4°F), bradycardia (pulse of 40/min), hypotension (blood pressure of 80/50 mm Hg), hypoxemia (oxygen saturation of 85% on room air), and specific physical examination findings such as decorticate posturing, incomprehensible speech, eyes opening to pain, dry hair, coarse and waxy skin, and non-pitting edema around the face and all extremities. These findings suggest a hypometabolic state.

The laboratory studies show a low calcium level (9.0 mg/dL), which is consistent with hypocalcemia. The hematocrit is slightly elevated (34%), which could be due to hemoconcentration often seen in hypovolemic states. The potassium level is normal (4.0 mEq/L), and the sodium level is low (120 mEq/L), indicating hyponatremia. The TSH level is markedly elevated (110.0 µU/mL), and the thyroid hormone levels (T4 and T3) are low, which indicates hypothyroidism.

Given the clinical presentation and laboratory findings, the most likely diagnosis is myxedema coma, which is a severe form of hypothyroidism presenting with altered mental status and other systemic manifestations. Myxedema coma can be precipitated by stress, illness, or inadequate thyroid hormone replacement.

Pheochromocytoma crisis (B) typically presents with hypertension, tachycardia, and sweating. Septic shock (C) would likely show signs of infection and a different hemodynamic profile. Tertiary hyperparathyroidism (D) is associated with hypercalcemia, not hypocalcemia. Thyroid storm (E) is characterized by severe hyperthyroidism, which is not consistent with the low T4 and T3 levels in this patient.

Therefore, the answer is (A) Myxedema coma.",,,0.0,0.0,"What is the most likely diagnosis for a patient presenting with altered mental status, hypothermia, bradycardia, hypotension, hypoxia, and specific physical exam findings including decorticate posturing, dry hair, coarse and waxy skin, and non-pitting edema?
What condition is characterized by the combination of hypothyroidism, hyperlipidemia, and non-pitting edema?
Which of the following conditions is associated with the given laboratory findings: calcium 9.0 mg/dL, hematocrit (female) 34%, potassium 4.0 mEq/L, sodium 120 mEq/L, TSH 110.µU/mL, T4 1.2 µg/dL, and T3 70 ng/dL?"
"A 13-year-old boy presents to the emergency department with severe knee, hip, and groin pain. The patient has a past medical history notable only for obesity and asthma. His temperature is 98°F (36.7°C), blood pressure is 124/65 mmHg, pulse is 128/min, respirations are 14/min, and oxygen saturation is 99% on room air. Physical exam is notable for an inability of the patient to bear weight on his left leg and limited range of motion of the left hip. Which of the following is the best management for this patient?

Options:
A: Casting and crutches
B: Immobilization of the hip in a Pavlik harness
C: Supportive therapy and observation
D: Surgical drainage of the hip
E: Surgical pinning of the femoral head",E,D,False,"The patient is a 13-year-old boy with severe knee, hip, and groin pain, obesity, and asthma. His vital signs are within normal limits except for the elevated pulse, which could be due to pain or anxiety. The inability to bear weight and limited range of motion of the left hip suggest a hip pathology. In an obese child with these symptoms, septic arthritis of the hip should be considered, especially given the acute presentation and severe pain.

The options provided are:

A: Casting and crutches - This is typically used for fractures or certain musculoskeletal injuries, not for septic arthritis.
B: Immobilization of the hip in a Pavlik harness - This is used for developmental dysplasia of the hip or mild hip fractures in children, not for septic arthritis.
C: Supportive therapy and observation - While supportive therapy may be part of the management, observation alone is not appropriate for a potentially serious infection like septic arthritis.
D: Surgical drainage of the hip - This is the appropriate management for septic arthritis, as it involves both diagnosis (by aspirating synovial fluid for analysis) and treatment (by removing purulent material).
E: Surgical pinning of the femoral head - This is a treatment for certain types of hip fractures, not for septic arthritis.

Given the clinical presentation and the need for both diagnosis and treatment of a possible septic arthritis, the best management would be surgical drainage of the hip to confirm the diagnosis and provide immediate treatment.

Therefore, the answer is (D) Surgical drainage of the hip.",,,0.0,0.0,"What is the most likely diagnosis for this patient?
What are the typical initial management steps for this condition?
What are the indications for surgical intervention in this condition?"
"A 51-year-old man is brought to the emergency department because of a 2-day history of fever, abdominal pain, and confusion. His wife states that he has been unable to recall his birthday or her name. He was diagnosed with hepatitis C 3 years ago but refused treatment. He has been treated twice in the past year for acute pancreatitis. There is no family history of serious illness. His only medication is a calcium supplement. He emigrated from India 15 years ago. He appears ill. His temperature is 38.3°C (100.9°F), pulse is 101/min, and blood pressure is 104/68 mm Hg. He is confused and oriented only to person. Examination shows scleral icterus and spider angiomas. There are fine tremors of the hands bilaterally. The abdomen is distended and shifting dullness is present. There is diffuse tenderness to palpation with no guarding. Bowel sounds are absent. Laboratory studies show:
Hemoglobin 12.6 g/dL
Leukocyte count 13,900/mm3
Platelet count 342,000/mm3
Serum
Albumin 2.6 g/dL
Total bilirubin 2.56 mg/dL
Alkaline phosphatase 54 U/L
AST 17 U/L
ALT 44 U/L
Paracentesis is performed. Ascitic fluid analysis shows an albumin concentration of 0.8 g/dL, glucose concentration of 62 mg/dL, and a leukocyte count of 1900/mm3 with 60% neutrophils. Which of the following is the most likely explanation for these findings?""

Options:
A: Pancreatic fluid leakage
B: Aseptic peritoneal inflammation
C: Neoplastic growth
D: Bacterial translocation
E: Perforated viscus",D,B,False,"The patient presents with fever, confusion, scleral icterus, spider angiomas, and fine tremors of the hands, which are signs of liver disease and possibly hepatic encephalopathy, given his history of hepatitis C and the absence of treatment. The distended abdomen and shifting dullness suggest ascites, which is the accumulation of fluid in the peritoneal cavity. The ascitic fluid analysis shows a low albumin concentration, which is consistent with ascitic fluid rather than blood, and a high leukocyte count with a predominance of neutrophils, indicating an inflammatory process.

Let's evaluate the options:

A: Pancreatic fluid leakage would not typically present with the signs of liver disease and confusion, and it is more likely to cause acute pancreatitis rather than the current symptoms.

B: Aseptic peritoneal inflammation, also known as spontaneous bacterial peritonitis (SBP), is a common and serious complication in patients with cirrhosis and ascites. The presentation of fever, abdominal pain, and confusion, along with the ascitic fluid analysis showing a high leukocyte count with neutrophil predominance, is consistent with SBP.

C: Neoplastic growth could cause ascites, but it is less likely to present acutely with fever and confusion unless there is a complication such as rupture or torsion, which is not suggested by the current findings.

D: Bacterial translocation is a mechanism that can lead to SBP, but the question asks for the explanation of the findings, not the mechanism.

E: Perforated viscus would typically cause acute abdominal pain with guarding and rebound tenderness, which is not present in this case.

Given the patient's signs of liver disease, the presence of ascites, and the ascitic fluid analysis, the most likely explanation for these findings is aseptic peritoneal inflammation, which is consistent with spontaneous bacterial peritonitis (SBP). Therefore, the answer is (B) Aseptic peritoneal inflammation.","Fever and diffuse abdominal tenderness with rebound or guarding are the predominant physical findings although irritability, grunting respirations, difficulty with or refusal to ambulate, and right hip complaints may also be present. Localized right lower quadrant tenderness occurs in less than 50 percent of patients. The high frequency of rebound or diffuse tenderness and guarding reflects the high prevalence of perforation and peritonitis in this age group.  
Typical findings on history are nonspecific such as fever, vomiting, and abdominal pain, all of which can also occur with other surgical diagnoses, such as intussusception. Diarrhea is also relatively common making appendicitis difficult to differentiate from acute gastroenteritis, a much more common condition in these patients……..",cc-93.md,13.765965461730957,13.765965461730957,"What is the most likely explanation for the patient's fever, confusion, and inability to recall personal information?
What is the most likely explanation for the patient's scleral icterus, spider angiomas, and fine tremors of the hands?
What is the most likely explanation for the patient's distended abdomen, shifting dullness, and diffuse tenderness without guarding?
What is the most likely explanation for the patient's ascitic fluid analysis findings (albumin concentration of 0.8 g/dL, glucose concentration of 62 mg/dL, and a leukocyte count of 1900/mm3 with 60% neutrophils)?"
"An 18-month-old girl is brought to the emergency department because of a cough that her parents are worried about. She has had a runny nose and a low-grade fever for the past 2 days, with some hoarseness and a rough-sounding cough that started this afternoon. This evening she began making some high-pitched sounds when taking breaths, and she seemed to be having some trouble breathing. She is alert and does not appear to be in acute distress. She has a temperature of 38.0°C (100.4 °F), with a respiratory rate of 50/min and O2 saturation of 97%. There is audible inspiratory stridor that worsens when she starts to cry during the examination. She has an occasional barking cough. Her pharynx is mildly erythematous with normal tonsils and no exudate. A frontal X-ray of the upper chest airways is obtained (shown in the image). Which of the following is the best step in management?

Options:
A: Anterior-posterior and lateral radiographs of the neck
B: Intubation
C: Racemic epinephrine and intramuscular corticosteroid therapy
D: Intravenous antibiotics
E: Trial of bronchodilator therapy and oral steroids",C,C,True,"The patient is an 18-month-old girl presenting with symptoms of a cough, runny nose, low-grade fever, hoarseness, a rough-sounding cough, high-pitched inspiratory sounds, and difficulty breathing. She is alert and not in acute distress, with a temperature of 38.0°C, a respiratory rate of 50/min, and O2 saturation of 97%. The presence of inspiratory stridor that worsens with crying and a barking cough, along with the mild erythema of the pharynx and normal tonsils without exudate, are suggestive of croup. Croup is a common respiratory condition in children characterized by inflammation of the upper airways, leading to the symptoms observed.

The frontal X-ray of the upper chest airways, although not shown here, would likely support the diagnosis of croup by demonstrating subglottic narrowing or other characteristic features of croup.

Given the diagnosis of croup, the best step in management is typically to provide treatment that reduces airway inflammation and improves symptoms. Racemic epinephrine and intramuscular corticosteroid therapy are commonly used to treat croup and can rapidly improve symptoms.

Anterior-posterior and lateral radiographs of the neck (Option A) are not immediately necessary and would not be the best step in management. Intubation (Option B) is reserved for severe cases of croup with significant airway compromise, which does not seem to be the case here as the patient is alert and has a good O2 saturation. Intravenous antibiotics (Option D) are not indicated as there is no evidence of bacterial infection, and croup is typically caused by a viral infection. A trial of bronchodilator therapy and oral steroids (Option E) could be considered for wheezing or if there was a suspicion of asthma, but the presentation is more consistent with croup, which responds better to steroids and epinephrine.

Therefore, the answer is (C) Racemic epinephrine and intramuscular corticosteroid therapy.",,,0.0,0.0,"What is the most likely diagnosis for this patient based on the clinical presentation?
What are the typical findings on a chest X-ray for this condition?
What is the initial management for this condition?"
"A 41-year-old man presents to the emergency department with a 6-hour history of muscle cramping, decreased appetite, and diarrhea. He says that these symptoms came on rapidly but does not recall anything that may have triggered the episode. He has never experienced these symptoms before. His past medical history is significant for obesity, sleep apnea, and type 2 diabetes that is well controlled on metformin. He also has gastroesophageal reflux disease for which he occasionally takes antacids. On presentation he is found to have fast, shallow breathing and abdominal pain that is poorly localized. Basic labs as well as an arterial blood gas are obtained and the results are shown below:

Na+: 139 mEq/L
Cl-: 106 mEq/L
HCO3-: 11 mEq/L
pH: 7.25
pCO2: 22 mmHg

Which of the following is the most likely cause of the changes seen in this patient's labs?

Options:
A: Antacids
B: Anxiety
C: Diarrhea
D: Metformin
E: Sleep apnea",D,C,False,"The patient presents with muscle cramping, decreased appetite, and diarrhea. The lab results show a low bicarbonate level (HCO3-) of 11 mEq/L and a low pH of 7.25, indicating metabolic acidosis. The pCO2 is low at 22 mmHg, which suggests a compensatory respiratory alkalosis, as the body tries to correct the acidosis by hyperventilating (fast, shallow breathing).

Now let's consider the options:

A: Antacids typically cause localized symptoms such as heartburn or gastric discomfort, and they do not usually cause systemic metabolic acidosis.

B: Anxiety can cause respiratory alkalosis due to hyperventilation, but it does not cause metabolic acidosis.

C: Diarrhea can lead to metabolic acidosis because it can cause loss of bicarbonate in the stool.

D: Metformin is known to cause a rare but serious side effect of lactic acidosis, which is a type of metabolic acidosis. However, this typically presents with more severe symptoms and is a less common cause of acidosis compared to diarrhea.

E: Sleep apnea can lead to respiratory acidosis due to carbon dioxide retention, but it does not typically cause metabolic acidosis.

Given the patient's symptoms of diarrhea and the lab findings of metabolic acidosis, the most likely cause of the changes seen in this patient's labs is the diarrhea, which can lead to loss of bicarbonate and result in metabolic acidosis.

Therefore, the answer is (C) Diarrhea.",,,0.0,0.0,
"A 66-year-old man presents to the emergency department with abdominal pain, nausea, and vomiting. He endorses diffuse abdominal tenderness. His past medical history is notable for diabetic nephropathy, hypertension, dyslipidemia, depression, and morbid obesity. He also is currently being treated for an outbreak of genital herpes. His temperature is 99.0°F (37.2°C), blood pressure is 184/102 mmHg, pulse is 89/min, respirations are 18/min, and oxygen saturation is 98% on room air. Physical exam is notable for an obese man in no acute distress. A CT scan of the abdomen with contrast is performed and is unremarkable. The patient is admitted to the observation unit for monitoring of his pain. Notably, the patient's abdominal pain improves after an enema and multiple bowel movements. The patient's evening laboratory values are ordered and return as seen below.

Serum:
Na+: 141 mEq/L
Cl-: 99 mEq/L
K+: 4.8 mEq/L
HCO3-: 11 mEq/L
BUN: 20 mg/dL
Glucose: 177 mg/dL
Creatinine: 3.1 mg/dL

Which of the following is the most likely etiology of this patient's laboratory derangements?

Options:
A: Acyclovir
B: Atorvastatin
C: Insulin
D: Metformin
E: Metoprolol",D,A,False,"The patient has a history of diabetic nephropathy, hypertension, dyslipidemia, depression, and morbid obesity. He is being treated for an outbreak of genital herpes, which suggests he is likely on antiviral therapy such as acyclovir. His laboratory values show a normal sodium (Na+), chloride (Cl-), potassium (K+), and glucose level, but a low bicarbonate (HCO3-) indicating metabolic acidosis, and an elevated BUN and creatinine, which suggests renal impairment.

Acyclovir, an antiviral medication, can cause crystalline nephropathy if not adequately hydrated, which could lead to acute kidney injury (AKI) and result in the elevated BUN and creatinine. Atorvastatin, a statin, is used for dyslipidemia and is not typically associated with causing metabolic acidosis or significant renal derangements. Insulin is used to manage diabetes, and while it can affect electrolytes, it does not typically cause metabolic acidosis or significant renal impairment. Metformin, used for diabetes management, can cause lactic acidosis, which is a type of metabolic acidosis, but it is less likely to cause acute renal failure. Metoprolol, a beta-blocker used for hypertension, does not typically cause metabolic acidosis or significant renal impairment.

Given the patient's recent treatment for genital herpes and the association of acyclovir with renal impairment when dehydrated, acyclovir is the most likely etiology of the patient's laboratory derangements, particularly the renal impairment.

Therefore, the answer is (A) Acyclovir.",,,0.0,0.0,"What is the most likely etiology of this patient's laboratory derangements?
What are the common side effects of the medication most likely responsible for the laboratory derangements?
What is the mechanism of action of the medication most likely responsible for the laboratory derangements?"
"A 41-year-old G3P1 woman presents with a sudden onset throbbing headache, tinnitus, nausea, and left-sided weakness. Patient has no significant past medical history and takes no medications.  Her last two pregnancies ended with spontaneous abortions before the 10th week of gestation. No significant family history. Her vital signs include: blood pressure 130/90 mm Hg, pulse 58/min, respiratory rate 11/min, and temperature 36.8℃ (98.2℉). GCS is 14/15. Physical examination shows 3+ deep tendon reflexes and increased muscle tone in the left upper and lower extremities. Laboratory findings are significant for the following:
Platelet count 230,000/mm3
Fibrinogen 3.5 g/L
Activated partial thromboplastin time  70 s
Thrombin time 34 s
 A non-contrast CT of the head is performed and shown in the picture. Which of the following would be the next best diagnostic step in this patient?

Options:
A: Mixing study
B: INR
C: D-dimer
D: Ristocetin-induced platelet aggregation test
E: Clot retraction study",A,A,True,"The patient presents with sudden onset throbbing headache, tinnitus, nausea, and left-sided weakness. These symptoms could be indicative of a cerebrovascular event. The fact that she has a history of spontaneous abortions could suggest an underlying hypercoagulable state, such as antiphospholipid syndrome. Her vital signs are relatively stable, but her Glasgow Coma Scale (GCS) is slightly reduced at 14/15, indicating some level of neurological impairment.

The physical examination findings of 3+ deep tendon reflexes and increased muscle tone in the left upper and lower extremities suggest a focal neurological deficit, which could be consistent with a stroke. The laboratory findings show a normal platelet count, normal fibrinogen level, and a prolonged activated partial thromboplastin time (aPTT), with a normal thrombin time. Prolonged aPTT can be seen in conditions that affect the intrinsic or common coagulation pathways, including antiphospholipid syndrome.

Given the clinical presentation and the laboratory findings, the next best diagnostic step would be to investigate for a possible thrombotic event, such as ischemic stroke. A non-contrast CT of the head has already been performed, which is typically done to rule out hemorrhagic stroke, and we can assume it did not show hemorrhage given the question's context.

Now, let's evaluate the options:

A: Mixing study - This test is used to differentiate between a factor deficiency and the presence of an inhibitor, which could be part of a screening for thrombophilia.
B: INR - International Normalized Ratio is used to monitor anticoagulation therapy and assess liver function, but it is not diagnostic in this context.
C: D-dimer - This test is used to rule out thrombosis, but it is not specific and can be elevated in many conditions. It is more useful in the setting of a high clinical suspicion of thrombosis.
D: Ristocetin-induced platelet aggregation test - This test is used to diagnose von Willebrand disease, which is not indicated by the patient's history and presentation.
E: Clot retraction study - This test is used to diagnose disorders of platelet function, which is not the primary concern here.

Given the patient's history of spontaneous abortions and the current presentation with neurological deficits, a mixing study could help identify if there is an inhibitor present, such as lupus anticoagulant, which is associated with antiphospholipid syndrome and could explain both the miscarriages and the current neurological symptoms.

Therefore, the answer is (A) Mixing study.","What is the diagnostic accuracy of history, clinical examination, routine labs, rt-PCR, immunology tests, and imaging tests for the emergency department diagnosis for COVID-19?",sgem-299.md,12.874337196350098,12.874337196350098,"What is the most likely diagnosis for this patient based on the clinical presentation and laboratory findings?
What is the underlying pathophysiology of this condition?
What diagnostic test would be the next best step to confirm the suspected diagnosis?"
"An 81-year-old woman is brought to the emergency room by her son after witnessing the patient fall and hit her head. The son reports that the patient was in her usual state of health until she complained of chest palpitations. This startled her while she was climbing down the stairs and lead to a fall. Past medical history is significant for hypertension and atrial fibrillation. Medications are lisinopril, metoprolol, and warfarin. Temperature is 99°F (37.2°C), blood pressure is 152/96 mmHg, pulse is 60/min, respirations are 12/min, and pulse oximetry is 98% on room air. On physical examination, she is disoriented and at times difficult to arouse, the left pupil is 6 mm and non-reactive to light, and the right pupil is 2 mm and reactive to light. A right-sided visual field defect is appreciated on visual field testing. There is 1/5 strength on the right upper and lower extremity; as well as 5/5 strength in the left upper and lower extremity. A computerized tomography (CT) scan of the head is shown. Which of the following most likely explains this patient’s symptoms?

Options:
A: Herniation of the uncus
B: Herniation of the cingulate gyrus
C: Occlusion of the anterior cerebral artery
D: Occlusion of the basilar artery
E: Occlusion of the anterior spinal artery",A,A,True,"The patient is an 81-year-old woman with a history of hypertension and atrial fibrillation who experienced chest palpitations, fell, and now presents with disorientation, a non-reactive left pupil, a right-sided visual field defect, and decreased strength on the right side. The non-reactive pupil and visual field defect suggest a neurological issue on the left side of the brain. The right-sided weakness indicates a problem affecting the motor pathways on the left.

The CT scan would help identify the cause of these symptoms, which could be due to bleeding (hemorrhage) or ischemia (lack of blood flow). However, the specific findings on the CT scan are not provided in the question, so we must rely on the clinical presentation to deduce the most likely cause.

Given the options:

A: Herniation of the uncus - Uncal herniation can cause compression of the third cranial nerve (oculomotor nerve), which would explain the non-reactive left pupil and the right-sided visual field defect (due to compression of the optic tract or fibers of the optic nerve on the left side). However, it typically does not cause hemiparesis (weakness on one side of the body).

B: Herniation of the cingulate gyrus - This type of herniation can cause compression of the anterior cerebral artery, which could lead to right-sided hemiparesis. However, it is less likely to cause the visual field defect and pupil abnormalities seen in this patient.

C: Occlusion of the anterior cerebral artery - This would affect the medial portions of the frontal lobes and superior medial parietal lobes, which could cause contralateral leg weakness, but the patient's symptoms are more severe on the right side, and it would not typically cause the visual field defect or pupil abnormalities.

D: Occlusion of the basilar artery - This artery supplies the brainstem and cerebellum. Occlusion could lead to a variety of symptoms, including cranial nerve deficits, but it would not typically cause the unilateral findings seen in this patient.

E: Occlusion of the anterior spinal artery - This would affect the spinal cord and could cause symptoms such as paralysis and loss of pain and temperature sensation, but it would not explain the patient's visual field defect or pupil abnormalities.

Considering the clinical presentation and the options provided, the most likely explanation for the patient's symptoms, including the visual field defect, non-reactive pupil, and hemiparesis, is likely due to a mass effect or hemorrhage causing pressure on the left side of the brain, leading to herniation. The uncus, part of the temporal lobe, when herniated, can compress the third cranial nerve and also cause a shift that may compress the cerebral peduncle against the tentorium, resulting in the contralateral hemiparesis.

Therefore, the answer is (A) Herniation of the uncus.",,,0.0,0.0,"What is the most likely cause of the patient's symptoms based on the provided information?
What clinical findings suggest a specific type of herniation in this patient?
Which artery occlusion would explain the patient's symptoms and clinical findings?"
"A 41-year-old man presents to the emergency room with sudden onset of blurry vision one hour ago. He states that he was resting at home when he noticed he had difficulty reading. Currently, he is also starting to see double, and is seeing two images on top of each other. Earlier today, he felt ill with nausea, vomiting, and watery diarrhea, which he attributed to food he had eaten at a picnic the day before. When asked which foods he ate, he lists potato salad, a hamburger, deviled eggs, and pickles made by his neighbor. He also heard that his friend who went to the picnic with him has developed similar symptoms and was seen in another hospital earlier. While in the emergency room, the patient’s temperature is 98.4°F (36.9°C), pulse is 75/min, blood pressure is 122/84 mmHg, and respirations are 13/min. Cranial nerve exam is notable for fixed pupillary dilation, and difficulty depressing both eyes. The remainder of his exam is normal. Which of the following is the pathogenesis of this patient’s presentation?

Options:
A: Decreased acetylcholine release
B: Overactivation of adenylate cyclase
C: Release of interferon-gamma
D: Degradation of phospholipids
E: Inhibition of GABA release",A,A,True,"The patient presents with sudden onset of blurry vision, double vision, and difficulty reading. These symptoms suggest a problem with the patient's visual system, possibly related to the cranial nerves. The cranial nerve exam findings of fixed pupillary dilation and difficulty depressing both eyes are indicative of a disorder affecting the oculomotor nerve (cranial nerve III), which controls pupillary constriction and eye movements.

The patient's history of nausea, vomiting, and watery diarrhea after eating at a picnic, along with the fact that his friend developed similar symptoms, suggests a possible foodborne illness. Among the foods listed, potato salad, deviled eggs, and pickles are commonly associated with botulism, which is caused by the toxin produced by the bacterium Clostridium botulinum. Botulism can lead to a condition known as botulism poisoning, which affects the neuromuscular junction by preventing the release of acetylcholine, a neurotransmitter that is essential for muscle contraction.

The other options do not fit the clinical picture:

A: Decreased acetylcholine release - This is consistent with botulism, which causes a decrease in acetylcholine release at the neuromuscular junction.
B: Overactivation of adenylate cyclase - This is not typically associated with foodborne illnesses or the symptoms described.
C: Release of interferon-gamma - This is more related to immune responses and does not fit the clinical presentation.
D: Degradation of phospholipids - This is seen in conditions like malaria or some drug reactions, not in foodborne illnesses or neuromuscular junction disorders.
E: Inhibition of GABA release - This is not consistent with the symptoms or the likely diagnosis.

Given the clinical presentation and the associated symptoms, the most likely pathogenesis is related to botulism, which is associated with decreased acetylcholine release at the neuromuscular junction.

Therefore, the answer is (A) Decreased acetylcholine release.",,,0.0,0.0,"What is the likely pathogenesis of this patient's presentation?
What is the leading differential diagnosis for this patient's presentation?
What are the initial management steps for this patient's presentation?"
"A 43-year-old man comes to the emergency department with nausea, abdominal discomfort, diarrhea, and progressive perioral numbness for the past 24 hours. 3 days ago, he underwent a total thyroidectomy for treatment of papillary thyroid cancer. His only medication is a multivitamin supplement. He appears fatigued. While measuring the patient's blood pressure, the nurse observes a spasm in the patient's hand. Physical examination shows a well-healing surgical wound on the neck. Which of the following ECG findings are most likely in this patient?

Options:
A: Torsade de pointes
B: QT prolongation
C: U waves
D: Peaked T waves
E: PR prolongation",B,B,True,"The patient's symptoms of nausea, abdominal discomfort, diarrhea, and progressive perioral numbness, combined with the recent history of a total thyroidectomy, suggest the possibility of hypocalcemia. Hypocalcemia can occur after thyroid surgery due to accidental removal or damage to the parathyroid glands, which regulate calcium levels in the body. The spasm observed by the nurse upon measuring blood pressure could be a sign of tetany, which is associated with hypocalcemia.

The ECG finding associated with hypocalcemia is QT prolongation. This is because low calcium levels affect the repolarization phase of the cardiac cycle, leading to a prolonged QT interval on the ECG.

Torsade de pointes (A) is a specific type of ventricular tachycardia that can be associated with electrolyte disturbances, but it is not the most common ECG finding in hypocalcemia. U waves (C) are associated with hypokalemia, not hypocalcemia. Peaked T waves (D) are a sign of hyperkalemia. PR prolongation (E) can be seen in conditions that affect the conduction system, but it is not specifically indicative of hypocalcemia.

Therefore, the answer is (B) QT prolongation.","The document provides a comprehensive overview of electrolyte disorders, focusing on the diagnosis and management of conditions such as hyperkalemia, hypokalemia, hypernatremia, hyponatremia, hypercalcemia, hypocalcemia, hypermagnesemia, and hypomagnesemia. Key diagnostic principles include recognizing ECG changes associated with electrolyte imbalances, such as peaked T waves in hyperkalemia and prolonged QT intervals in hypocalcemia. Critical management steps involve the use of IV calcium for hyperkalemic emergencies, insulin and beta2-agonists to shift potassium intracellularly, and careful correction of sodium imbalances to prevent complications like central pontine myelinolysis. The document also highlights the importance of addressing underlying causes, such as renal failure or drug effects, and warns against rapid correction of electrolyte abnormalities to avoid adverse outcomes.",cc-125.md,14.136518478393555,14.136518478393555,"What condition is the patient likely experiencing post-thyroidectomy that could explain his symptoms and the observed hand spasm?
What electrolyte imbalance is commonly associated with this condition and could explain the ECG findings?
Which ECG finding is typically seen in cases of this electrolyte imbalance?"
"A 68-year-old woman presents with left lower quadrant pain that worsens with defecation. She describes the pain as 'crampy'. She also says she has suffered from mild constipation for the past few years. The patient denies any recent weight change or urinary symptoms. Her last menstrual period was 16 years ago. Her body temperature is 37.8°C (100.0°F), pulse is 102/min, respiratory rate is 16/min, and blood pressure is 133/87 mm Hg. On physical examination, tenderness to palpation in the left lower quadrant is present. The laboratory studies are presented as follows:
Hemoglobin 13.2 mg/dL
Hematocrit 48%
Leukocyte count 16,000/mm³
Neutrophils 89%
Bands 5%
Eosinophils 0%
Basophils 0%
Lymphocytes 11%
Monocytes 0%
Platelet count 380,000/mm³
Which of the following is the most likely diagnosis in this patient?

Options:
A: Diverticulitis
B: Hypothyroidism
C: Adenocarcinoma of the colon
D: Chronic inflammatory bowel disease
E: Irritable bowel syndrome",A,A,True,"The patient is a 68-year-old woman presenting with left lower quadrant pain that worsens with defecation, mild chronic constipation, and no significant weight change or urinary symptoms. Her last menstrual period was 16 years ago, indicating she is postmenopausal. Her vital signs show a mild fever (37.8°C or 100.0°F), tachycardia (pulse 102/min), and normal blood pressure. The physical examination reveals tenderness in the left lower quadrant.

The laboratory studies show an elevated leukocyte count of 16,000/mm³ with a predominance of neutrophils (89%), which suggests an acute inflammatory process. The other laboratory values, including hemoglobin, hematocrit, platelet count, and lymphocyte percentage, do not point towards a specific diagnosis but support the presence of an inflammatory condition.

Now, let's consider the options:

A: Diverticulitis - This condition is consistent with the patient's age, symptoms of left lower quadrant pain that worsens with defecation, and the presence of fever and leukocytosis. Diverticulitis often presents with these findings and is a common cause of such symptoms in the elderly.

B: Hypothyroidism - Typically presents with symptoms such as fatigue, weight gain, cold intolerance, and constipation. The patient does not report weight gain or other symptoms typical of hypothyroidism, and there are no laboratory findings suggestive of this condition.

C: Adenocarcinoma of the colon - While this could present with changes in bowel habits and abdominal pain, the acute presentation with fever and leukocytosis is less typical for cancer, which usually has a more insidious onset.

D: Chronic inflammatory bowel disease - This typically presents with a longer duration of symptoms, including diarrhea, weight loss, and possibly bloody stools. The patient's symptoms are more localized and do not include systemic symptoms typically associated with inflammatory bowel disease.

E: Irritable bowel syndrome - This is a diagnosis of exclusion and is less likely to present with fever and leukocytosis, which suggest an acute inflammatory process rather than a functional disorder.

Given the patient's age, presentation, and laboratory findings, diverticulitis is the most likely diagnosis. Therefore, the answer is (A) Diverticulitis.",,,0.0,0.0,"What is the most likely diagnosis for a 68-year-old woman presenting with left lower quadrant pain that worsens with defecation, mild chronic constipation, and tenderness in the left lower quadrant on physical examination?
What are the common pathophysiological mechanisms underlying this condition?
What are the initial management strategies for this condition?"
"A 24-year-old pregnant woman at 28 weeks gestation presents to the emergency department with complaints of fever with chills and pain in her knee and ankle joints for the past 2 days. She also complains of headaches and difficulty moving her neck. Further questioning reveals that she had a tick bite on her arm while gardening a few days ago. Past medical history is noncontributory. She takes a multivitamin with iron and folate every day and has been receiving regular prenatal care and the pregnancy is progressing normally. On examination, an erythematous rash is seen on her right arm, as shown in the accompanying photograph. Her obstetric examination is normal. Ultrasound of the fetus is reassuring with a normal heartbeat and no gross abnormalities. A specimen is collected to test for Lyme disease. What is the next best step for this patient?

Options:
A: Ibuprofen
B: Doxycycline
C: Tetracycline
D: Amoxicilin
E: Gentamicin",D,D,True,"The patient presents with symptoms suggestive of Lyme disease, which include fever with chills, joint pain, headache, and difficulty moving her neck (suggestive of meningitis). The history of a tick bite and the presence of an erythematous rash (which could be erythema migrans, a characteristic rash of Lyme disease) further support this diagnosis.

When considering treatment options for Lyme disease during pregnancy, it is important to choose an antibiotic that is safe for both the mother and the fetus. Doxycycline (option B) and tetracycline (option C) are not recommended during pregnancy due to the risk of inhibition of bone growth and discoloration of teeth in the fetus. Ibuprofen (option A) is not an antibiotic and would not treat the underlying infection. Gentamicin (option E) is an aminoglycoside and is not the first-line treatment for Lyme disease.

Amoxicillin (option D) is the recommended antibiotic for the treatment of Lyme disease in pregnant women because it is safe and effective. It can be used throughout pregnancy without harming the fetus.

Therefore, the answer is (D) Amoxicillin.",,,0.0,0.0,"What is the most likely diagnosis for this patient?
What are the recommended antibiotics for this diagnosis during pregnancy?
What is the preferred antibiotic for this diagnosis in a non-pregnant adult?"
"A 52-year-old man is brought to the emergency department with dry cough, shortness of breath, and low-grade fever that began 6 days ago. He also reports that he has had 3 episodes of watery diarrhea per day for the last 2 days. He appears slightly pale. His temperature is 38.0°C (100.4°F), pulse is 65/min, respirations are 15/min, and blood pressure is 140/78 mm Hg. Diffuse crackles are heard over bibasilar lung fields. Laboratory studies show:
Hemoglobin 13.8 g/dL
Leukocyte count 16,000/mm3
Platelet count 150,000/mm3
Serum
Na+ 131 mEq/L
Cl-
102 mEq/L
K+ 4.7 mEq/L
HCO3- 26 mEq/L
Urea nitrogen 18 mg/dL
Creatinine 1.2 mg/dL
An x-ray of the chest shows patchy infiltrates in both lungs. Which of the following is the most appropriate pharmacotherapy?""

Options:
A: Levofloxacin
B: Trimethoprim/sulfamethoxazole
C: Amoxicillin
D: Oseltamivir
E: Rifampin",A,A,True,"The patient presents with symptoms of a respiratory infection, including dry cough, shortness of breath, and low-grade fever, along with watery diarrhea. The presence of diffuse crackles over bibasilar lung fields and patchy infiltrates in both lungs on the chest x-ray suggests a pneumonia. The elevated leukocyte count indicates an infection. The electrolyte imbalance with hyponatremia (low sodium) and the gastrointestinal symptoms could be indicative of a specific type of pneumonia.

Given the combination of respiratory symptoms, diarrhea, and the chest x-ray findings, Legionnaires' disease should be considered. Legionnaires' disease is a type of pneumonia caused by the Legionella pneumophila bacteria, which is often associated with hyponatremia and gastrointestinal symptoms.

The most appropriate pharmacotherapy for Legionnaires' disease is with a macrolide antibiotic, such as levofloxacin, which is effective against Legionella.

Trimethoprim/sulfamethoxazole is typically used for Pneumocystis jirovecii pneumonia or urinary tract infections. Amoxicillin is a broad-spectrum penicillin antibiotic that is not the first choice for Legionella. Oseltamivir is an antiviral medication used for influenza. Rifampin is an antibiotic that is often used for tuberculosis and is not the first-line treatment for Legionella.

Therefore, the answer is (A) Levofloxacin.",,,0.0,0.0,"What is the most likely diagnosis for this patient?
What are the common pathophysiological mechanisms underlying this condition?
What are the initial management strategies for this condition?"
"A 75-year-old woman is brought to the emergency department by her son because of a 2-day history of fever, headache, malaise, and dry cough. The patient lives with her son and his family and her son reports that other members of the family have had similar symptoms during the past week but that he has not had any symptoms. The result of a polymerase chain reaction test confirms that the woman is infected with a virus that has a helical capsid and a segmented genome. Which of the following is the most likely explanation for the son being free of symptoms?

Options:
A: Serum antibodies against hemagglutinin
B: Downregulation of ICAM-1 expression
C: Protease-resistant antibodies in nasal secretions
D: Homozygous mutation in the CCR5 gene
E: High concentration of circulating T cells",A,C,False,"The information provided indicates that the 75-year-old woman has symptoms consistent with a viral infection, and that other family members have had similar symptoms. The PCR test confirms a virus with a helical capsid and a segmented genome, which is characteristic of influenza viruses. The son's lack of symptoms despite exposure suggests that he may have some level of immunity to the virus.

Option A, serum antibodies against hemagglutinin, is a component of the immune response to influenza infection. Hemagglutinin is one of the two main surface proteins of the influenza virus, and antibodies against it can provide immunity.

Option B, downregulation of ICAM-1 expression, is not typically associated with protection from influenza virus infection. ICAM-1 is an intercellular adhesion molecule that may play a role in the pathogenesis of some viral infections, but it is not known for providing protection against influenza.

Option C, protease-resistant antibodies in nasal secretions, refers to the presence of secretory IgA antibodies that can be found in mucosal secretions and are important in mucosal immunity. These antibodies can provide protection against respiratory infections, including influenza.

Option D, a homozygous mutation in the CCR5 gene, is related to resistance to HIV infection, not influenza.

Option E, a high concentration of circulating T cells, could be part of an immune response to infection, but T cells are not specifically known for providing resistance to influenza in the manner that the son is asymptomatic.

Considering the options, the most likely explanation for the son being free of symptoms is that he has some level of immunity to the virus, which could be due to the presence of antibodies. Between serum antibodies and protease-resistant antibodies in nasal secretions, the latter are more relevant to mucosal immunity and protection at the site of entry for respiratory viruses like influenza.

Therefore, the answer is (C) Protease-resistant antibodies in nasal secretions.",,,0.0,0.0,"What is the most likely explanation for the son being free of symptoms despite being exposed to a virus with a helical capsid and a segmented genome?
What immune mechanism could explain why the son is asymptomatic despite being exposed to a virus with a helical capsid and a segmented genome?
What genetic factor could explain why the son is asymptomatic despite being exposed to a virus with a helical capsid and a segmented genome?"
"A 19-year-old man is brought to the emergency department by ambulance because of unusual behavior that started 3 hours ago while he was at a party. He has a history of major depressive disorder and seasonal allergies. His mother has a history of anxiety. He drinks 5 beers on the weekends. Current medications include amitriptyline and diphenhydramine. The patient does not respond to questions and repeatedly says, """"The government is following me everywhere."""" His temperature is 37.9°C (100.2°F), pulse is 115/min, respirations are 24/min, and blood pressure is 160/89 mm Hg. He is diaphoretic. He is not oriented to place or time. Neurologic examination shows dilated pupils bilaterally and diffuse hyperreflexia. His feet are cold, and capillary refill time is 3 seconds. After the examination, the patient starts screaming and tries to bite the physician. Urine toxicology screening is positive for ethyl glucuronide. Which of the following is the most likely explanation for this patient's symptoms?""

Options:
A: Brief psychotic disorder
B: Neuroleptic malignant syndrome
C: Anticholinergic toxicity
D: Lysergic acid diethylamide intoxication
E: Synthetic cathinone intoxication",E,E,True,"The patient is a 19-year-old man with a history of major depressive disorder and seasonal allergies, currently on amitriptyline and diphenhydramine. He presents with unusual behavior, including paranoia, as well as physical symptoms such as fever, tachycardia, hypertension, diaphoresis, and neurologic signs including dilated pupils and hyperreflexia. His disorientation and agitation, along with the positive urine toxicology screening for ethyl glucuronide, suggest intoxication with a substance.

Let's evaluate the options:

A: Brief psychotic disorder - While the patient does exhibit psychotic symptoms, the physical findings and positive toxicology screening make a primary psychiatric disorder less likely.

B: Neuroleptic malignant syndrome - This is a serious reaction to antipsychotic drugs, characterized by fever, altered mental status, muscle rigidity, and autonomic dysfunction. However, the patient is not on any antipsychotic medication, and the presence of ethyl glucuronide suggests intoxication with a substance, not medication-induced neuroleptic malignant syndrome.

C: Anticholinergic toxicity - This could explain the dilated pupils, hyperreflexia, and agitation, as anticholinergic drugs can cause these symptoms. However, amitriptyline, an antidepressant, is more likely to cause anticholinergic side effects, and the presence of ethyl glucuronide suggests recent substance use.

D: Lysergic acid diethylamide (LSD) intoxication - LSD can cause hallucinations and altered mental status, but it is not typically associated with the autonomic instability (such as tachycardia and hypertension) seen in this patient.

E: Synthetic cathinone intoxication - Synthetic cathinones (bath salts) can cause hallucinations, paranoia, tachycardia, hypertension, and hyperthermia, which aligns well with the patient's presentation. The presence of ethyl glucuronide, a metabolite of synthetic cathinones, supports this diagnosis.

Considering the clinical presentation and the positive urine toxicology screening, the most likely explanation for this patient's symptoms is intoxication with a substance that has similar effects to synthetic cathinones. Therefore, the answer is (E) Synthetic cathinone intoxication.",,,0.0,0.0,"What is the most likely explanation for this patient's symptoms?
What condition is characterized by hallucinations, hyperreflexia, and agitation?
What condition presents with dilated pupils, diaphoresis, and agitation?"
"A 22-year-old male presents to the emergency room complaining of neck stiffness. He reports that his neck started “locking” three hours ago. He is now unable to move it. His past medical history is notable for schizophrenia and asthma and he currently takes albuterol as well as another medication whose name he does not remember. His temperature is 99.0°F (37.2°C), blood pressure is 130/90 mmHg, pulse is 105/min, and respirations are 18/min. On physical examination, the patient appears anxious and diaphoretic. He speaks in full sentences and is oriented to person, place, and time. The patient’s neck is flexed and rotated to the right approximately 40 degrees. The right sternocleidomastoid and trapezius are firm and contracted. Extraocular movements are full and intact. Upon further questioning, he reports that he took more medication four hours ago because he was hearing voices. Which of the following should most likely be administered to this patient?

Options:
A: Glycopyrrolate
B: Benztropine
C: Levodopa
D: Dantrolene
E: Propranolol",B,B,True,"The patient presents with neck stiffness and a history of taking more medication due to auditory hallucinations, which suggests that he may have ingested an overdose of his antipsychotic medication. Antipsychotics, particularly first-generation ones, can cause extrapyramidal side effects, and in the case of an overdose, they can lead to acute dystonia, which is characterized by muscle contractions that result in twisting and repetitive movements or abnormal postures. The description of the patient's neck being flexed and rotated to the right and the sternocleidomastoid and trapezius muscles being firm and contracted is consistent with this condition.

The treatment for acute dystonia caused by antipsychotic medication overdose is anticholinergic medication, which can relieve the muscle contractions. Among the options provided:

A: Glycopyrrolate is an anticholinergic medication that can be used to treat acute dystonia.
B: Benztropine is also an anticholinergic medication commonly used to treat extrapyramidal symptoms, including acute dystonia.
C: Levodopa is used in the treatment of Parkinson's disease and would not be appropriate for treating dystonia caused by antipsychotic medication overdose.
D: Dantrolene acts directly on skeletal muscle to reduce muscle contraction and is used for conditions like malignant hyperthermia and spasticity, but it is not the first-line treatment for acute dystonia.
E: Propranolol is a beta-blocker and would not be appropriate for treating dystonia caused by antipsychotic medication overdose.

Between options A and B, benztropine (option B) is more commonly used for acute dystonia caused by antipsychotic medication overdose. Therefore, the answer is (B) Benztropine.",,,0.0,0.0,"What is the most likely diagnosis for this patient?
What is the pathophysiology behind this condition?
What is the initial management for this condition?"
"A 41-year-old man comes to the emergency department with nausea, abdominal discomfort, and diarrhea for the past 2 days. His abdominal discomfort is worse shortly after meals. He has also had progressive perioral numbness and upper-extremity muscle cramping for the past 24 hours. Six months ago, he underwent a Roux-en-Y gastric bypass to treat obesity. He underwent a total thyroidectomy to treat a Hurthle cell lesion 4 days ago. His mother died of lung cancer at age 68. He has smoked 1 pack of cigarettes daily for 22 years. His only current medication is a multivitamin supplement. He appears fatigued. His temperature is 36°C (96.8°F), pulse is 72/min, respirations are 20/min, and blood pressure is 130/70 mm Hg. While measuring the patient's blood pressure, the nurse observes spasm of the patient's hand. Physical examination shows a well-healing surgical wound on the neck. The abdomen is mildly tender to palpation with well-healed laparoscopic incisional sites. The remainder of the examination shows no abnormalities. Serum studies show:
Na+ 138 mEq/L
K+ 4.2 mEq/L
Cl- 102 mEq/L
HCO3- 25 mEq/L
Mg2+ 1.7 mEq/L
Phosphorus 4.3 mg/dL
25-hydroxyvitamin D 20 ng/mL (N: 20-100 ng/mL)
Parathyroid hormone 115 pg/mL
Total bilirubin, serum 0.7 mg/dL
Alanine aminotransferase, serum 14 U/L
Aspartate aminotransferase, serum 15 U/L
Alkaline phosphatase, serum 42 U/L
Which of the following is the most appropriate initial step in the management of this patient?""

Options:
A: Obtain abdominal CT
B: Observation only
C: Begin rehydration therapy
D: Administer calcium gluconate
E: Supplementation with vitamin D",D,C,False,"The patient presents with nausea, abdominal discomfort, diarrhea, perioral numbness, and muscle cramping. These symptoms, along with the recent total thyroidectomy, suggest a possible case of hypocalcemia, which is a common complication after thyroid surgery due to accidental removal or damage to the parathyroid glands. The serum studies show a normal calcium level (Na+ 138 mEq/L), but the magnesium level is low (Mg2+ 1.7 mEq/L), which can contribute to hypocalcemia by decreasing the binding of calcium and resulting in a relative deficiency of free calcium. The normal parathyroid hormone (PTH) level makes primary hyperparathyroidism unlikely.

The patient's symptoms of muscle cramping and perioral numbness, along with the low magnesium level, suggest hypomagnesemia, which can cause hypocalcemia by decreasing PTH secretion and resistance to PTH. Therefore, magnesium repletion is often necessary to correct hypocalcemia.

Given the patient's symptoms and the recent thyroid surgery, the most appropriate initial step in management would be to address the hypomagnesemia, as this is likely contributing to the patient's symptoms and may also be affecting calcium levels.

Therefore, the answer is (C) Begin rehydration therapy.",,,0.0,0.0,"What is the most likely diagnosis for this patient?
What is the underlying pathophysiology of this condition?
What is the initial management step for this condition?"
"A 32-year-old man with HIV infection is brought to the emergency department by his roommate because of a 2-week history of progressively worsening headache and vomiting. Current medications include trimethoprim-sulfamethoxazole, dolutegravir, and tenofovir-emtricitabine. His temperature is 38.5°C (101.3°F). Physical examination shows nuchal rigidity. Kernig and Brudzinski signs are present. A lumbar puncture is performed and shows an opening pressure of 32 cm H2O (N: < 20). The pathogen isolated from the cerebrospinal fluid (CSF) can be cultured on Sabouraud agar. Further evaluation of this patient's CSF is most likely to show which of the following additional findings?

Options:
A: Positive latex agglutination test
B: Positive PCR for HSV-2 DNA
C: Presence of tachyzoites
D: Increased adenosine deaminase concentration
E: Positive PCR for JC virus DNA",A,A,True,"The patient presents with symptoms of meningitis, as evidenced by the headache, vomiting, fever, nuchal rigidity, and positive Kernig and Brudzinski signs. The elevated opening pressure during the lumbar puncture is also consistent with meningitis. The fact that the patient has HIV and is on antiretroviral therapy suggests that he is immunocompromised, which puts him at higher risk for opportunistic infections.

The pathogen can be cultured on Sabouraud agar, which is a medium used for the isolation of fungi. Given the patient's immunocompromised status and the use of Sabouraud agar, the most likely pathogen is Cryptococcus neoformans, a common cause of meningitis in patients with HIV/AIDS.

Now, let's evaluate the answer choices in the context of Cryptococcus neoformans infection:

A: Positive latex agglutination test - This test is used for the diagnosis of cryptococcal meningitis. It detects antigen from Cryptococcus in the CSF.

B: Positive PCR for HSV-2 DNA - This would indicate herpes simplex virus type 2, which is not consistent with the use of Sabouraud agar for culture.

C: Presence of tachyzoites - Tachyzoites are associated with toxoplasmosis, not a fungal infection.

D: Increased adenosine deaminase concentration - This finding is associated with HIV infection and not specifically with fungal meningitis.

E: Positive PCR for JC virus DNA - This would indicate a diagnosis of progressive multifocal leukoencephalopathy (PML), which is not consistent with the use of Sabouraud agar.

Given the information provided and the likely diagnosis of cryptococcal meningitis, the most likely additional finding in this patient's CSF would be a positive latex agglutination test, which is used for the diagnosis of cryptococcal meningitis.

Therefore, the answer is (A) Positive latex agglutination test.",,,0.0,0.0,
"A 43-year-old woman is brought to the emergency department by her brother for severe chest pain. The patient recently lost her husband in a car accident and is still extremely shocked by the event. On physical examination, her blood pressure is 105/67 mm Hg, the heart rate is 96/min and regular, breathing rate is 23/min, and the pulse oximetry is 96%. An S3 heart sound and rales in the lower right and left lung lobes are heard. A 12-lead ECG shows no significant findings. Echocardiography shows an enlarged left ventricle and left atrium. The patient is stabilized and informed about the diagnosis and possible treatment options. Which of the following is the most likely diagnosis?

Options:
A: Aortic stenosis
B: Atrial fibrillation
C: Constrictive pericarditis
D: Takotsubo cardiomyopathy
E: Restrictive cardiomyopathy",D,D,True,"The patient is a 43-year-old woman presenting with severe chest pain, recent emotional stress, and physical examination findings including hypotension (blood pressure 105/67 mm Hg), tachycardia (heart rate 96/min), normal oxygen saturation (96% on pulse oximetry), an S3 heart sound, and rales in the lower lung lobes. The absence of significant findings on the 12-lead ECG and the presence of an enlarged left ventricle and left atrium on echocardiography are also noted.

Let's evaluate the options:

A: Aortic stenosis typically presents with a systolic ejection murmur and would not typically cause an enlarged left ventricle and left atrium without the presence of heart failure symptoms.

B: Atrial fibrillation could present with an irregular heart rate and could be associated with an enlarged left atrium due to atrial enlargement. However, it would not explain the S3 heart sound and rales, which suggest heart failure.

C: Constrictive pericarditis is a condition where the pericardium becomes thickened and scarred, leading to restricted filling of the heart chambers. It would not typically cause an enlarged left ventricle and left atrium.

D: Takotsubo cardiomyopathy, also known as stress-induced cardiomyopathy, is often precipitated by emotional stress and can present with symptoms similar to a heart attack. It is characterized by transient regional wall motion abnormalities and can lead to an enlarged left ventricle and left atrium due to the stress-induced cardiac dysfunction.

E: Restrictive cardiomyopathy is a disease of the myocardium that leads to restricted filling of the heart chambers. It would not typically present acutely with chest pain and is less likely to be related to recent emotional stress.

Given the recent extreme emotional stress, the presence of an enlarged left ventricle and left atrium, and the absence of significant findings on the ECG, Takotsubo cardiomyopathy is the most likely diagnosis. Therefore, the answer is (D) Takotsubo cardiomyopathy.",,,0.0,0.0,"What is the most likely diagnosis for a patient presenting with severe chest pain, recent emotional trauma, and specific cardiac findings on examination?
What condition is characterized by an enlarged left ventricle and left atrium, in the absence of significant findings on a 12-lead ECG?
Which condition is associated with emotional stress and can present with transient cardiac abnormalities, including an S3 heart sound and rales in the lungs?"
"A 56-year-old man is brought to the emergency department. He was found unconscious on the street. The staff recognizes him as a local homeless man with a long history of alcoholism. At the hospital, his pulse is 95/min, the blood pressure is 110/70 mm Hg, the respirations are 20/min, and the oxygen saturation is 98% on room air. On physical exam, the unconscious man is covered in bloody vomit with small clots and food particles. He smells of alcohol. A digital exam reveals black tarry stool in the rectal vault. The patient is given oxygen, IV fluids, and an NG-tube is placed and set to intermittent suction. Labs are sent and the patient is prepared for a procedure. Which of the following is the most appropriate next step in his management?

Options:
A: Undergo colonoscopy
B: Undergo upper GI endoscopy
C: Selective mesenteric angiography
D: Proton pump inhibitors with anti-H.pylori regimen
E: Surgery for peptic ulcer disease",B,B,True,"The patient presents with a history of alcoholism and is found unconscious with bloody vomit and black tarry stools, which suggests upper gastrointestinal (GI) bleeding. The presence of blood in the vomit and black tarry stools (melena) indicates that the bleeding is likely originating from an upper GI source. The fact that he is unconscious and has bloody vomit suggests that the bleeding may be significant and could be life-threatening.

The initial management steps described, such as providing oxygen, IV fluids, and placing an NG-tube, are appropriate for a patient with suspected upper GI bleeding to stabilize the patient and prevent aspiration.

Given the clinical presentation and the need to identify and manage the source of bleeding, the most appropriate next step in management would be to perform an upper GI endoscopy. This procedure allows direct visualization of the upper GI tract to identify the source of bleeding, which could be a peptic ulcer, Mallory-Weiss tear, or another cause of upper GI bleeding. It also allows for therapeutic interventions such as cautery or clipping of bleeding vessels, biopsy if needed, and stabilization of varices if present.

Colonoscopy (A) is not indicated in this scenario as the presentation suggests an upper GI source rather than a lower GI source. Selective mesenteric angiography (C) is typically reserved for cases where bleeding is ongoing and not easily controlled with endoscopy. Proton pump inhibitors with anti-H.pylori regimen (D) are part of the treatment for peptic ulcer disease but are not the immediate next step in the management of an acute upper GI bleed. Surgery for peptic ulcer disease (E) is usually reserved for cases where endoscopic treatment fails or is not possible.

Therefore, the answer is (B) Undergo upper GI endoscopy.",,,0.0,0.0,"What is the most likely cause of the patient's presentation?
What diagnostic test would be most appropriate to confirm the suspected cause?
What is the initial management for this condition?"
"A 25-year-old man presents to the emergency department with altered mental status. He was found down in the middle of the street. His past medical history is unknown. His temperature is 99.0°F (37.2°C), blood pressure is 104/64 mmHg, pulse is 70/min, respirations are 5/min, and oxygen saturation is 91% on room air. The patient is being resuscitated in the trauma bay. Which of the following was most likely to be found on exam?

Options:
A: Ataxia
B: Conjunctival injection
C: Miosis
D: Mydriasis
E: Nystagmus",C,C,True,"The patient presents with altered mental status, and the history provided indicates that he was found in the street, suggesting a possible traumatic event or drug involvement. The vital signs show a slightly elevated temperature, low blood pressure, bradycardia (pulse of 70/min is low), respiratory depression (respirations are 5/min), and decreased oxygen saturation. These findings suggest a central nervous system depressant effect, which could be due to opioid overdose.

Now let's analyze the options in the context of common causes of altered mental status and the clinical presentation:

A: Ataxia - This is a sign of cerebellar dysfunction and could be seen in various conditions, including intoxication, but it is not the most specific finding for opioid overdose.

B: Conjunctival injection - This is redness of the eyes and is commonly associated with marijuana use, not opioid overdose.

C: Miosis - This is the constriction of the pupils and is a classic sign of opioid overdose. Opioids bind to the mu receptors in the iris, causing constriction.

D: Mydriasis - This is the dilation of the pupils and can be seen in anticholinergic poisoning or stimulant use, not typically associated with opioid overdose.

E: Nystagmus - This is an involuntary movement of the eyes and can be seen in various conditions, including intoxication, but it is not specific for opioid overdose.

Given the clinical presentation of altered mental status, respiratory depression, and the need to choose the most likely exam finding related to opioid overdose, the most specific sign among the options provided is miosis (constricted pupils).

Therefore, the answer is (C) Miosis.","- Causes of altered mental status in children are broad. Use a comprehensive approach! (e.g., DIMES)
- Includes vascular events (e.g., stroke, arteriovenous malformation with bleed), infection (e.g., meningitis, sepsis, encephalitis), trauma, toxic ingestion, anatomic or structural abnormality (e.g., intracranial mass or tumor), metabolic derangements, intussusception, or seizures, which may be subclinical.
- Altered mental status in children has a varied spectrum of clinical presentations and may include any of the following: altered level of consciousness, excessive sleepiness, irritability, lethargy, and abnormal behavior.
- Signs and symptoms of bacterial meningitis vary by age and can include nonspecific manifestations in infants and young children, such as irritability and lethargy.
- Antibiotic therapy for the patient with suspected bacterial meningitis should not be delayed by an LP. Initial antibiotic coverage should be broad and guided by the most likely pathogens in the patient’s age group.",cc-175.md,12.640538215637207,12.640538215637207,"What are the common causes of altered mental status in a young adult?
What clinical features are associated with each of these causes?
How would you differentiate between these causes based on exam findings?"
"A 23-year-old man is brought to the emergency department 25 minutes after being involved in a high-speed motor vehicle collision in which he was the restrained driver. On questioning by the paramedics, he reported severe chest pain and mild dyspnea. On arrival, he is confused and unable to provide a history. His pulse is 93/min, respirations are 28/min, and blood pressure is 91/65 mm Hg. Pulse oximetry on room air shows an oxygen saturation of 88%. He is able to move his extremities in response to commands. He opens his eyes spontaneously. Pupils are equal and reactive to light. Examination shows multiple bruises over the trunk and extremities. There is a 3-cm (1.2-in) wound at the left fifth intercostal space at the midclavicular line. There is jugular venous distention. Decreased breath sounds and hyperresonance on percussion are noted on the left. Which of the following is the most appropriate next step in management?

Options:
A: CT scan of the chest
B: Bronchoscopy
C: Emergency thoracotomy
D: Needle decompression
E: X-ray of the chest
""",D,D,True,"The patient presents with severe chest pain, mild dyspnea, confusion, hypotension (blood pressure 91/65 mm Hg), tachypnea (respirations 28/min), and hypoxemia (oxygen saturation of 88% on room air) following a high-speed motor vehicle collision. The physical examination reveals multiple bruises, a wound at the left fifth intercostal space at the midclavicular line, jugular venous distention, decreased breath sounds, and hyperresonance on percussion on the left side. These findings suggest a traumatic injury to the chest, possibly involving the lung and/or pleural space.

The presence of jugular venous distention, hypotension, and hypoxemia, along with the physical findings of decreased breath sounds and hyperresonance on the left side, are indicative of a tension pneumothorax. This is a life-threatening condition that requires immediate intervention to prevent cardiovascular collapse.

The most appropriate next step in management for a tension pneumothorax is to decompress the pleural space to relieve the pressure on the heart and other mediastinal structures. This is typically done via needle decompression, which is an emergency procedure performed to quickly relieve the pressure.

Therefore, the answer is (D) Needle decompression.",,,0.0,0.0,"What is the most likely cause of the patient's symptoms?
What diagnostic test would be most appropriate to confirm the suspected cause?
What is the initial management step for this condition?"
"A 40-year-old businessman who was previously well is brought into the emergency department by his assistant with a complaint of left-sided weakness after a chiropractic neck manipulation. He has never felt like this before. Past medical history is insignificant. His blood pressure is 125/75 mm Hg, pulse 86/min, respiratory rate 13/min, temperature 36.8°C (98.2°F). A T2-weighted MRI shows a left C5 hemicord lesion. The patient is treated with cervical immobilization, a course of steroids, and physical therapy. What other finding will most likely be seen in this patient?

Options:
A: Spastic paralysis at the level of lesion
B: Right-sided Horner's syndrome
C: Contralateral corticospinal tract involvement
D: Right-sided analgesia
E: Contralateral loss of vibration and proprioception",D,A,False,"The patient presents with left-sided weakness following a chiropractic neck manipulation, which suggests a cervical spine injury. The MRI finding of a left C5 hemicord lesion supports this. Hemicord lesions typically result in ipsilateral motor deficits due to damage to the anterior horn cells and corticospinal tract, which cross to the opposite side of the body at the level of the medulla. However, the damage to the dorsal columns (which carry vibration and proprioception information) and the spinothalamic tract (which carries pain and temperature information) occurs at the level of the lesion.

Given the location of the lesion at C5, the ipsilateral (same side) symptoms would be expected. This would include spastic paralysis at the level of the lesion due to damage to the anterior horn cells, which would cause upper motor neuron signs such as spasticity, hyperreflexia, and the presence of pathological reflexes like the Babinski sign.

Option A (Spastic paralysis at the level of lesion) is consistent with an upper motor neuron lesion at C5. Options B (Right-sided Horner's syndrome), C (Contralateral corticospinal tract involvement), D (Right-sided analgesia), and E (Contralateral loss of vibration and proprioception) are not consistent with a left C5 hemicord lesion. Horner's syndrome would be seen with a lesion affecting the sympathetic pathway, typically at the level of the cervical spinal cord below C5. Contralateral involvement of the corticospinal tract would not occur with a unilateral C5 lesion. Loss of vibration and proprioception would be ipsilateral, not contralateral, to the lesion due to the crossing of these sensory pathways at the level of the medulla. Analgesia would not be expected with a C5 lesion as this does not affect the spinothalamic tract, which carries pain and temperature sensations.

Therefore, the answer is (A) Spastic paralysis at the level of lesion.",,,0.0,0.0,"What is the most likely finding in this patient with a left C5 hemicord lesion?
What other neurological finding is commonly associated with a left C5 hemicord lesion?
What additional clinical feature is often observed in patients with a left C5 hemicord lesion?"
"A 35-year-old Caucasian female presents to the emergency room with unilateral leg swelling. She reports that she developed painful left-sided leg swelling and redness earlier in the day. She is otherwise healthy and takes no medications. She denies any recent prolonged travel. She experienced a similar episode affecting the opposite leg one year ago and was diagnosed with a thrombus in the right femoral vein. On examination, the left leg is erythematous and swollen. Passive dorsiflexion of the left ankle elicits pain in the left calf. Ultrasound of the leg reveals a thrombus in the left popliteal vein. A genetic workup reveals that she has an inherited condition. What is the most likely pathophysiology of this patient’s condition?

Options:
A: Elevated serum homocysteine
B: Thrombin inhibitor deficiency
C: Deficiency in protein C
D: Auto-antibodies directed against phospholipids
E: Resistance to clotting factor degradation",E,C,False,"The patient presents with unilateral leg swelling, redness, and pain, which are symptoms suggestive of deep vein thrombosis (DVT). The fact that she had a similar episode in the past and was diagnosed with a thrombus in the right femoral vein indicates that she may have a predisposition to thrombotic events. The genetic workup suggests an inherited condition that predisposes her to thrombosis.

Let's evaluate the options:

A: Elevated serum homocysteine can be associated with hyperhomocysteinemia, which is a risk factor for thrombosis. However, it is not typically considered an inherited condition but rather a condition that can be influenced by genetic factors, diet, and other lifestyle choices.

B: Thrombin inhibitor deficiency, such as Protein C or S deficiency, is an inherited condition that increases the risk of thrombosis. These proteins are important for the regulation of coagulation, and their deficiency can lead to an increased risk of DVT.

C: Deficiency in protein C is a specific type of thrombin inhibitor deficiency and could be the cause of her condition. Protein C deficiency is an inherited condition that increases the risk of thrombosis.

D: Auto-antibodies directed against phospholipids are characteristic of antiphospholipid syndrome, which is an acquired condition rather than an inherited one. It is associated with recurrent thrombosis, pregnancy complications, and other symptoms.

E: Resistance to clotting factor degradation is seen in conditions like Factor V Leiden, which is a genetic mutation that leads to resistance to the anticoagulant effects of activated protein C. This condition increases the risk of DVT.

Given that the question specifies that the patient has an inherited condition and the fact that she has had a previous DVT, the most likely inherited conditions that could explain her recurrent DVTs are thrombin inhibitor deficiency (option B) or resistance to clotting factor degradation (option E). Since option C is a specific type of thrombin inhibitor deficiency, it is a more precise answer than option B. Therefore, the answer is (C) Deficiency in protein C.",,,0.0,0.0,"What is the most likely inherited condition causing this patient's recurrent thrombus formation?
What is the pathophysiology of this inherited condition?
What are the typical clinical manifestations of this inherited condition?"
"An unconscious 55-year-old man is brought to the Emergency Department by ambulance. He had recently lost his job and his house was about to begin foreclosure. His adult children were concerned for his well being and called the police requesting a welfare check. He was found unresponsive in his gurague. There were several empty bottles of vodka around him and one half empty container of antifreeze. A review of his medical records reveals that he was previously in good health. Upon arrival to the ED he regains consciousness.  His blood pressure is 135/85 mmHg, heart rate 120/min, respiratory rate 22/min, and temperature 36.5°C (97.7°F). On physical exam his speech is slurred and he has difficulty following commands. His abdomen is diffusely tender to palpation with no rebound tenderness. Initial laboratory tests show an elevated serum creatinine (Cr) of 1.9 mg/dL, and blood urea nitrogen (BUN) of 29 mg/dL. Which of the following findings would be expected in this patient’s urine?

Options:
A: Eosinophilia
B: Calcium oxalate crystals
C: Hyaline casts
D: Urine ketones
E: Urate crystals",B,B,True,"The patient's presentation suggests he has ingested a toxic substance, as evidenced by the empty bottles of vodka and the container of antifreeze found with him. Antifreeze contains ethylene glycol, which is metabolized to toxic metabolites that can cause kidney injury. The elevated serum creatinine and BUN suggest renal impairment, which is consistent with ethylene glycol poisoning.

Eosinophilia (A) is typically associated with allergic reactions or parasitic infections, not with ethylene glycol poisoning. Calcium oxalate crystals (B) can be found in the urine of patients who have ingested ethylene glycol, as the metabolites of ethylene glycol precipitate as calcium oxalate crystals in the renal tubules. Hyaline casts (C) are often seen in urine when there is dehydration or in normal circumstances, but they are not specific to ethylene glycol poisoning. Urine ketones (D) are associated with diabetic ketoacidosis or starvation, not with ethylene glycol poisoning. Urate crystals (E) are associated with gout or high purine turnover, not with ethylene glycol poisoning.

Given the history of ingestion of antifreeze and the renal impairment, the most likely finding in this patient's urine would be calcium oxalate crystals, which are a result of the metabolism of ethylene glycol.

Therefore, the answer is (B) Calcium oxalate crystals.",,,0.0,0.0,"What is the likely cause of the patient's presentation?
What are the typical findings associated with this cause?
What laboratory finding would support this diagnosis?"
"A 34-year-old woman is assaulted and suffers a number of stab wounds to her abdomen. Bystanders call paramedics and she is subsequently taken to the nearest hospital. On arrival to the emergency department, her vitals are T: 36 deg C, HR: 110 bpm, BP: 100/60, RR: 12, SaO2: 99%. A FAST and abdominal CT are promptly obtained which are demonstrated in Figures A and B, respectively. Her chart demonstrates no other medical problems and vaccinations/boosters up to date. The patient is diagnosed with a Grade V splenic laceration and is immediately brought to the OR for emergent splenectomy. The splenectomy is successfully performed with removal of the damaged spleen (Figure C). Following the operation, the patient should receive which of the following vaccines: (I) H. influenzae (II) Tetanus (III) N. meningitidis (IV) S. pneumoniae (V) Hepatitis B

Options:
A: I, II
B: I, III, IV
C: I, V
D: II only
E: III, IV",B,B,True,"The patient has undergone an emergent splenectomy due to a Grade V splenic laceration. The spleen plays a crucial role in filtering bacteria and mounting an immunologic response, particularly against encapsulated organisms. Patients without a spleen (asplenic) are at increased risk for infections by certain encapsulated bacteria. Therefore, it is standard practice to vaccinate asplenic patients against these pathogens to prevent overwhelming post-splenectomy infection (OPSI).

The encapsulated bacteria that are most commonly vaccinated against in asplenic patients are:
- Streptococcus pneumoniae
- Haemophilus influenzae type b (Hib)
- Neisseria meningitidis

Tetanus and hepatitis B vaccines are not specifically indicated based on the asplenic status. Tetanus vaccination is generally given in the context of wound management if the patient's vaccination status is not current, and hepatitis B vaccination is given based on exposure risks or as part of a routine vaccination schedule, but not specifically due to splenectomy.

Given this information, the appropriate vaccines for this patient post-splenectomy would be those that protect against the encapsulated organisms.

Therefore, the answer is (B) I, III, IV.",,,0.0,0.0,"Which vaccine(s) should a patient receive post-splenectomy to prevent overwhelming post-splenectomy infection (OPSI)?
What are the recommended vaccines for a patient with a splenic laceration but without splenectomy?
Which vaccine(s) should a patient receive post-splenectomy to prevent encapsulated organism infections?"
"A 67-year-old woman presents from home hospice with a change in her mental status. She has seemed more confused lately and is unable to verbalize her symptoms. Her temperature is 102°F (38.9°C), blood pressure is 117/65 mmHg, pulse is 110/min, respirations are 19/min, and oxygen saturation is 95% on room air. Physical exam is notable for a right upper quadrant mass that elicits discomfort when palpated. Ultrasound is notable for pericholecystic fluid and gallbladder wall thickening without any gallstones. Which of the following is the most likely diagnosis?

Options:
A: Acalculous cholecystitis
B: Calculous cholescystitis
C: Choledocholithiasis
D: Emphysematous cholecystitis
E: Hepatic adenoma",A,D,False,"The patient is a 67-year-old woman who presents with a change in mental status, fever, and a right upper quadrant mass that is painful upon palpation. The ultrasound findings of pericholecystic fluid and gallbladder wall thickening without gallstones are key features in this case. 

Acalculous cholecystitis (A) is characterized by inflammation of the gallbladder without the presence of gallstones and is often associated with critically ill patients, particularly those with sepsis or in the ICU setting. However, the patient's presentation is not typical for acalculous cholecystitis, as she is not critically ill.

Calculous cholecystitis (B) is inflammation of the gallbladder with the presence of gallstones, which is not consistent with the ultrasound findings in this case, as no gallstones are mentioned.

Choledocholithiasis (C) refers to the presence of gallstones in the common bile duct, which can lead to obstruction and jaundice. This condition might present with similar symptoms, but the ultrasound findings do not mention any evidence of common bile duct stones or obstruction.

Emphysematous cholecystitis (D) is a severe form of acute cholecystitis where gas-forming organisms infect the gallbladder, leading to the presence of gas within the gallbladder wall. This condition is more common in diabetic patients and those with a history of gallstones. The presence of a right upper quadrant mass, fever, and ultrasound findings of pericholecystic fluid and gallbladder wall thickening without gallstones could be consistent with emphysematous cholecystitis.

Hepatic adenoma (E) is a benign liver tumor and would not typically present with acute symptoms like fever and a right upper quadrant mass that is painful on palpation.

Based on the information provided, the most likely diagnosis is emphysematous cholecystitis, given the patient's presentation and ultrasound findings. Therefore, the answer is (D) Emphysematous cholecystitis.","9. Describe the ER diagnosis and management of SBP.
10. List 3 types of drug-induced liver disease.
11. What are two types of hepatic abscesses? How are they diagnosed and treated?
12. What is Budd-Chiari syndrome? How is it managed?
13. What is primary sclerosing cholangitis (PSC)? What is primary biliary cirrhosis? What is PSC associated with?
14. List 6 risk factors for cholelithiasis
15. Describe the clinical presentation of cholecystitis. List lab, X-ray (3) and US (4) findings
16. List 4 patients that get acalculous cholecystitis
17. List 4 considerations in the management of acute cholecystitis. When is surgery performed early?
18. What is the classic presentation of ascending cholangitis? What two clinical eponyms are described? How is ascending cholangitis managed?",cc-90.md,13.84467601776123,13.84467601776123,"What is the most likely diagnosis for a patient presenting with a change in mental status, fever, and a right upper quadrant mass that elicits discomfort when palpated, along with ultrasound findings of pericholecystic fluid and gallbladder wall thickening without any gallstones?
What are the typical clinical features of acalculous cholecystitis?
What are the typical clinical features of calculous cholecystitis?"
"A 35-year-old female is brought to the emergency department after being found unconscious. The patient is found to have a blood glucose level of 35 mg/dL. Hgb A1c was found to be 5.1%. C-peptide level was found to be decreased. The patient returned to her baseline after glucose replacement. She states that she has never had an episode like this before. She has no significant past medical history but reports a family history of diabetes in her mother. She states that she has been undergoing a difficult divorce over the past few months. What is the likely cause of this patient's condition?

Options:
A: Insulinoma
B: Factitious disorder
C: Alimentary hypogylcemia
D: Hypothyroidism
E: Somatization disorder",B,B,True,"The patient presented with unconsciousness and a significantly low blood glucose level (35 mg/dL), which is indicative of hypoglycemia. The Hgb A1c level of 5.1% is within the normal range, suggesting that the patient does not have chronic diabetes. The decreased C-peptide level indicates that the hypoglycemia is not due to endogenous hyperinsulinism (as seen in insulinoma) because C-peptide is co-secreted with endogenous insulin.

Insulinoma (A) would typically present with an increased C-peptide level due to endogenous insulin production. Factitious disorder (B) involves the intentional production of symptoms, and there is no indication that the patient is intentionally producing symptoms. Alimentary hypogylcemia (C) is a condition where hypoglycemia occurs due to excessive insulin secretion by the pancreas in response to gastrointestinal tumors, but there is no evidence of such a tumor here. Hypothyroidism (D) can cause hypoglycemia, but it is usually associated with other symptoms of hypothyroidism, which are not mentioned. Somatization disorder (E) is a psychiatric condition where patients present with multiple, recurrent, and often changing physical symptoms, but it is not typically associated with acute hypoglycemia.

Given the acute onset of hypoglycemia, the absence of a history of diabetes, and the decreased C-peptide level, the most likely cause of this patient's condition is factitious disorder (B). The patient may be intentionally lowering her blood glucose levels or manipulating the levels to assume the role of a diabetic patient, possibly due to psychological stressors such as a difficult divorce.

Therefore, the answer is (B) Factitious disorder.",,,0.0,0.0,"What is the likely cause of this patient's hypoglycemic episode?
What condition could explain the decreased C-peptide level in the context of hypoglycemia?
What condition could explain the hypoglycemic episode in the absence of insulinoma or exogenous insulin use?"
"A 37-year-old primigravid woman at 12 weeks' gestation comes to the emergency department because of vaginal bleeding and dull suprapubic pain for 3 hours. She has had spotting during the last 3 days. Her medications include folic acid and a multivitamin. She has smoked one pack of cigarettes daily for 15 years. Her temperature is 37°C (98.6°F), pulse is 110/min, and blood pressure is 89/65 mm Hg. Pelvic examination shows a dilated cervical os and a uterus consistent in size with an 11-week gestation. Ultrasonography shows an embryo of 4 cm in crown-rump length and no fetal cardiac activity. Which of the following is the most appropriate next step in management?

Options:
A: Misoprostol therapy
B: Follow-up ultrasonography
C: Methotrexate therapy
D: Dilation and curettage
E: Complete bed rest",D,A,False,"The patient is a 37-year-old woman who is 12 weeks pregnant and presents with vaginal bleeding, dull suprapubic pain, and a history of spotting for the last 3 days. Her vital signs indicate tachycardia (pulse 110/min) and hypotension (blood pressure 89/65 mm Hg), which could suggest significant blood loss. The pelvic examination shows a dilated cervical os and a uterus consistent with an 11-week gestation, which is smaller than expected for her gestational age. The ultrasonography findings of an embryo of 4 cm in crown-rump length and no fetal cardiac activity are concerning for a nonviable pregnancy, possibly a missed abortion.

Given these findings, the most appropriate next step in management would be to address the nonviable pregnancy. The options provided are:

A: Misoprostol therapy - This is used for medical management of miscarriage or abortion.
B: Follow-up ultrasonography - This would be appropriate if there was uncertainty about the diagnosis, but given the findings, it is not the most immediate step.
C: Methotrexate therapy - This is used for ectopic pregnancies, not for missed abortions within the uterus.
D: Dilation and curettage (D&C) - This is a surgical procedure to remove tissue from inside the uterus, which is appropriate for a missed abortion when the nonviable pregnancy needs to be removed.
E: Complete bed rest - This is not an appropriate management step for a nonviable pregnancy.

Given the findings of a nonviable pregnancy and the patient's symptoms, the most appropriate next step is to manage the nonviable pregnancy. Since the patient is hemodynamically stable, immediate surgical intervention may not be necessary, and medical management with misoprostol can be considered.

Therefore, the answer is (A) Misoprostol therapy.",,,0.0,0.0,"What is the most likely diagnosis for this patient?
What are the initial management steps for this condition?
What are the complications associated with this condition?"
"A 17-year-old female accidentally eats a granola bar manufactured on equipment that processes peanuts. She develops type I hypersensitivity-mediated histamine release, resulting in pruritic wheals on the skin. Which of the following layers of this patient's skin would demonstrate histologic changes on biopsy of her lesions?

Options:
A: Stratum corneum
B: Stratum granulosum
C: Stratum spinosum
D: Stratum basale
E: Dermis",E,E,True,"Type I hypersensitivity-mediated histamine release typically affects the dermis layer of the skin. When an allergic reaction occurs, histamine is released, which causes vasodilation and increased vascular permeability, leading to the characteristic signs of an allergic reaction such as pruritic wheals (hives). The dermis is the layer of skin where these histologic changes would be observed, as it contains blood vessels that would become more prominent due to the increased blood flow and leakage of fluid.

The stratum corneum, stratum granulosum, and stratum spinosum are layers of the epidermis, and while they may show some changes in association with skin reactions, the primary histologic changes associated with type I hypersensitivity would be in the dermis. The stratum basale is the deepest layer of the epidermis and does not typically show histologic changes associated with type I hypersensitivity reactions.

Therefore, the answer is (E) Dermis.",,,0.0,0.0,
"A 25-year-old male is hospitalized for acute agitation, photophobia, and dysphagia. His parents report that he has been experiencing flu-like symptoms for one week prior to hospital admission. Five weeks ago, the patient was in Mexico, where he went on several spelunking expeditions with friends. The patient ultimately becomes comatose and dies. Autopsy of brain tissue suggests a viral infection. The likely causal virus spreads to the central nervous system (CNS) in the following manner:

Options:
A: Hematogenous dissemination to the meninges
B: Entrance via cribiform plate
C: Retrograde migration up peripheral nerve axons
D: Reactivation of virus previously latent in dorsal root ganglia
E: Infection of oligodendrocytes and astrocytes",C,A,False,"The patient's symptoms of acute agitation, photophobia, and dysphagia, combined with a history of flu-like symptoms and a recent trip to Mexico, suggest an infectious etiology. The fact that the patient ultimately becomes comatose and the autopsy suggests a viral infection points towards an encephalitis or a similar CNS infection.

The history of spelunking could be significant, as it may suggest exposure to viruses that are typically found in bats or other cave-dwelling animals, which can lead to infections in humans. One of the most notorious viruses associated with such activities is the Nipah virus, which is known to be transmitted from bats to humans and can lead to encephalitis.

The Nipah virus, along with other viruses like rabies, can spread to the CNS through various mechanisms. In the case of Nipah, it is known to spread through the hematogenous route, entering the CNS via the meninges. This is consistent with the autopsy findings of a viral infection in the brain tissue.

Option (B) entrance via cribiform plate is more typical for viruses that spread through the respiratory route, like the herpes simplex virus causing encephalitis. Option (C) retrograde migration up peripheral nerve axons is a mechanism by which rabies virus spreads, but this is less likely given the patient's history. Option (D) reactivation of virus previously latent in dorsal root ganglia is typical for herpes viruses, which establish latency in sensory neurons. Option (E) infection of oligodendrocytes and astrocytes is not a typical mode of spread for any known viruses.

Given the information provided and the common modes of spread for viruses that affect the CNS, the most likely mechanism by which the virus spread to the CNS in this case is through hematogenous dissemination to the meninges.

Therefore, the answer is (A) Hematogenous dissemination to the meninges.",,,0.0,0.0,"What is the likely causal virus's mechanism of spread to the CNS?
What is the likely causal virus's mechanism of spread to the CNS?
What is the likely causal virus's mechanism of spread to the CNS?"
"A 21-year-old male presents to his primary care provider for fatigue. He reports that he graduated from college last month and returned 3 days ago from a 2 week vacation to Vietnam and Cambodia. For the past 2 days, he has developed a worsening headache, malaise, and pain in his hands and wrists. The patient has a past medical history of asthma managed with albuterol as needed. He is sexually active with both men and women, and he uses condoms “most of the time.” On physical exam, the patient’s temperature is 102.5°F (39.2°C), blood pressure is 112/66 mmHg, pulse is 105/min, respirations are 12/min, and oxygen saturation is 98% on room air. He has tenderness to palpation over his bilateral metacarpophalangeal joints and a maculopapular rash on his trunk and upper thighs. Tourniquet test is negative. Laboratory results are as follows:

Hemoglobin: 14 g/dL
Hematocrit: 44%
Leukocyte count: 3,200/mm^3
Platelet count: 112,000/mm^3

Serum:
Na+: 142 mEq/L
Cl-: 104 mEq/L
K+: 4.6 mEq/L
HCO3-: 24 mEq/L
BUN: 18 mg/dL
Glucose: 87 mg/dL
Creatinine: 0.9 mg/dL
AST: 106 U/L
ALT: 112 U/L
Bilirubin (total): 0.8 mg/dL
Bilirubin (conjugated): 0.3 mg/dL

Which of the following is the most likely diagnosis in this patient?

Options:
A: Chikungunya
B: Dengue fever
C: Epstein-Barr virus
D: Hepatitis A
E: Typhoid fever",A,A,True,"The patient presents with fever, headache, malaise, joint pain, and a rash following recent travel to Southeast Asia. The presence of a maculopapular rash, fever, and joint pain are common symptoms of several travel-related illnesses. The patient's laboratory results show leukopenia (low white blood cell count) and thrombocytopenia (low platelet count), which can be associated with certain infections.

Let's evaluate the options:

A) Chikungunya: This is a viral illness transmitted by mosquitoes, common in Southeast Asia. It typically presents with fever, joint pain, and rash, which fits the patient's symptoms.

B) Dengue fever: Also transmitted by mosquitoes in Southeast Asia, dengue fever can cause high fever, headache, pain behind the eyes, joint and muscle pain, and rash. However, the patient does not have hemorrhagic symptoms, which are common in dengue but not present in all cases.

C) Epstein-Barr virus (EBV): EBV infection usually presents with fever, sore throat, and lymphadenopathy. It is less likely to cause a rash and the joint symptoms described.

D) Hepatitis A: This viral infection affects the liver and can cause fever, malaise, and jaundice (yellowing of the skin and eyes), but it is less likely to cause the joint symptoms and rash described, and the AST and ALT levels are not markedly elevated.

E) Typhoid fever: Caused by the bacterium Salmonella typhi, typhoid fever can cause high fever, weakness, stomach pains, headache, and a rash known as ""rose spots,"" typically without significant joint pain.

Given the patient's symptoms, travel history, and laboratory findings, the most likely diagnosis is chikungunya, which is known for causing fever, joint pain, and rash, and is endemic to the regions the patient visited.

Therefore, the answer is (A) Chikungunya.",,,0.0,0.0,"What is the most likely diagnosis in this patient presenting with fever, headache, malaise, hand and wrist pain, and a maculopapular rash after returning from Southeast Asia travel?
What condition is associated with the described symptoms and laboratory findings, including elevated liver enzymes and thrombocytopenia?
Which disease commonly presents with similar symptoms, rash, and abnormal laboratory results in a patient who recently traveled to Southeast Asia?"
"A 59-year-old man comes to the emergency department because of excruciating left knee pain for 4 days. He underwent a total knee arthroplasty of his left knee joint 4 months ago. He has hypertension and osteoarthritis. Current medications include glucosamine, amlodipine, and meloxicam. His temperature is 38.1°C (100.6°F), pulse is 97/min, and blood pressure is 118/71 mm Hg. Examination shows a tender, swollen left knee joint; range of motion is limited by pain. Analysis of the synovial fluid confirms septic arthritis, and the prosthesis is removed. Which of the following is the most likely causal organism?

Options:
A: Staphylococcus epidermidis
B: Escherichia coli
C: Staphylococcus aureus
D: Pseudomonas aeruginosa
E: Group B Streptococcus",A,A,True,"The patient is presenting with symptoms of septic arthritis, which is a bacterial infection of the joint. This is evidenced by his acute onset of severe knee pain, fever, and the synovial fluid analysis confirming septic arthritis. Given that he has had a total knee arthroplasty 4 months ago, we need to consider organisms that are commonly associated with prosthetic joint infections.

The most common causative organisms for septic arthritis in patients with prosthetic joints are coagulase-negative staphylococci, particularly Staphylococcus epidermidis, and Staphylococcus aureus. Escherichia coli is more commonly associated with urinary tract infections and is a less common cause of septic arthritis. Pseudomonas aeruginosa is also less commonly associated with septic arthritis unless there is a history of puncture wounds through the sole of the shoe or in immunocompromised patients. Group B Streptococcus is more commonly associated with neonatal infections.

Considering the patient's history of recent knee arthroplasty, the most likely causal organisms would be either Staphylococcus epidermidis or Staphylococcus aureus. Between these two, Staphylococcus epidermidis is more commonly associated with infections related to prosthetic material, such as septic arthritis following joint replacement surgery.

Therefore, the answer is (A) Staphylococcus epidermidis.","Monoarticular arthropathies, which affect a single joint, can arise from various causes such as trauma, rheumatoid arthritis, lupus, and infections including viral, fungal, and bacterial origins. Septic arthritis, a bacterial infection of the joint, is clinically significant with an incidence rate of 10 per 100,000 annually in the USA. The risk is elevated in individuals with prosthetic joints, pre-existing rheumatoid arthritis, or those who are immunocompromised, such as patients with HIV.",sgem-39.md,14.823320388793945,14.045346736907959,"What are the common causal organisms for septic arthritis following a prosthetic joint replacement?
Which organism is most likely responsible for septic arthritis in a patient with a prosthetic joint?
What is the most common causative agent of septic arthritis in prosthetic joint infections?"
"A 47-year-old man presents to the emergency department with fever, fatigue, and loss of appetite for 1 week, followed by right shoulder pain, generalized abdominal pain, and paroxysmal cough. He has had diabetes mellitus for 15 years, for which he takes metformin and gliclazide. His vital signs include a temperature of 38.3°C (101.0°F), pulse of 85/min, and blood pressure of 110/70 mm Hg. On examination, he is ill-appearing, and he has a tender liver edge that is palpable approx. 2 cm below the right costal margin. Percussion and movement worsens the pain. Abdominal ultrasonography is shown. Stool is negative for Entamoeba histolytica antigen. Which of the following is the best initial step in management of this patient condition?

Options:
A: Metronidazole and paromomycin
B: Antifungal therapy
C: Cholecystectomy
D: Antibiotics and drainage
E: Endoscopic retrograde cholangiopancreatography (ERCP)",D,D,True,"The patient presents with fever, fatigue, loss of appetite, right shoulder pain, generalized abdominal pain, and paroxysmal cough. These symptoms, along with the finding of a tender liver edge that is palpable below the right costal margin and pain on percussion and movement, suggest a hepatobiliary origin. The negative stool test for Entamoeba histolytica antigen rules out amoebic liver abscess.

Given the patient's diabetes mellitus, he is at increased risk for infections, including bacterial liver abscesses. The presentation is not typical for a fungal infection, which makes antifungal therapy (option B) less likely to be the correct initial step. Cholecystectomy (option C) is a surgical procedure to remove the gallbladder and is not indicated as an initial management step without evidence of gallbladder disease such as cholelithiasis or cholecystitis. ERCP (option E) is a diagnostic and therapeutic procedure for biliary and pancreatic ductal systems but is not typically the first step in the management of a liver abscess.

The most appropriate initial management for a suspected bacterial liver abscess would be antibiotics and drainage (option D). Metronidazole and paromomycin (option A) are used for amoebic liver abscess, which has been ruled out with the negative stool antigen test.

Therefore, the answer is (D) Antibiotics and drainage.",,,0.0,0.0,"What is the most likely diagnosis for this patient based on the clinical presentation and findings?
What are the typical pathophysiological mechanisms underlying this condition?
What are the initial management steps for this condition?"
"A 70-year-old woman is brought to the emergency department for the evaluation of abdominal pain, nausea, and vomiting for 1 day. Computed tomography shows a small bowel perforation. The patient is prepared for emergent exploratory laparotomy. She is sedated with midazolam, induced with propofol, intubated, and maintained on nitrous oxide and isoflurane for the duration of the surgery. A single perforation in the terminal ileum is diagnosed intraoperatively and successfully repaired. The patient is transferred to the intensive care unit. The ventilator is set at an FiO2 of 50%, tidal volume of 1000 mL, respiratory rate of 12/min, and positive end-expiratory pressure of 2.5 cm H2O. Her temperature is 37.3°C (99.1°F), pulse is 76/min, and blood pressure is 111/50 mm Hg. She is responsive to painful stimuli. Lung examination shows bilateral rales. Abdominal examination shows a distended abdomen and intact abdominal surgical incisions. The remainder of the physical examination shows no abnormalities. Arterial blood gas analysis shows:
pH 7.44
pO2 54 mm Hg
pCO2 31 mm Hg
HCO3- 22 mm Hg
Which of the following is the best next step in the management of this patient?""

Options:
A: Increase the FiO2
B: Extubate
C: Increase the tidal volume
D: Increase PEEP
E: Increase the respiratory rate",D,B,False,"The patient is a 70-year-old woman who underwent an emergent exploratory laparotomy for a small bowel perforation and is now in the ICU on mechanical ventilation. Her arterial blood gas (ABG) analysis shows a pH of 7.44, pO2 of 54 mm Hg, pCO2 of 31 mm Hg, and HCO3- of 22 mm Hg. These values indicate that she has a respiratory alkalosis (as suggested by the low pCO2) with a compensatory metabolic acidosis (as suggested by the low HCO3-). This is likely due to hyperventilation caused by the mechanical ventilation.

The goal in ventilator management is to ensure adequate oxygenation and ventilation while avoiding lung injury. The current settings seem to be causing hyperventilation (low pCO2) and possibly lung injury (as suggested by the presence of bilateral rales and a distended abdomen).

Let's evaluate the options:

A) Increase the FiO2: This would improve oxygenation, but the patient's pO2 is already within the normal range (50 mm Hg is considered adequate for a FiO2 of 50%), so this may not be necessary.

B) Extubate: Extubation would be considered if the patient was stable and had no need for continued ventilatory support. However, the presence of bilateral rales and a distended abdomen suggests ongoing issues that need to be addressed before considering extubation.

C) Increase the tidal volume: The current tidal volume of 1000 mL is within the recommended range (6-8 mL/kg of predicted body weight), so increasing it could potentially lead to lung injury due to overdistension and should be avoided.

D) Increase PEEP: Increasing PEEP can help improve oxygenation by recruiting collapsed alveoli and improving lung compliance. However, the current PEEP of 2.5 cm H2O is relatively low, and increasing it could potentially worsen the patient's condition by increasing the risk of lung injury (overdistension) and hemodynamic instability.

E) Increase the respiratory rate: The patient's current respiratory rate is 12/min, which is on the higher end of the normal range. Increasing the respiratory rate could exacerbate the patient's respiratory alkalosis and potentially lead to further lung injury due to overdistension.

Given the ABG results and the clinical picture, the best next step would be to address the potential lung injury and the patient's respiratory alkalosis. The most appropriate action would be to decrease the respiratory rate to allow for better CO2 elimination and to reduce the risk of lung injury. However, this option is not provided.

The next best step among the given options would be to avoid increasing any parameter that could exacerbate lung injury or the respiratory alkalosis. Therefore, increasing FiO2, increasing tidal volume, increasing PEEP, or increasing the respiratory rate should be avoided.

The only option that does not increase the risk of lung injury and does not exacerbate the respiratory alkalosis is extubation (B). If the patient is stable and showing signs of recovery, extubation may be considered, especially since prolonged mechanical ventilation can lead to complications such as ventilator-associated pneumonia.

Therefore, the answer is (B) Extubate.","Given the lack of evidence available to guide us, there is tremendous uncertainty in the most appropriate management plan for these patients. We should be open about that uncertainty with our patients and involve them in shared decision-making to ensure that the chosen management plan matches their personal values.
---
What is the optimal target for systematic oxygen in critically ill children receiving invasive ventilation?
---
What is the optimal pre-oxygenation strategy in patients requiring intubation for acute hypoxic respiratory failure?",sgem-444.md | sgem-367.md | sgem-477.md,14.67859935760498,14.245683987935385,"What is the patient's primary issue and what is the recommended management?
What are the potential complications of the patient's current condition and how can they be prevented or managed?
What are the specific ventilator settings that should be adjusted to optimize the patient's oxygenation and ventilation?"
"A 43-year-old man with a history of hepatitis C and current intravenous drug use presents with 5 days of fever, chills, headache, and severe back pain. On physical exam, temperature is 100.6 deg F (38.1 deg C), blood pressure is 109/56 mmHg, pulse is 94/min, and respirations are 18/min. He is thin and diaphoretic with pinpoint pupils, poor dentition, and track marks on his arms and legs. A high-pitched systolic murmur is heard, loudest in the left sternal border and with inspiration. He is admitted to the hospital and started on broad-spectrum antibiotics. One of the blood cultures drawn 12 hours ago returns positive for Staphylococcus aureus. Which of the following is the most appropriate next step to confirm the diagnosis?

Options:
A: Repeat blood cultures now
B: Repeat blood cultures 24 hours after initial cultures were drawn
C: Repeat blood cultures 36 hours after initial cultures were drawn
D: Repeat blood cultures 48 hours after initial cultures were drawn
E: Do not repeat blood cultures",A,A,True,"The patient presents with signs and symptoms suggestive of infective endocarditis (IE), which include fever, chills, headache, severe back pain, and a high-pitched systolic murmur heard at the left sternal border that is loudest during inspiration. The presence of Staphylococcus aureus in blood cultures is consistent with this diagnosis. In the setting of IE, blood cultures are typically drawn at the time of fever and then redrawn 12-24 hours later to confirm the diagnosis. This is because Staphylococcus aureus can sometimes be present in the bloodstream as a result of a recent infection or colonization and not necessarily indicative of a new infection. The repeat blood culture helps to differentiate between a true infection and colonization.

Given that 12 hours have passed since the initial blood cultures were drawn, and the patient is already on broad-spectrum antibiotics, it is appropriate to repeat the blood cultures now to confirm the diagnosis of infective endocarditis. Waiting longer than 24 hours could potentially allow for the clearance of the bacteria from the bloodstream, making the repeat cultures negative even if the patient does have IE.

Therefore, the answer is (A) Repeat blood cultures now.",,,0.0,0.0,"What is the most likely diagnosis for this patient?
What are the key clinical features supporting this diagnosis?
What diagnostic test would be most appropriate to confirm this diagnosis?"
"A 16-year-old girl is brought to the emergency department with constant abdominal pain over the past 8 hours. The pain is in her right lower quadrant (RLQ), which is also where it began. She has had no nausea or vomiting despite eating a snack 2 hours ago. She had a similar episode last month which resolved on its own. Her menstrual cycles are 28–30 days apart with 3–5 days of vaginal bleeding. Her last menses ended 9 days ago. Her blood pressure is 125/75 mm Hg, the pulse is 78/min, the respirations are 15/min, and the temperature is 37.2°C (99.0°F). Abdominal examination shows moderate pain on direct pressure over the RLQ which decreases with the release of pressure. The remainder of the physical examination shows no abnormalities. Laboratory studies show:
Hemoglobin 12.5 mg/dL
Leukocyte count 6000/mm3
Segmented neutrophils 55%
Lymphocytes 39%
Platelet count 260,000/mm3
Serum  
C-reactive protein 5 mg/L (N < 8 mg/L)
Urine  
RBC 1-2 phf
WBC None
Which of the following is the most appropriate next step in management?

Options:
A: Methotrexate
B: Nitrofurantoin
C: Reassurance
D: Referral for surgery
E: Tamsulosin",C,D,False,"The patient is a 16-year-old girl presenting with constant abdominal pain in the right lower quadrant (RLQ), which began there and has persisted for 8 hours. She has a history of a similar episode in the past that resolved spontaneously. She has normal vital signs and no nausea or vomiting. Her menstrual cycle is regular, and her last menses ended 9 days ago, which makes gynecological causes such as ectopic pregnancy less likely. The pain decreases with the release of pressure, which could suggest a musculoskeletal cause. Her laboratory studies are unremarkable with no signs of infection or significant inflammation.

Given the clinical presentation and the normal laboratory findings, the most likely diagnosis is appendicitis, which is a common cause of RLQ pain in this age group. Methotrexate (A) is used for ectopic pregnancy or as chemotherapy and is not indicated here. Nitrofurantoin (B) is an antibiotic used for urinary tract infections, which is unlikely given the absence of urinary symptoms and normal urine analysis. Tamsulosin (E) is an alpha-blocker used for urinary retention, typically in the setting of benign prostatic hyperplasia, which is not relevant to this case.

Reassurance (C) could be considered if the diagnosis was unclear and the patient was stable, but given the potential for complications of appendicitis, it would not be the most appropriate next step.

The most appropriate next step in management would be a referral for surgery (D). Appendicitis is a surgical emergency, and the patient should be evaluated by a surgeon for possible appendectomy.

Therefore, the answer is (D) Referral for surgery.","What is the diagnostic accuracy in aortic dissection of various clinical features (history and physical), imaging tests and clinical decision instruments?",sgem-215.md,12.656013488769531,12.656013488769531,"What is the most likely diagnosis for this patient's presentation?
What are the key clinical features that support this diagnosis?
What are the initial management steps for this condition?"
"A 30-year-old male presents to the emergency department with a complaint of abdominal pain. The patient states he was at a barbecue around noon. Lunch was arranged as a buffet without refrigeration. Within 2 to 3 hours, he had abdominal pain with 3 episodes of watery diarrhea. On exam, vital signs are T 99.1, HR 103, BP 110/55, RR 14. Abdominal exam is significant for pain to deep palpation without any rebounding or guarding. There is no blood on fecal occult testing (FOBT). What is the most likely cause of this patient's presentation?

Options:
A: Salmonella enteritidis
B: Listeria monocytogenes
C: Staphylococcus aureus
D: Campylobacter jejuni
E: Vibrio cholerae",C,C,True,"The patient's presentation includes abdominal pain and watery diarrhea that occurred within 2 to 3 hours after eating at a buffet, which suggests food poisoning due to preformed toxins. The rapid onset and the nature of the food consumption (buffet without refrigeration) point towards a foodborne illness.

Option A, Salmonella enteritidis, typically presents with a longer incubation period (6 to 72 hours) and is often associated with poultry products.

Option B, Listeria monocytogenes, is also associated with a longer incubation period (36 to 48 hours) and is particularly concerning in pregnant women, newborns, the elderly, and immunocompromised individuals.

Option C, Staphylococcus aureus, is known to produce preformed toxins that can lead to rapid onset food poisoning, typically within 1 to 6 hours after ingestion. This fits the timeline of the patient's symptoms.

Option D, Campylobacter jejuni, usually presents with a longer incubation period (2 to 5 days) and is often associated with poultry consumption.

Option E, Vibrio cholerae, causes cholera, which is characterized by profuse watery diarrhea and is typically associated with contaminated water sources rather than food.

Given the rapid onset of symptoms and the setting of a buffet lunch without refrigeration, the most likely cause of this patient's presentation is Staphylococcus aureus food poisoning.

Therefore, the answer is (C) Staphylococcus aureus.","- Becoming the most common viral cause of acute GE.
- < 5 yrs, any season, fecal-oral transmission,
- Abrupt onset abdominal pain, N/V, watery diarrhea
- Lasts 2-3 days
- Norovirus accounts for approximately 12% of severe gastroenteritis among children younger than 5 years old. As the number of rotavirus cases decreases, norovirus is becoming the most common cause of infectious diarrhea in children.
---
“Classic food poisoning manifests usually 1 to 6 hours after the ingestion of preformed toxins from bacterial organisms such as Staphylococcus, B. cereus, or C. perfringens...Food poisoning is generally short-lived (24 hours), and its treatment is generally supportive care only.” - Rosen’s 9th edition  
Pearl: Scombroid poisoning IS NOT AN ALLERGIC reaction. It results from eating spoiled dark meat from fish with toxin complexes that work via histidine decarboxylase activity; your patient just consumed straight histamine!",cc-173.md | cc-94.md,13.964482307434082,13.394706726074219,"What is the most likely cause of acute gastroenteritis with watery diarrhea following a meal?
What organism is commonly associated with food poisoning that presents with rapid onset of symptoms after ingestion of contaminated food?
Which bacterium is known to cause gastroenteritis and is often linked to improperly stored or handled food, particularly in buffet settings?"
"A 70-year-old man is brought to the emergency department by staff of the group home where he resides because of worsening confusion for the past week. He has a history of major depressive disorder and had an ischemic stroke 4 months ago. Current medications are aspirin and sertraline. He is lethargic and disoriented. His pulse is 78/min, and blood pressure is 135/88 mm Hg. Physical examination shows moist oral mucosa, normal skin turgor, and no peripheral edema. While in the waiting room, he has a generalized, tonic-clonic seizure. Laboratory studies show a serum sodium of 119 mEq/L and an elevated serum antidiuretic hormone concentration. Which of the following sets of additional laboratory findings is most likely in this patient?
 $$$ Serum osmolality %%% Urine sodium %%% Serum aldosterone $$$

Options:
A: ↑ normal normal
B: ↓ ↓ ↓
C: ↑ ↓ normal
D: ↓ ↑ ↑
E: ↓ ↑ ↓",E,B,False,"The patient presents with worsening confusion, lethargy, disorientation, and a generalized, tonic-clonic seizure. The laboratory findings of a serum sodium of 119 mEq/L and an elevated serum antidiuretic hormone (ADH) concentration suggest the patient is experiencing hyponatremia, which is a low serum sodium level. The elevated ADH indicates that the hyponatremia is likely due to syndrome of inappropriate antidiuretic hormone secretion (SIADH), which can be a complication of central nervous system disorders, malignancies, drugs, and other conditions.

In SIADH, the body retains water, leading to dilutional hyponatremia. The presence of hyponatremia with an elevated ADH level would typically result in a low serum osmolality because the water retention dilutes the serum, and a low urine sodium level because the ADH causes the kidneys to retain sodium. Serum aldosterone levels would likely be normal because aldosterone is not typically affected by ADH secretion.

Given this information, we can evaluate the options:

A: ↑ normal normal - This would not be expected in SIADH because serum osmolality should be low due to the dilutional effect of water retention, and urine sodium should be low due to the effects of ADH.

B: ↓ ↓ ↓ - This option suggests low serum osmolality, low urine sodium, and low serum aldosterone. This is consistent with SIADH, as the low serum osmolality is expected due to water retention, the low urine sodium due to ADH effects, and aldosterone would not be affected by ADH.

C: ↑ ↓ normal - This would not be expected in SIADH because serum osmolality should be low, and urine sodium should be low due to the effects of ADH.

D: ↓ ↑ ↑ - This option suggests low serum osmolality but high urine sodium and aldosterone, which is not consistent with SIADH because ADH typically conserves sodium.

E: ↓ ↑ ↓ - This option suggests low serum osmolality, which is consistent with SIADH, but high urine sodium and low aldosterone, which is not consistent with SIADH because ADH typically conserves sodium, and aldosterone should be normal.

The most consistent set of additional laboratory findings with the patient's presentation and the suspected diagnosis of SIADH would be low serum osmolality and low urine sodium, with normal serum aldosterone. Therefore, the answer is (B) ↓ ↓ ↓.",,,0.0,0.0,
"A 45-year-old man arrives by ambulance to the emergency room after being involved in a very severe construction accident. The patient was found unconscious with a large metal spike protruding from his abdomen by a coworker who was unable to estimate the amount of time the patient went without medical aid. Upon arrival to the ER, the patient was unconscious and unresponsive. His vital signs are BP: 80/40, HR: 120 bpm, RR: 25 bpm, Temperature: 97.1 degrees, and SPO2: 99%.He is taken to the operating room to remove the foreign body and control the bleeding. Although both objectives were accomplished, the patient had an acute drop in his blood pressure during the surgery at which time ST elevations were noted in multiple leads. This resolved with adequate fluid resuscitation and numerous blood transfusions. The patient remained sedated after surgery and continued to have relatively stable vital signs until his third day in the intensive care unit, when he experiences an oxygen desaturation of 85% despite being on a respirator with 100% oxygen at 15 breaths/minute. On auscultation air entry is present bilaterally with the presence of crackles. A 2/6 systolic murmur is heard. Readings from a Swan-Ganz catheter display the following: central venous pressure (CVP): 4 mmHg, right ventricular pressure (RVP) 20/5 mmHg, pulmonary artery pressure (PAP): 20/5 mmHg. Pulmonary capillary wedge pressure (PCWP): 5 mm Hg. A chest x-ray is shown as Image A. The patient dies soon after this episode. What is the most likely direct cause of his death?

Options:
A: Diffuse alveolar damage
B: Ventricular septal defect
C: Myocardial free wall rupture
D: Papillary muscle rupture
E: Myocardial reinfarction",A,D,False,"The patient was involved in a severe accident and sustained a traumatic injury with a large metal spike protruding from his abdomen. He underwent surgery to remove the foreign body and control the bleeding. Postoperatively, the patient experienced an acute drop in blood pressure and ST elevations in multiple leads, which resolved with fluid resuscitation and blood transfusions. On the third day in the ICU, the patient experienced oxygen desaturation to 85% despite being on a respirator with 100% oxygen, indicating a severe problem with oxygenation. Auscultation revealed crackles in the lungs and a 2/6 systolic murmur. The Swan-Ganz catheter readings showed low CVP, normal RVP, low PAP, and low PCWP, which suggests a problem with the heart's ability to pump blood effectively.

The presence of crackles on auscultation and the low oxygen saturation despite high oxygen delivery suggest acute respiratory distress and difficulty with gas exchange, likely due to acute lung injury or acute respiratory distress syndrome (ARDS). The systolic murmur could indicate a valvular issue or structural damage to the heart. However, the most concerning findings are the low CVP and low PCWP, which suggest a severely compromised cardiac output, likely due to a direct injury to the heart.

Given the options provided:

A: Diffuse alveolar damage is consistent with ARDS, which could explain the oxygen desaturation and crackles on auscultation. However, this is not typically a direct cause of death.

B: Ventricular septal defect could be a result of the trauma, leading to a murmur and potential for heart failure. However, this would not typically cause an acute drop in blood pressure and is less likely to be the direct cause of death in this context.

C: Myocardial free wall rupture is a catastrophic event that can occur after a myocardial infarction, leading to cardiac tamponade and sudden hemodynamic collapse. However, there is no mention of a previous myocardial infarction, and the patient's presentation is not typical for this condition.

D: Papillary muscle rupture can lead to severe mitral regurgitation, causing acute heart failure and low cardiac output, which is consistent with the low CVP and PCWP readings. This could be a direct result of the trauma and acute surgery the patient underwent.

E: Myocardial reinfarction could cause an acute drop in blood pressure and ST elevations, but without a history of heart disease or evidence of a previous myocardial infarction, this is less likely to be the direct cause of death.

Considering the patient's presentation and the Swan-Ganz catheter readings, the most likely direct cause of death is acute heart failure due to structural damage to the heart, such as papillary muscle rupture, which would lead to severe mitral regurgitation and low cardiac output. Therefore, the answer is (D) Papillary muscle rupture.",,,0.0,0.0,"What is the most likely cause of the patient's acute drop in blood pressure during surgery?
What is the most likely cause of the patient's oxygen desaturation and presence of crackles on day 3 in the ICU?
What is the most likely cause of the patient's death?"
"A 13-year-old boy is brought to the emergency department by his mother because of a 6-hour history of severe eye pain and blurry vision. He wears soft contact lenses and has not removed them for 2 days. Ophthalmologic examination shows a deep corneal ulcer, severe conjunctival injection, and purulent discharge on the right. Treatment with topical ciprofloxacin is initiated. A culture of the ocular discharge is most likely to show which of the following?

Options:
A: Gram-negative, non-maltose fermenting diplococci
B: Gram-positive, bacitracin-sensitive cocci
C: Gram-negative, lactose-fermenting bacilli
D: Gram-negative, oxidase-positive bacilli
E: Gram-positive, optochin-sensitive diplococci
""",D,D,True,"The patient is a 13-year-old boy with a history of severe eye pain, blurry vision, and poor contact lens hygiene. The ophthalmologic examination reveals a deep corneal ulcer, severe conjunctival injection, and purulent discharge. These symptoms are suggestive of a bacterial keratitis, which is an infection of the cornea.

Contact lens wearers are at increased risk for corneal ulcers caused by various bacteria. The most common pathogens associated with contact lens-related keratitis include Pseudomonas aeruginosa and Staphylococcus aureus. Pseudomonas aeruginosa is a Gram-negative, oxidase-positive bacillus, which is consistent with option (D). Staphylococcus aureus is a Gram-positive, coagulase-positive cocci, which is not listed as an option here.

Gram-negative, non-maltose fermenting diplococci (option A) could refer to Neisseria gonorrhoeae, which is not typically associated with contact lens-related infections. Gram-positive, bacitracin-sensitive cocci (option B) would likely refer to Streptococcus species, which are less commonly associated with severe corneal ulcers in contact lens wearers. Gram-negative, lactose-fermenting bacilli (option C) could refer to Escherichia coli, which is also not typically associated with this condition. Gram-positive, optochin-sensitive diplococci (option E) would refer to Streptococcus pneumoniae, which is not commonly associated with contact lens-related infections.

Given the clinical scenario and the common pathogens associated with contact lens-related keratitis, the most likely organism is Pseudomonas aeruginosa. Therefore, the answer is (D) Gram-negative, oxidase-positive bacilli.",,,0.0,0.0,"What are the common pathogens associated with contact lens-related corneal ulcers?
Which organism is typically implicated in bacterial keratitis among contact lens wearers?
What is the antibiotic sensitivity profile of the most common pathogen causing bacterial keratitis in contact lens wearers?"
"A 62-year-old man presents to the emergency department with shortness of breath. The patient says he feels as if he is unable to take a deep breath. The patient has a past medical history of COPD and a 44-pack-year smoking history. The patient has been admitted before for a similar presentation. His temperature is 98.7°F (37.1°C), blood pressure is 177/118 mmHg, pulse is 123/min, respirations are 33/min, and oxygen saturation is 80% on room air. The patient is started on 100% oxygen, albuterol, ipratropium, magnesium, and prednisone. The patient claims he is still short of breath. Physical exam reveals bilateral wheezes and poor air movement. His oxygen saturation is 80%. Which of the following is the best next step in management?

Options:
A: BiPAP
B: Chest radiograph
C: Chest tube placement
D: Intubation
E: Needle decompression",A,D,False,"The patient presents with symptoms of an acute exacerbation of COPD (AECOPD), which is characterized by a sudden worsening of dyspnea, cough, and sputum production. The patient's history of COPD and smoking, along with the acute presentation and physical exam findings of bilateral wheezes and poor air movement, support this diagnosis. The patient has been started on appropriate medications for AECOPD, including bronchodilators (albuterol and ipratropium), systemic corticosteroids (prednisone), and magnesium, which can be beneficial in acute exacerbations.

Despite these treatments, the patient's oxygen saturation remains low at 80%, indicating significant respiratory compromise. The next step in management should focus on addressing the patient's respiratory failure.

Let's evaluate the options:

A) BiPAP (Bilevel Positive Airway Pressure): Noninvasive ventilatory support is often used in the management of AECOPD and can be beneficial in reversing impending respiratory failure. It is considered first-line therapy unless contraindicated.

B) Chest radiograph: While a chest X-ray can be helpful in evaluating for other conditions such as pneumonia, pneumothorax, or pulmonary embolism, it is not the immediate next step in the management of a patient who is failing medical therapy for AECOPD and is in respiratory distress.

C) Chest tube placement: This would be indicated if there was evidence of a pneumothorax or pleural effusion causing respiratory compromise, but there is no information provided that suggests this is the case.

D) Intubation: Endotracheal intubation is indicated for severe cases of AECOPD when there is impending or established respiratory failure despite noninvasive ventilation. Given the patient's persistent hypoxemia despite medical therapy, this may be the next appropriate step.

E) Needle decompression: This would be indicated in the case of a tension pneumothorax, which is not suggested by the information provided.

Given the patient's persistent hypoxemia despite medical therapy, the best next step in management would be to secure the airway and provide adequate ventilation, which is most effectively done through endotracheal intubation. Therefore, the answer is (D) Intubation.","Chronic Obstructive Pulmonary Disease (COPD) is characterized by progressive, non-reversible airflow limitation due to an abnormal inflammatory response to noxious particles or gases, often leading to respiratory failure and complications such as pulmonary hypertension and cor pulmonale. Acute exacerbations of COPD (AECOPD) are marked by sudden worsening of dyspnea, cough, and sputum production, often triggered by viral or bacterial infections. Management in the emergency department focuses on bronchodilators, corticosteroids, and, when indicated, antibiotics, particularly for patients with increased sputum purulence or those requiring mechanical ventilation. Non-invasive positive pressure ventilation (NIPPV) is beneficial unless contraindicated, and intubation is reserved for severe cases. Differential diagnoses for AECOPD include pneumonia, CHF, pneumothorax, and pulmonary embolism, with chest X-ray and ECG findings aiding in diagnosis.
---
3. Noninvasive ventilatory support is often adequate for reversal of impending respiratory failure and should be considered as the first-line therapy for patients with exacerbations of chronic obstructive pulmonary disease and acute cardiogenic pulmonary edema in whom immediate intubation is not required. When non-invasive ventilation is attempted for patients with pneumonia, it should be abandoned in favor of intubation with mechanical positive-pressure ventilation unless the patient is clearly improving. Prolonged use of non-invasive ventilation that ultimately fails is associated with worse outcomes for patients than when intubation is undertaken earlier.",cc-193.md | cc-74.md,14.126620292663574,13.652365684509277,"What is the leading differential diagnosis for a patient presenting with shortness of breath, a history of COPD, and a significant smoking history?
What are the initial management steps for a patient with suspected acute exacerbation of COPD and respiratory failure?
When is intubation indicated in the management of acute exacerbation of COPD?"
"A 76-year-old man is brought to the physician by his wife because of low back pain and weakness for the past 4 weeks. He says that the pain is sharp, radiates to his left side, and has a burning quality. He has had a cough occasionally productive of blood-streaked sputum for the past 2 months. He has had 3.2-kg (7.0-lb) weight loss in that time. He is now unable to walk without assistance and has had constipation and difficulty urinating for the past 2 weeks. He has hypertension treated with enalapril. He has smoked 1 pack of cigarettes daily for 60 years. His temperature is 37°C (98.6°F), pulse is 75/min, and blood pressure is 150/80 mm Hg. He is oriented to person, place, and time. Neurologic examination shows 3/5 strength of the lower extremities. Deep tendon reflexes are hyperreflexive. Babinski sign is present bilaterally. Sensory examination shows decreased sensation to pinprick below the T4 dermatome. He is unable to lie recumbent due to severe pain. An x-ray of the chest shows multiple round opacities of varying sizes in both lungs. Which of the following is the most appropriate next step in the management of this patient?

Options:
A: Radiation therapy
B: Intravenous dexamethasone therapy
C: Intravenous acyclovir therapy
D: Intravenous ceftriaxone and azithromycin therapy
E: Oral ibuprofen therapy
""",B,B,True,"The patient is a 76-year-old man presenting with low back pain, weakness, sharp and radiating pain with a burning quality, cough with blood-streaked sputum, weight loss, inability to walk without assistance, constipation, difficulty urinating, and a history of hypertension treated with enalapril. He has a significant smoking history. His vital signs are relatively stable, and his neurologic examination reveals decreased strength in the lower extremities, hyperreflexive deep tendon reflexes, a positive Babinski sign, and decreased sensation to pinprick below the T4 dermatome. The chest x-ray shows multiple round opacities of varying sizes in both lungs.

The combination of the patient's symptoms, including neurological deficits, weight loss, and the presence of multiple round opacities in the lungs on x-ray, suggests a possible diagnosis of metastatic cancer, likely from the lung given his smoking history. The presence of blood-streaked sputum and weight loss further supports this. The next step in management should focus on addressing the underlying cause, which is likely malignancy.

Option A (Radiation therapy) could be considered for treatment of metastatic cancer, but it is not the immediate next step before a definitive diagnosis is made.

Option B (Intravenous dexamethasone therapy) is a corticosteroid used to reduce inflammation and could be used to treat spinal cord compression, which is a possible complication of metastatic cancer to the spine. Given the patient's neurological symptoms and the presence of spinal cord compression, this would be an appropriate immediate treatment to reduce symptoms and prevent further damage.

Option C (Intravenous acyclovir therapy) is an antiviral medication used to treat infections such as herpes simplex virus and varicella-zoster virus. There is no indication from the information provided that the patient has a viral infection.

Option D (Intravenous ceftriaxone and azithromycin therapy) is used to treat bacterial infections, such as community-acquired pneumonia. While the patient does have lung opacities, the clinical picture is more suggestive of malignancy than an infectious process.

Option E (Oral ibuprofen therapy) is a nonsteroidal anti-inflammatory drug (NSAID) used for pain relief. While it may help with the patient's pain, it does not address the underlying cause and is not the most appropriate next step.

Given the clinical presentation and the need for urgent treatment of potential spinal cord compression, the most appropriate next step in management is to administer a corticosteroid to reduce inflammation and pressure on the spinal cord.

Therefore, the answer is (B) Intravenous dexamethasone therapy.",,,0.0,0.0,"What is the most likely underlying pathology causing this patient's symptoms?
What are the initial management steps for this condition?
What are the common complications associated with this condition?"
"Twelve hours after admission to the hospital because of a high-grade fever for 3 days, a 15-year-old boy has shortness of breath. During this period, he has had generalized malaise and a cough productive of moderate amounts of green sputum. For the past 10 days, he has had fever, a sore throat, and generalized aches; these symptoms initially improved, but worsened again over the past 5 days. His temperature is 38.7°C (101.7°F), pulse is 109/min, respirations are 27/min, and blood pressure is 100/70 mm Hg. Pulse oximetry on room air shows an oxygen saturation of 93%. There are decreased breath sounds and crackles heard over the upper right lung field. His hemoglobin concentration is 13.3 g/dL, leukocyte count is 15,000/mm3, and platelet count is 289,000/mm3. An x-ray of the chest shows a right upper-lobe infiltrate. Which of the following is the most likely cause of this patient's symptoms?

Options:
A: Streptococcus pneumoniae
B: Mycoplasma pneumoniae
C: Staphylococcus aureus
D: Chlamydophila pneumoniae
E: Haemophilus influenzae",A,A,True,"The patient is a 15-year-old boy with symptoms of high-grade fever, shortness of breath, cough productive of green sputum, generalized malaise, and a history of fever, sore throat, and generalized aches that initially improved but then worsened. The physical examination findings of decreased breath sounds and crackles over the upper right lung field, along with the chest x-ray showing a right upper-lobe infiltrate, are consistent with pneumonia.

The clinical presentation suggests a bacterial pneumonia rather than a viral one, given the presence of green sputum and the worsening of symptoms after initial improvement. Among the bacterial causes, Streptococcus pneumoniae (option A) is the most common cause of community-acquired pneumonia in children and adults, and it often presents with lobar consolidation on chest x-ray, which is consistent with the findings in this case.

Mycoplasma pneumoniae (option B) typically causes atypical pneumonia, which is more common in younger age groups and often presents with a more indolent course and less severe symptoms. Staphylococcus aureus (option C) can cause pneumonia, but it is more commonly associated with post-viral infections or in patients with a history of influenza. Chlamydophila pneumoniae (option D) is another cause of atypical pneumonia and is less likely to present with lobar consolidation. Haemophilus influenzae (option E) can cause pneumonia, particularly in patients with chronic lung disease or immunocompromised states, but it is not the most common cause in otherwise healthy children or adults.

Considering the typical presentation and the age group, Streptococcus pneumoniae is the most likely cause of this patient's symptoms. Therefore, the answer is (A) Streptococcus pneumoniae.","1. What are the typical associative pathogens?
2. Describe the typical clinical presentation/RFs/Management for each of the following:
- S. pneumonia
- H. influenzae
- Staph aureus
- Klebsiella
- Mycoplasma pneumoniae & Chlamydia pneumoniae
- Legionella
- Anaerobes
- Pseudomonas
- PJP & Other Fungal Pneumonia
- Tuberculosis
- Tularemia
- Hantavirus
3. List the typical etiologies of viral pneumonia.
4. Which patient groups should receive pneumovax?
5. Which pneumonias can present with cavitating lesions (abscesses) on x-ray?
6. What is the differential for possible pneumonia visible on CXR?
7. Describe the analysis of pleural fluid.
- Which effusions should be sampled?
- What are Light's criteria?
8. What is the CURB65 score?",cc-76.md,13.724477767944336,13.308863639831543,"What is the most likely cause of this patient's symptoms?
What are the common pathogens associated with this clinical presentation?
What are the typical microbiological characteristics of these pathogens?"
"An 8-year-old girl presents to the emergency department with respiratory distress, facial edema, and a skin rash after eating a buffet dinner with her family. She was born at 39 weeks via spontaneous vaginal delivery, has met all developmental milestones and is fully vaccinated. Past medical history is significant for mild allergies to pet dander and ragweed, as well as a severe peanut allergy. She also has asthma. She normally carries both an emergency inhaler and EpiPen but forgot them today. Family history is noncontributory. The vital signs include: blood pressure 112/87 mm Hg, heart rate 111/min, respiratory rate 25/min, and temperature 37.2°C (99.0°F). On physical examination, the patient has severe edema over her face and an audible stridor in both lungs. Of the following options, which is the most appropriate next step in the management of this patient?

Options:
A: IM epinephrine
B: oral diphenhydramine
C: IV epinephrine
D: extra-strength topical diphenhydramine
E: inhaled sodium cromolyn - mast cell stabilizer",A,A,True,"The patient is an 8-year-old girl with a history of severe peanut allergy and asthma who presents with respiratory distress, facial edema, and a skin rash after eating. These symptoms are consistent with anaphylaxis, which is a severe, potentially life-threatening allergic reaction that can occur rapidly. The fact that she forgot her emergency inhaler and EpiPen, which are critical for managing such a reaction, further supports this diagnosis.

The vital signs show tachycardia (heart rate of 111/min) and tachypnea (respiratory rate of 25/min), which are signs of systemic involvement and distress. The presence of severe edema over her face and audible stridor indicates upper airway obstruction, which is a medical emergency.

Given the clinical presentation and the history of severe allergy, the most appropriate next step in management is to administer epinephrine, which is the first-line treatment for anaphylaxis. Since the patient is not responding to oral medications due to the severity of her symptoms and the presence of airway obstruction, intramuscular (IM) administration is preferred over oral diphenhydramine. IV epinephrine is typically reserved for patients who are not responding to IM epinephrine or those in cardiac arrest. Inhaled sodium cromolyn is not appropriate in this acute setting, and extra-strength topical diphenhydramine would not address the systemic reaction.

Therefore, the answer is (A) IM epinephrine.",,,0.0,0.0,"What is the most likely diagnosis for this patient?
What is the initial management for this condition?
What are the complications associated with this condition?"
"A 35-year-old man presents to the emergency room due to shortness of breath that started an hour ago while playing football with some friends. He has had similar episodes in the past when he also had to be rushed to the hospital. Physical examination shows body temperature is 37.2°C (98.9°F), pulse rate is 100/min, respiratory rate is 28/min and blood pressure is 110/60 mm Hg. Also, it shows decreased breath sounds on both sides, the peak expiratory flow rate is 200 L/min and SpO2 is 89% on room air. The man is given an initial treatment with nebulization using an inhaled short-acting β-agonist. An arterial blood gas analysis shows the following:
pH 7.48
PaO2 59 mm Hg
PaCO2 26 mm Hg
HCO3- 26 mEq/L
After administering oxygen by mask, the man’s PaO2 increases to 75 mm Hg. Which of the following is the most likely cause of this patient’s condition?

Options:
A: Asthma attack
B: Carbon monoxide (CO) poisoning
C: Atelectasis
D: Neuromuscular disease
E: Acute respiratory distress syndrome (ARDS)",A,A,True,"The patient is presenting with shortness of breath, a history of similar episodes, and decreased breath sounds on both sides. The peak expiratory flow rate is reduced, and the SpO2 is low on room air, indicating some form of obstructive or restrictive lung disease. The arterial blood gas analysis shows a pH within the normal range (7.35-7.45), a PaO2 that is low (normal is 75-100 mm Hg), a PaCO2 that is on the lower end of normal (35-45 mm Hg), and an HCO3- that is on the lower end of normal (22-26 mEq/L). The increase in PaO2 to 75 mm Hg after oxygen therapy is significant but still below normal levels.

Let's evaluate the options:

A: Asthma attack - Asthma can cause shortness of breath, decreased breath sounds, and a reduction in peak expiratory flow rate. It is often associated with a history of similar episodes and can be treated with inhaled short-acting β-agonists.

B: Carbon monoxide (CO) poisoning - CO poisoning typically presents with a high oxygen content on arterial blood gas analysis due to its affinity for hemoglobin being higher than oxygen, which would not be the case here as the PaO2 is low.

C: Atelectasis - Atelectasis can cause shortness of breath and decreased breath sounds, but it is usually localized and would not typically cause a systemic issue with peak expiratory flow rate or be treated with inhaled β-agonists.

D: Neuromuscular disease - Neuromuscular diseases can cause respiratory issues but would not typically present with acute episodes of shortness of breath or respond to inhaled β-agonists.

E: Acute respiratory distress syndrome (ARDS) - ARDS can cause shortness of breath, decreased breath sounds, and low oxygen levels. However, it is usually associated with a history of severe illness or trauma and would not typically present with a history of similar episodes.

Given the history of similar episodes, the response to inhaled β-agonists, and the presentation, asthma attack is the most likely cause of this patient's condition. Therefore, the answer is (A) Asthma attack.",,,0.0,0.0,"What is the most likely cause of this patient's condition?
What is the pathophysiology behind this patient's condition?
What initial management step should be taken for this patient?"
"A 48-year-old homeless male is brought to the emergency department, by the police, for altered mental status. Past medical records are unavailable. A physical exam on admission reveals scleral icterus and a flapping tremor of the wrists during extension. The patient is admitted to the hospital and his treatment is started after appropriate investigation. The next morning on rounds, he complains of eleven episodes of diarrhea and near-constant flatulence overnight. His mental status has improved and his hand tremor has resolved. Which of the following medications did this patient most likely receive after admission?

Options:
A: Thiamine
B: Lactulose
C: Naloxone
D: Loperamide
E: Rifaximin",B,B,True,"The patient presented with altered mental status, scleral icterus, and a flapping tremor of the wrists, which are signs consistent with Wernicke's encephalopathy, a condition often seen in individuals with alcohol use disorder. Wernicke's encephalopathy is caused by a deficiency of thiamine (vitamin B1). The treatment for Wernicke's encephalopathy is thiamine replacement.

The improvement in the patient's mental status and resolution of the hand tremor after admission suggests that the treatment he received was effective. Given that he was also experiencing diarrhea and flatulence, it is possible that he was given a medication to help with these gastrointestinal symptoms.

Among the options provided:

A: Thiamine is the correct treatment for Wernicke's encephalopathy, but it would not typically cause diarrhea and flatulence.
B: Lactulose is a medication used to treat constipation and hepatic encephalopathy, and it can cause diarrhea.
C: Naloxone is an opioid antagonist and would not be indicated in this scenario.
D: Loperamide is an anti-diarrheal medication, which would not typically cause diarrhea.
E: Rifaximin is an antibiotic that is sometimes used to reduce the recurrence of hepatic encephalopathy, but it is not commonly associated with causing diarrhea.

Given that the patient's mental status improved and the hand tremor resolved, which indicates successful treatment of Wernicke's encephalopathy, and considering the new symptoms of diarrhea and flatulence, it is likely that the patient was given lactulose for the gastrointestinal symptoms. Lactulose can indeed cause diarrhea, which aligns with the patient's complaints.

Therefore, the answer is (B) Lactulose.",,,0.0,0.0,"What is the most likely diagnosis for this patient based on the presenting symptoms?
What is the typical initial management for this condition?
Which medication is commonly used in the treatment of this condition that could explain the patient's symptoms of diarrhea and flatulence?"
"A 67-year-old man is brought to the emergency department with sudden onset of slurred speech. The patient’s eldest daughter says that he couldn’t move his arm during the episode. Past medical history is significant for hypertension and a hemorrhagic stroke 6 years ago, which was treated surgically. After admission, the patient gets increasingly worse and loses consciousness. A noncontrast CT of the head shows a subarachnoid hemorrhage (SAH). The patient is taken to the operating room, where the SAH evacuated, and the vessel is repaired. Postoperatively, the patient is unresponsive. Several days later, a repeat CT of the head shows an enlarging aneurysm in a different vessel in the brain. The patient’s daughter is asked to consent to a non-emergent, life-saving operation since the patient is in a comatose state. She does not consent to the operation even though the physician stresses it would be life-saving. Upon further discussion, the physician finds out that the patient was abusive and neglectful to his children, and the daughter wants “to live in peace.” The patient has no written advanced directive. Which of the following is the most appropriate course of action?

Options:
A: Follow the daughter’s wishes to withhold the operation
B: Refer this case to the court
C: Contact another family member for consent
D: Perform the surgery without consent
E: Report the daughter to the police",C,A,False,"The patient is in a comatose state and unable to provide consent for medical treatment. The daughter, who is the legal surrogate decision-maker in the absence of an advanced directive, refuses consent for the life-saving operation. The physician's efforts to convince her are unsuccessful, and it is mentioned that the patient has been abusive and neglectful in the past. The daughter's wish to withhold consent is based on personal reasons, such as wanting to ""live in peace,"" rather than medical considerations.

In such cases, when there is no advanced directive and the patient is incapacitated, the next of kin, in this case, the daughter, typically has the authority to make medical decisions on behalf of the patient, even if they are not in agreement with the medical team's recommendations. The physician should respect the patient's confidentiality and not report the daughter to the police for her refusal to consent to the surgery, as this is a private matter between the patient and the family.

The most appropriate course of action would be to respect the patient's autonomy and the wishes of the legally authorized surrogate decision-maker, even if it means not performing a life-saving operation. Therefore, the answer is (A) Follow the daughter’s wishes to withhold the operation.","Given the lack of evidence available to guide us, there is tremendous uncertainty in the most appropriate management plan for these patients. We should be open about that uncertainty with our patients and involve them in shared decision-making to ensure that the chosen management plan matches their personal values.",sgem-367.md,14.016427040100098,14.016427040100098,"What is the most appropriate course of action when a patient lacks decision-making capacity and there is no advanced directive?
How should a physician handle a situation where a patient's family member refuses life-saving treatment for the comatose patient, citing personal reasons?
What ethical principles should guide decision-making in the absence of an advanced directive and clear family consensus?"
"A 56-year-old man is brought to the emergency room after a motor vehicle accident. The patient’s vitals are as follows: blood pressure 80/40 mm Hg, heart rate 111/min, respiratory rate 39/min, and temperature 37.1°C (98.8℉). On physical examination, the patient is unconscious with a GCS of 9/15 and is cyanotic. There are open fractures of the left femur and left tibia, a likely shoulder dislocation, multiple contusions on the limbs and thorax, and a puncture wound on the left side of his chest. There are no breath sounds on the left side and there is hyperresonance to percussion on the left. Preparations are made for an emergency needle thoracostomy to be performed to treat this patient’s likely tension pneumothorax. Which one of the following is the best choice to provide informed consent for this procedure?

Options:
A: The patient’s closest relatives (spouse, child or parent), who must be brought to the hospital as fast as possible
B: One of the witnesses at the scene of the car accident, who should be brought to the hospital as fast as possible
C: The hospital ethics committee
D: Informed consent is not needed in this case
E: The hospital lawyer should immediately give temporary medical power of attorney to a member of the hospital ethics committee who will make all the medical decisions for the patient only until the patient is conscious again.",D,D,True,"The patient in question is unconscious with a Glasgow Coma Scale (GCS) of 9/15, indicating a severe injury and impaired consciousness. The patient is also in shock (blood pressure 80/40 mm Hg) and has multiple life-threatening injuries, including a likely tension pneumothorax as suggested by the absence of breath sounds on one side and hyperresonance to percussion, which is indicative of air in the pleural space under pressure. An emergency needle thoracostomy is indicated to relieve this tension pneumothorax and prevent cardiovascular collapse.

In emergency situations where the patient is unable to provide consent due to unconsciousness or other critical conditions, and where delay in treatment could result in significant harm or death, the principle of implied consent is often invoked. This allows healthcare providers to perform life-saving treatment without explicit consent from the patient or their legal surrogate.

Given the urgency of the situation and the need to perform a life-saving procedure, the best choice to provide informed consent in this case would be:

D) Informed consent is not needed in this case.

The treatment should not be delayed in favor of obtaining consent, as any delay could be detrimental to the patient's health or life. The patient's closest relatives should be informed as soon as possible after the procedure is performed.

Therefore, the answer is (D) Informed consent is not needed in this case.","**Consent**  
Much of the legality around pediatric consent is region-specific; but Rosen’s includes a helpful discussion on the controversy around pediatric competence and consent:  
“If a condition that is threatening to life or health exists, treatment should be provided under the doctrine of implied consent. If an emergency medical condition is not suspected after a screening examination, non-emergent care should be delayed until guardian consent is obtained, unless the minor is legally able to consent for care.” – Rosen’s 9th ed  
The CMPA has a helpful article on the subject: [Can a child provide consent?](https://www.cmpa-acpm.ca/en/advice-publications/browse-articles/2014/can-a-child-provide-consent). Here are a few excerpts:",cc-166.md,13.408823013305664,13.408823013305664,"What is the best choice to provide informed consent for an emergency needle thoracostomy in a patient with suspected tension pneumothorax?
What legal and ethical guidelines should be followed to obtain informed consent for emergency medical procedures?
How can informed consent be obtained in cases where the patient is unconscious and unable to provide consent?"
"A 95-year-old woman who is a resident at a long term care facility, got up from her chair, tripped on a rug, and fell on her right knee. She could not get up without assistance and complained of severe pain in her right hip and buttock. The nurse who evaluated her tried to stand her up, but when the patient tried to stand on her right leg, she dropped her left hip and lost her balance. The nurse then recognized that her patient had a foreshortened right leg fixed in the adducted position and a large swelling in her right buttock. At the receiving hospital, the patient was confused and, though she knew her name, she couldn’t remember the date and insists to leave the hospital immediately to see her family. Past medical history includes diabetes, congestive heart failure, and incontinence. She is currently taking metformin, lisinopril, hydrochlorothiazide, metoprolol, and oxybutynin. Physical exam confirmed the nurse’s findings. Radiographs proved the presence of a right posterior hip dislocation without fractures. What medication is most likely associated with this patient’s confusion?

Options:
A: Metformin
B: Oxybutynin
C: Metoprolol
D: Lisinopril
E: Hydrochlorothiazide",B,B,True,"The patient is a 95-year-old woman who has had a fall and is now presenting with confusion. Her past medical history includes diabetes, congestive heart failure, and incontinence. The medications she is taking include metformin (for diabetes), lisinopril (for heart failure), hydrochlorothiazide (for blood pressure control), metoprolol (also for blood pressure and heart rate control), oxybutynin (for incontinence), and she is also on a medication that is not listed but is likely an analgesic or muscle relaxant given for her hip dislocation.

Confusion in the elderly can be caused by a variety of factors, including medication side effects, infections, metabolic disturbances, or injury. In this case, we are looking for a medication that could be associated with confusion.

Metformin is primarily used for diabetes and does not typically cause confusion. Lisinopril is an ACE inhibitor used for heart failure and hypertension, and while it can cause dizziness or hypotension, it is not commonly associated with confusion. Hydrochlorothiazide is a diuretic that can cause electrolyte imbalances leading to confusion, but it is less likely to be the cause in this scenario.

Metoprolol is a beta-blocker used for hypertension and heart rate control, and while it can cause fatigue or dizziness, it is not typically associated with confusion.

Oxybutynin is an anticholinergic medication used for incontinence. Anticholinergic medications are known to cross the blood-brain barrier and can cause confusion, especially in the elderly due to their increased blood-brain barrier permeability and sensitivity to anticholinergic side effects.

Given the patient's age, the presence of anticholinergic side effects (such as confusion), and the medication list, oxybutynin is the most likely cause of her confusion.

Therefore, the answer is (B) Oxybutynin.",,,0.0,0.0,"What condition is the patient most likely experiencing?
What is the most common cause of this condition?
What medication is most likely associated with this patient's confusion?"
"A 21-year-old woman presents to the emergency room with right arm pain and limited range of motion. She does not recall trauma to the arm. She also complains of diarrhea and nausea. She is sexually active with one male partner and admits to having pain during intercourse. There is vague and diffuse tenderness to palpation in all four abdominal quadrants. No erythema or edema is noted on the right arm. The fecal occult test is negative. Past records show that this patient has been in the ER 7 times in the past year with similar symptoms. Which of the following is the most likely diagnosis?

Options:
A: Ulcerative colitis
B: Illness anxiety disorder
C: Somatization disorder
D: Somatoform pain disorder
E: Conversion disorder",C,C,True,"The patient is a 21-year-old woman who presents with right arm pain and limited range of motion without recall of trauma, diarrhea, nausea, and dyspareunia (pain during intercourse). She has vague and diffuse tenderness in all four abdominal quadrants, and a negative fecal occult blood test. Her past medical history is significant for multiple emergency room visits with similar symptoms.

Let's evaluate the options:

A: Ulcerative colitis typically presents with bloody diarrhea, which is not mentioned in the case. Additionally, the fecal occult blood test is negative, making this diagnosis less likely.

B: Illness anxiety disorder, formerly known as hypochondriasis, involves preoccupation with having a serious illness based on misinterpretation of bodily symptoms. This patient's presentation does not suggest a preoccupation with having a serious illness but rather a pattern of seeking medical attention without clear medical findings.

C: Somatization disorder is part of the somatic symptom and related disorders category and is characterized by multiple physical complaints that are not fully explained by a medical condition, substance use, or another mental disorder. This patient's history of multiple ER visits with various complaints could fit this pattern.

D: Somatoform pain disorder is characterized by pain that is not explained by a medical condition, substance use, or another mental disorder. The pain is not intentionally produced or feigned, and it results in significant distress or impairment. This diagnosis could be considered, but it does not account for the full range of symptoms, including gastrointestinal and sexual function.

E: Conversion disorder involves neurological symptoms incompatible with neurological pathways but not explained by another medical or mental disorder. The lack of neurological symptoms in this case makes this diagnosis less likely.

Given the information, the most likely diagnosis is somatization disorder, as it encompasses the variety of physical complaints over time that are not fully explained by a medical condition and do not seem to be intentionally produced or feigned.

Therefore, the answer is (C) Somatization disorder.",,,0.0,0.0,"What condition presents with chronic abdominal pain, multiple visits to the emergency room, and negative diagnostic test results?
What psychiatric disorder is characterized by multiple physical complaints without a medical explanation, particularly in a young female population?
What psychiatric disorder involves psychological factors that result in physical symptoms, including pain and gastrointestinal complaints?"
"A 32-year-old woman comes to the emergency department because a 5-week history of abdominal pain and bloody diarrhea that has worsened in the past 24 hours. She was diagnosed with ulcerative colitis 1 year ago but has had difficulty complying with her drug regimen. Her temperature is 38.2°C (100.8°F), pulse is 120/min, and blood pressure is 92/56 mm Hg. Examination shows a distended, rigid abdomen and hypoactive bowel sounds. Fluid resuscitation is initiated. In addition to complete bowel rest, which of the following is the most appropriate next step in management of this patient?

Options:
A: Double-contrast barium enema
B: Abdominal CT scan with contrast
C: CT angiography
D: Abdominal x-ray
E: Colonoscopy",D,B,False,"The patient presents with a history of ulcerative colitis, abdominal pain, bloody diarrhea, fever, tachycardia, and hypotension, along with a distended, rigid abdomen and hypoactive bowel sounds. These symptoms are suggestive of a severe complication of ulcerative colitis, such as toxic megacolon or possible perforation.

A double-contrast barium enema (A) is not appropriate in this setting because it can exacerbate the condition if there is a perforation or severe distension.

An abdominal CT scan with contrast (B) is a good choice for evaluating the severity of colitis, identifying complications such as toxic megacolon or perforation, and assessing for abscesses or other complications.

CT angiography (C) is typically used to evaluate vascular complications such as ischemic colitis, but there is no indication of ischemia in this case (e.g., no mention of a sudden onset of pain or risk factors for mesenteric ischemia).

An abdominal x-ray (D) can be useful in the initial assessment, especially to look for signs of perforation (free air), but it is less informative than a CT scan for evaluating the severity of colitis and associated complications.

Colonoscopy (E) is generally avoided in the acute setting, especially if there is a concern for severe colitis or perforation, as it can worsen the condition.

Given the clinical presentation and the need to quickly assess for complications that could be life-threatening, such as perforation or toxic megacolon, a CT scan of the abdomen and pelvis with contrast is the most appropriate next step in management. Therefore, the answer is (B) Abdominal CT scan with contrast.",,,0.0,0.0,"What is the most likely diagnosis for this patient?
What are the indications for imaging in this clinical scenario?
Which imaging modality is most appropriate for this indication?"
"A 55-year-old man recovering from knee replacement surgery complains of breathlessness in the postoperative ward. He has been confined to bed for the past 5 days and is under observation. He felt a sudden difficulty in breathing and called for the ward nurse. He says that he is unable to take deep breaths and has a sharp pain on the right side of his chest with each inspiration. His temperature is 37.5°C (99.8°F), the pulse is 111/min, the respirations are 31/min, and the blood pressure is 85/55 mm Hg. He experiences pain in his right calf on dorsiflexion. There are no other prominent findings on physical examination. His chest X-ray does not show anything significant. The ECG reveals sinus tachycardia. Which of the following is the best course of management at this time?

Options:
A: Subcutaneous fondaparinux
B: CT scan
C: Inferior vena cava filter
D: Ventilation-perfusion scan
E: Lower extremity doppler",A,D,False,"The patient is presenting with symptoms of breathlessness, sharp chest pain on inspiration, tachycardia, and hypotension. The sharp pain on inspiration and the presence of tachycardia and hypotension are concerning for aortic dissection, especially given the postoperative setting and the fact that he has been confined to bed for the past 5 days. Bedridden patients, especially after surgery, are at increased risk for venous thromboembolism (VTE), which includes deep vein thrombosis (DVT) and pulmonary embolism (PE). The pain in the right calf on dorsiflexion could be a sign of a DVT.

The normal chest X-ray and the absence of other prominent findings on physical examination make a primary respiratory infection or pneumonia less likely. The ECG showing sinus tachycardia could be a response to the patient's hypoxia or could be part of the picture in aortic dissection, but it is not specific.

Given the clinical scenario, the best course of management at this time should be directed towards diagnosing or ruling out a pulmonary embolism, which can present with the symptoms described and is a common complication following surgery due to prolonged immobilization.

Option A (Subcutaneous fondaparinux) is an anticoagulant that could be used in the treatment of DVT or PE, but it is not a diagnostic test and should not be the first step without a confirmed diagnosis.

Option B (CT scan) could be useful in diagnosing aortic dissection, but the patient's presentation is more suggestive of a PE, and a CT scan could be part of the workup for aortic dissection but is not the best immediate step.

Option C (Inferior vena cava filter) is a treatment option for patients with contraindications to anticoagulation or those who have recurrent PEs despite adequate anticoagulation. This is not the best immediate step without a confirmed diagnosis of a VTE.

Option D (Ventilation-perfusion scan) is a diagnostic test for PE, and given the patient's symptoms and risk factors, this would be an appropriate next step to either confirm or rule out a PE.

Option E (Lower extremity doppler) is used to diagnose DVT, which is a potential source of PE. However, the patient's symptoms are more consistent with PE than with an isolated DVT, and a PE is more immediately life-threatening.

Therefore, the best course of management at this time, given the suspicion of PE, is to perform imaging that can confirm the diagnosis and guide further management. A ventilation-perfusion scan is a suitable choice for this purpose. Therefore, the answer is (D) Ventilation-perfusion scan.","What is the diagnostic accuracy in aortic dissection of various clinical features (history and physical), imaging tests and clinical decision instruments?",sgem-215.md,12.656013488769531,12.656013488769531,"What is the most likely diagnosis for this patient's acute breathlessness and sharp chest pain on inspiration postoperatively?
What are the key clinical features that support this diagnosis?
What diagnostic test would be most appropriate to confirm this diagnosis?"
"A 55-year-old man is brought to the emergency department with altered mental status. The patient is in acute distress and cannot provide history due to disorientation. Temperature is 38.7°C (101.6°F), blood pressure is 80/50 mm Hg, pulse is 103/min, respiratory rate is 22/min, and BMI is 20 kg/m2. On examination, his sclera and skin are icteric. On abdominal examination, the patient moans with deep palpation to his right upper quadrant.
Laboratory test
Complete blood count
Hemoglobin 14.5 g/dL
MCV 88 fl
Leukocytes 16,500/mm3
Platelets 170,000/mm3
Basic metabolic panel
Serum Na+ 147 mEq/L
Serum K+ 3.8 mEq/L
Serum Cl- 106 mEq/L
Serum HCO3- 25 mEq/L
BUN 30 mg/dL
Serum creatinine 1.2 mg/dL
Liver function test
Total bilirubin 2.8 mg/dL
AST 50 U/L
ALT 65 U/L
ALP 180 U/L
The patient is treated urgently with intravenous fluid, dopamine, and broad spectrum antibiotics. The patient’s blood pressure improves to 101/70 mm Hg. On ultrasound of the abdomen, the common bile duct is dilated. What is the best next step in the management of this patient?

Options:
A: ERCP
B: Close monitoring
C: MRCP
D: Percutaneous transhepatic cholangiogram
E: CT abdomen",A,A,True,"Summary of available information:
- 55-year-old man with altered mental status and acute distress
- Fever (38.7°C) and hypotension (80/50 mm Hg)
- Tachycardia (pulse 103/min), normal respiratory rate (22/min), and normal BMI (20 kg/m2)
- Icteric sclera and skin
- Moaning with deep palpation to the right upper quadrant
- Lab tests show leukocytosis (white blood cell count of 16,500/mm3) and elevated total bilirubin (2.8 mg/dL)
- Mildly elevated AST and ALT, significantly elevated ALP
- Improvement in blood pressure after treatment
- Dilated common bile duct on abdominal ultrasound

The patient's presentation with fever, hypotension, altered mental status, and right upper quadrant pain, along with the lab findings of leukocytosis and elevated bilirubin, suggest an infectious process, likely cholangitis. The dilated common bile duct on ultrasound further supports this diagnosis.

The best next step in the management of a patient with suspected cholangitis and a dilated common bile duct is to relieve the obstruction and drain the infected biliary tree. An ERCP (Endoscopic Retrograde Cholangiopancreatography) is the procedure of choice as it allows for both diagnosis and therapeutic intervention, including the removal of gallstones or the placement of stents if necessary.

Therefore, the answer is (A) ERCP.",,,0.0,0.0,"What is the most likely diagnosis for this patient?
What is the underlying pathophysiology of this condition?
What are the initial management steps for this condition?"
"A 22-year-old man from Nepal presents to the emergency department complaining of swelling and pain in his right testicle. The patient states that he just arrived in the United States to live with his wife, with whom he is monogamous. The patient denies painful urination or urethral discharge, but admits that 10 days ago he “felt like he had a fever” and the right side of his face was swollen and painful. Which of the following is characteristic of the most likely diagnosis?

Options:
A: Preventable by a live attenuated vaccine
B: Dilation of the pampiniform plexus
C: Original presentation in the form of a painless chancre
D: Cause buboes in the inguinal lymph nodes
E: Is a common cause of septic arthritis in this patient’s age group",A,D,False,"The patient presents with swelling and pain in his right testicle and a history of facial swelling and pain, which could suggest an infection that is affecting different parts of the lymphatic system. The lack of symptoms such as painful urination or urethral discharge makes a urethritis less likely.

The options given are characteristics of different diseases:

A: Preventable by a live attenuated vaccine - This could refer to diseases like mumps or varicella, which are preventable by vaccines. However, neither of these typically presents with isolated testicular swelling and pain.

B: Dilation of the pampiniform plexus - This is associated with conditions like testicular torsion, where the spermatic cord twists and cuts off the blood supply to the testicle, causing sudden severe pain and swelling. However, this does not fit with the patient's history of facial swelling and fever.

C: Original presentation in the form of a painless chancre - This is characteristic of syphilis, which is a sexually transmitted infection. However, the patient is monogamous and denies any painful urination or urethral discharge, which makes this less likely.

D: Cause buboes in the inguinal lymph nodes - Buboes are swollen lymph nodes and are characteristic of infections like bubonic plague or chancroid. Given the patient's history of fever and facial swelling, followed by testicular pain and swelling, this could suggest an infection that causes buboes.

E: Is a common cause of septic arthritis in this patient’s age group - Septic arthritis is an infection in a joint, which could cause joint pain and swelling, but it does not typically present with facial swelling or testicular swelling and pain.

Given the patient's symptoms and the options provided, the most likely diagnosis would be one that causes buboes in the inguinal lymph nodes, which fits with the history of facial swelling and fever, followed by testicular pain and swelling. Therefore, the answer is (D) Cause buboes in the inguinal lymph nodes.",,,0.0,0.0,"What is the most likely diagnosis for this patient?
What is characteristic of the most likely diagnosis?
What is the pathophysiology behind the most likely diagnosis?"
"A 57-year-old woman is brought to the emergency department by ambulance for dysarthria and left-sided facial droop. She is accompanied by her son, who states that the patient had just returned home an hour ago from walking the dog when suddenly the patient stated she felt “strange.” When her son asked her what was wrong, her speech was slurred and her ""face looked funny.” The son quickly called an ambulance. The paramedic upon arrival noted that the patient had left-sided facial droop. Her medical history includes asthma and sickle cell disease. She takes hydroxyurea, uses oxycodone as needed for pain, and an albuterol inhaler as needed for shortness of breath. The patient’s temperature is 97°F (36.1°C), blood pressure is 145/72 mmHg, pulse is 93/min, and respirations are 14/min with an oxygen saturation of 96% on room air. On physical examination, a left-sided facial droop is appreciated. She has trouble articulating her words, and her speech is garbled. She is put on 2 L of oxygen by nasal cannula. Labs are obtained and pending. Which of the following therapies is most likely indicated?

Options:
A: Alteplase
B: Exchange transfusion
C: Hydralazine
D: Naloxone
E: Warfarin",B,B,True,"The patient presents with acute onset dysarthria and left-sided facial droop, which are signs of a possible stroke. Given her history of sickle cell disease and the acute presentation, it is important to consider the possibility of a stroke caused by sickle cell disease complications, such as vaso-occlusive crisis or cerebral infarction.

Option A, Alteplase, is a thrombolytic agent used in the treatment of acute ischemic stroke. However, the use of alteplase is contraindicated in patients with sickle cell disease due to the increased risk of hemorrhagic transformation of the infarct.

Option B, Exchange transfusion, is a procedure used to rapidly replace the patient's sickle cells with normal red blood cells. This can be used in the management of acute chest syndrome in sickle cell disease and also in severe cases of stroke when the patient has a high burden of sickled cells.

Option C, Hydralazine, is an antihypertensive medication that is not typically used in the acute management of stroke or sickle cell complications.

Option D, Naloxone, is an opioid antagonist used to reverse the effects of opioids like oxycodone. There is no indication that the patient's symptoms are due to opioid overdose, especially given the acute onset of neurological deficits.

Option E, Warfarin, is an anticoagulant used for the prevention of thromboembolic events. However, it is not indicated in the acute management of stroke and can be contraindicated in patients with sickle cell disease due to the risk of bleeding.

Given the patient's history and presentation, the most likely indicated therapy would be an exchange transfusion to reduce the number of sickled cells and improve oxygen delivery to the brain. Therefore, the answer is (B) Exchange transfusion.",,,0.0,0.0,"What is the most likely diagnosis for this patient's presentation?
What is the underlying pathophysiology of this condition?
What is the initial management for this condition?"
"A 58-year-old male is hospitalized after sustaining multiple fractures in a severe automobile accident. Soon after hospitalization, he develops respiratory distress with crackles present bilaterally on physical examination. The patient does not respond to mechanical ventilation and 100% oxygen and quickly dies due to respiratory insufficiency. Autopsy reveals heavy, red lungs and histology is shown in Image A. Which of the following is most likely to have been present in this patient shortly before death:

Options:
A: Diaphragmatic hypertrophy
B: Proliferation of bronchiolar mucous glands
C: Interstitial edema
D: Large pulmonary embolus
E: Left apical bronchoalveolar carcinoma",C,C,True,"The patient's history of multiple fractures from a severe automobile accident and the development of respiratory distress with crackles present bilaterally suggest the possibility of acute respiratory distress syndrome (ARDS), which can occur as a complication of trauma and severe injury. ARDS is characterized by diffuse alveolar damage leading to pulmonary edema and impaired gas exchange. The description of heavy, red lungs at autopsy is consistent with pulmonary edema, which is a common finding in ARDS.

Let's evaluate the options:

A: Diaphragmatic hypertrophy is usually a result of chronic overuse or long-term mechanical ventilation, not an acute process like the one described.

B: Proliferation of bronchiolar mucous glands is seen in chronic bronchitis, which is a chronic condition and not consistent with the acute presentation described.

C: Interstitial edema is a hallmark of ARDS and would be consistent with the acute onset of respiratory distress and the autopsy findings of heavy, red lungs.

D: A large pulmonary embolus could cause acute respiratory distress, but it is less likely to cause bilateral crackles and heavy, red lungs histologically, as pulmonary embolism typically leads to infarction and a more localized response.

E: Left apical bronchoalveolar carcinoma would not typically present with acute respiratory distress and bilateral crackles; it would more likely present with a more chronic course and localized findings.

Based on the information provided and the typical histological findings associated with ARDS, the most likely finding shortly before death would be interstitial edema. Therefore, the answer is (C) Interstitial edema.",,,0.0,0.0,"What is the most likely cause of respiratory distress in a patient with a history of multiple fractures from a severe automobile accident?
What histological finding would be expected in a patient who develops respiratory distress and fails to respond to mechanical ventilation and 100% oxygen, leading to death?
What condition is associated with heavy, red lungs at autopsy in a patient with the given clinical history?"
"A 55-year-old man presents to the emergency department with complaints of nausea, vomiting, palpitations, and dizziness, which have lasted for the past 3 hours. He was diagnosed with heart failure 1 year ago. During his last visit to his primary care physician, he was doing well and the lab results were normal. He reports that he has been taking low-dose aspirin and digoxin regularly for 1 year, and verapamil was recently added to prevent his frequent migraine headaches. An electrocardiogram is performed urgently and shows paroxysmal atrial tachycardia with block. Suspecting digitalis toxicity, the emergency medicine physician sends blood to the lab for a serum digoxin level, which is 3.7 ng/mL (therapeutic range: 0.8–2 ng/mL). Which of the following mechanisms most likely explains the development of digitalis toxicity in this patient?

Options:
A: Drug-induced hypokalemia
B: Increased intestinal absorption of digoxin
C: Inhibition of CYP 3A4 isoenzyme
D: Inhibition of P-glycoprotein
E: Increased enterohepatic circulation of digoxin",D,A,False,"The patient has a history of heart failure and is on digoxin, a medication used to treat various heart conditions including atrial tachycardia. The patient's symptoms of nausea, vomiting, palpitations, and dizziness, along with the ECG findings of paroxysmal atrial tachycardia with block, are suggestive of digoxin toxicity, especially given the elevated serum digoxin level of 3.7 ng/mL, which is above the therapeutic range of 0.8–2 ng/mL.

Digitalis toxicity can be caused by several mechanisms, but the most common ones are drug-induced hypokalemia and increased intestinal absorption of digoxin. Drug-induced hypokalemia can increase the risk of digoxin toxicity because digoxin and potassium compete for the same binding sites on the Na+/K+ ATPase pump; when potassium levels are low, digoxin has more opportunity to bind and exert its effects, leading to toxicity.

Verapamil, which the patient was recently prescribed for migraine prevention, can cause hypokalemia by inhibiting potassium efflux into the gut, which can lead to increased serum potassium levels. This could contribute to digitalis toxicity.

Increased intestinal absorption of digoxin is another mechanism that can lead to toxicity, but there is no information provided that suggests an increase in the absorption mechanism in this case.

Inhibition of CYP 3A4 isoenzyme and inhibition of P-glycoprotein, as well as increased enterohepatic circulation of digoxin, are not commonly associated with digoxin toxicity.

Given the information provided and the common mechanisms of digoxin toxicity, drug-induced hypokalemia is the most likely explanation for the development of digitalis toxicity in this patient, especially considering the use of verapamil, which can cause hypokalemia.

Therefore, the answer is (A) Drug-induced hypokalemia.",,,0.0,0.0,"What is the most likely mechanism explaining the development of digitalis toxicity in this patient?
What clinical features are associated with digitalis toxicity?
How does the addition of verapamil contribute to digitalis toxicity?"
"A 36-year-old man is brought to the emergency department 25 minutes after being involved in a high speed motor-vehicle collision in which he was an unrestrained passenger. He has acute myeloid leukemia and is currently receiving chemotherapy. On arrival, his temperature is 37°C (98.6°F), pulse is 63/min, respirations are 10/min, and blood pressure is 100/70 mm Hg. The pupils are equal and sluggish. There are multiple bruises over the face, trunk, and right upper and lower extremities. There is a 4-cm (1.6-in) laceration over his right cheek. He does not respond to any commands, but does groan. Painful stimuli cause him to open his eyes and withdraw all extremities. There are decreased breath sounds over the right lung base. There is tenderness to palpation over the left chest wall. Cardiac examination shows no abnormalities. The abdomen is soft and shows diffuse tenderness to palpation with no guarding or rebound. There is swelling of the right elbow and wrist. The right lower extremity is shorter than the left lower extremity. There are 2 lacerations around 2 cm (0.8 in) each on the right leg. The right knee is swollen. Which of the following is the most appropriate next step in management?

Options:
A: Focussed assessment sonography for trauma (FAST)
B: Insertion of intercostal chest tube
C: CT scan of the head and neck
D: X-rays of the extremities
E: Intubation and mechanical ventilation",E,E,True,"The patient is a 36-year-old man who was involved in a high-speed motor-vehicle collision. He has acute myeloid leukemia and is undergoing chemotherapy. Upon arrival at the emergency department, his vital signs are within normal limits except for a decreased respiratory rate at 10 breaths per minute. His pupils are equal and sluggish, indicating a possible central nervous system effect. He has multiple bruises and a laceration on his face and extremities, suggesting trauma. He is not responsive to commands but does groan, which indicates some level of consciousness. He has decreased breath sounds over the right lung base and tenderness over the left chest wall, which could indicate a chest injury. There is also tenderness in the abdomen, swelling of the right elbow and wrist, and a shorter right lower extremity with lacerations and knee swelling, suggesting potential fractures or injuries.

Given the patient's decreased level of consciousness and potential for airway compromise due to the swelling of the right elbow and wrist, as well as the potential for respiratory distress due to the decreased breath sounds at the right lung base, securing the airway and ensuring adequate ventilation is the most critical step. This is because airway compromise can be life-threatening and can lead to further deterioration.

Therefore, the answer is (E) Intubation and mechanical ventilation.",,,0.0,0.0,"What are the indications for immediate intubation and mechanical ventilation in trauma patients?
How would you differentiate between life-threatening and non-life-threatening injuries in a trauma patient?
What are the key components of a primary survey in trauma management?"
"A 23-year-old man presents with sudden loss of consciousness while pitching in a baseball game. There is no history of injury. Consciousness is regained after cardiopulmonary resuscitation. Past medical history is negative for any neurological and cardiovascular problems. Physical examination reveals a prominent A wave on the jugular venous pulse and a double apical impulse. There are no audible murmurs. An S4 is present. What is the most likely diagnosis?

Options:
A: Dilated cardiomyopathy
B: Hypertrophic cardiomyopathy
C: Aortic stenosis
D: Takotsubo cardiomyopathy
E: Restrictive cardiomyopathy",B,B,True,"The patient is a young athlete who experienced a sudden loss of consciousness, which can be indicative of a cardiac event. The fact that consciousness was regained after cardiopulmonary resuscitation suggests that the event was reversible, possibly due to a arrhythmia or a transient issue with cardiac output.

The physical examination findings are key here: a prominent A wave on the jugular venous pulse indicates increased resistance to atrial contraction, which can be seen in conditions that cause stiffening of the ventricle. A double apical impulse can suggest hypertrophy or an abnormal septal movement. An S4 heart sound is associated with a stiff or hypertrophic ventricle and is often heard in conditions that cause diastolic dysfunction.

Given these findings, we can consider the options:

A: Dilated cardiomyopathy typically presents with signs of heart failure and would not usually cause a prominent A wave or a double apical impulse.

B: Hypertrophic cardiomyopathy (HCM) is a common cause of sudden cardiac death in young athletes and can present with a prominent A wave, a double apical impulse due to a thickened septum, and an S4 heart sound due to the stiff ventricle.

C: Aortic stenosis typically presents with a systolic ejection murmur and would not typically cause a prominent A wave or a double apical impulse.

D: Takotsubo cardiomyopathy is usually triggered by emotional or physical stress and is characterized by transient regional wall motion abnormalities, not typically associated with the findings described.

E: Restrictive cardiomyopathy can cause diastolic dysfunction and might present with an S4, but it is less common in young individuals and less likely to cause sudden loss of consciousness compared to hypertrophic cardiomyopathy.

Based on the clinical presentation and the physical examination findings, the most likely diagnosis is hypertrophic cardiomyopathy. Therefore, the answer is (B) Hypertrophic cardiomyopathy.",,,0.0,0.0,"What is the most likely diagnosis for a young patient with sudden loss of consciousness during physical activity, regained consciousness after CPR, and physical exam findings of a prominent A wave on jugular venous pulse, double apical impulse, and an audible S4?
What condition is characterized by these specific physical exam findings: prominent A wave on jugular venous pulse, double apical impulse, and an audible S4?
What condition is commonly associated with sudden cardiac events in young athletes and can present with the physical exam findings described?"
"A 39-year-old man is brought to the emergency department unconscious following 2 episodes of generalized tonic-clonic seizures. According to the attendants, he has complained of recurrent headaches for the past 2 weeks. There is no history of fever, head trauma, or a seizure disorder. The patient does not smoke cigarettes but reportedly drinks 2 glasses of wine daily. He has multiple sexual partners and history regarding the contraceptive use is unavailable. The patient’s vitals include: blood pressure 137/88 mm Hg, temperature 37.2°C (99.0°F). On physical examination, he is obtunded. He grimaces on pain and localizes in response to pain in both upper extremities. Pupils are bilateral 3-mm in diameter and equally round and reactive. Laboratory tests are within normal limits. An MRI of the brain with contrast is shown in the exhibit (see image). A brain biopsy is performed that reveals perivascular clusters of lymphocytes. Which of the following is most associated with this patient’s condition?

Options:
A: Epstein-Barr virus
B: Human herpes virus
C: Human papilloma virus
D: Human T-lymphotropic virus
E: Schistosoma haematobium",A,D,False,"The patient presents with recurrent headaches, seizures, and a brain MRI that likely shows lesions (although the actual image is not provided, the presence of a brain biopsy suggests there were findings). The biopsy reveals perivascular clusters of lymphocytes, which is a hallmark of central nervous system (CNS) lymphoma. CNS lymphoma can be associated with immunodeficiency, which may be related to HIV infection, often caused by the Human T-lymphotropic virus (HTLV). The patient's history of multiple sexual partners and unavailable information on contraceptive use could suggest a risk for sexually transmitted infections, including HIV. While Epstein-Barr virus (EBV) is associated with lymphomas, it is more commonly associated with extranodal NK/T-cell lymphomas, nasopharyngeal carcinoma, and Burkitt lymphoma. Human herpes virus (HHV) is not typically associated with CNS lymphoma. Human papilloma virus (HPV) is associated with cervical and other anogenital cancers and some head and neck cancers but not typically CNS lymphoma. Schistosoma haematobium is associated with urinary schistosomiasis and not CNS lymphoma.

Given the clinical presentation and the association with CNS lymphoma, the most likely etiology is related to an infectious agent known to cause immunodeficiency and CNS lymphoma. Therefore, the answer is (D) Human T-lymphotropic virus.",,,0.0,0.0,"What is the most likely diagnosis for this patient's condition based on the clinical presentation and biopsy findings?
What is the leading pathophysiology behind this patient's condition?
Which virus is most associated with this patient's condition?"
"A 25-year-old man with a past medical history of constipation and fibromyalgia presents to the emergency department with generalized malaise and severe diarrhea. The patient states that he has not felt well for the past 24 hours and his symptoms are no longer tolerable. He denies taking any medications or illicit drugs and states he is generally healthy. His temperature is 99.3°F (37.4°C), blood pressure is 122/88 mmHg, pulse is 107/min, respirations are 19/min, and oxygen saturation is 99% on room air. Physical exam demonstrates an ill appearing young man. Physical exam is notable for rhinorrhea, lacrimation, and piloerection. The patient’s pupils are dilated and reactive to light. During placement of an ultrasound guided IV, multiple scars are noted in the antecubital fossa, and it is noted that it is very difficult to place an IV in this patient. During the exam, he begins actively vomiting. Which of the following could be an appropriate treatment for this patient’s symptoms?

Options:
A: Clonidine
B: Diazepam taper
C: Haloperidol and diphenhydramine
D: Naloxone
E: Oseltamivir",A,C,False,"The patient presents with generalized malaise, severe diarrhea, rhinorrhea, lacrimation, and piloerection (goosebumps), which are signs of sympathetic overactivity. The presence of multiple scars in the antecubital fossa and difficulty placing an IV could suggest a history of intravenous drug use. The combination of these symptoms, along with the dilated pupils that are reactive to light, could be indicative of opioid withdrawal, especially considering the patient denies taking any medications or illicit drugs. Opioid withdrawal can cause severe symptoms including diarrhea, vomiting, and autonomic hyperactivity (elevated temperature, tachycardia, hypertension).

Given the clinical presentation, the most appropriate treatment would be to alleviate the symptoms of opioid withdrawal. Naloxone (option D) is an opioid antagonist and is used to treat opioid overdose, not withdrawal. Clonidine (option A) can be used in opioid withdrawal but is more commonly used for the management of hypertension and some off-label conditions. Diazepam taper (option B) can be used to treat alcohol withdrawal, which can present with similar symptoms but is not the first-line treatment for opioid withdrawal. Oseltamivir (option E) is an antiviral medication used to treat influenza and is not indicated in this scenario.

Haloperidol and diphenhydramine (option C) can be used to treat the symptoms of opioid withdrawal. Haloperidol is an antipsychotic that can help with agitation and restlessness, while diphenhydramine is an antihistamine that can help with the runny nose and lacrimation. This combination is not the standard of care for opioid withdrawal but can be used to manage some of the symptoms.

Considering the clinical presentation and the options provided, the most appropriate treatment for this patient’s symptoms, which are consistent with opioid withdrawal, would be a medication that can alleviate those symptoms. While not the standard first-line treatment, the combination of haloperidol and diphenhydramine could help manage the patient’s symptoms.

Therefore, the answer is (C) Haloperidol and diphenhydramine.",,,0.0,0.0,"What is the most likely diagnosis for this patient based on the clinical presentation?
What are the common complications associated with this condition?
What is the recommended initial management for this condition?"
"A 55-year-old woman with a history of HIV presents to the emergency department with progressive dyspnea, fever, and dry cough for the past 4 days. She has not been compliant with antiretroviral or prophylactic medication. On evaluation, the patient is in moderate respiratory distress. The temperature is 38.8°C (102.0°F), the blood pressure is 124/82 mm Hg, the pulse is 96/min, and the respiratory rate is 20/min. Pulse oximetry is 92% on 4 L oxygen by nasal cannula. Her CD4 count is 180 cells/μL. IV antibiotics and glucocorticoids are administered. After 30 minutes, the patient develops severe respiratory distress. Repeat vital signs show: temperature 38.3°C (101.0°F), blood pressure 80/50 mm Hg, pulse 104/min, respiration rate 32/min and pulse oximetry 85% on nasal cannula. The trachea deviates to the left. Breath sounds are absent on the right side and the neck veins are distended. Telemetry shows sinus tachycardia. Which of the following is the best next step in the management of this patient?

Options:
A: Discontinue antibiotics
B: Administer epinephrine
C: Perform an arterial blood gas
D: Needle thoracostomy
E: Stat chest X-ray",D,D,True,"The patient presents with symptoms of progressive dyspnea, fever, and dry cough, which are concerning for an infectious process, especially in the context of HIV with a low CD4 count of 180 cells/μL, indicating a compromised immune system. The initial presentation suggests a respiratory infection, possibly Pneumocystis pneumonia (PCP), which is common in HIV patients with CD4 counts below 200 cells/μL. The patient was given IV antibiotics and glucocorticoids, which is appropriate for suspected PCP.

However, after 30 minutes, the patient's condition has deteriorated significantly. The new vital signs show hypotension (blood pressure 80/50 mm Hg), tachycardia (pulse 104/min), increased respiratory rate (32/min), decreased pulse oximetry (85% on nasal cannula), deviated trachea (to the left), absent breath sounds on the right side, and distended neck veins. These signs are indicative of a tension pneumothorax, which is a life-threatening condition that requires immediate intervention.

The appropriate management for tension pneumothorax is to relieve the pressure in the pleural cavity, which is achieved by performing a needle thoracostomy (also known as a needle decompression). This procedure involves inserting a needle into the second intercostal space at the midclavicular line on the affected side, which allows the trapped air to escape and relieves the pressure.

Therefore, the answer is (D) Needle thoracostomy.",,,0.0,0.0,"What is the most likely diagnosis for this patient?
What are the key components of the management for this condition?
What are the indications for a specific intervention in this scenario?"
"A 22-year-old woman with polycystic ovarian syndrome comes to the emergency department because of a 1-day history of left lower abdominal pain that began suddenly while she was running. Her last menstrual period was 2 weeks ago. Physical examination shows tenderness to palpation over the left adnexa and rebound tenderness in the left lower quadrant. There is no tenderness in the right lower quadrant. Urine pregnancy test is negative. An ultrasound is ordered to confirm the diagnosis of ruptured ovarian cyst. Visualization of fluid in which of the following locations would be most consistent with this diagnosis?

Options:
A: Lesser sac
B: Rectouterine pouch
C: Hepatorenal space
D: Splenorenal angle
E: Rectovesical pouch",B,A,False,"The patient is a 22-year-old woman with a history of polycystic ovarian syndrome who presents with acute onset left lower abdominal pain. The absence of tenderness in the right lower quadrant and the presence of rebound tenderness in the left lower quadrant, along with a negative urine pregnancy test, suggest that the pain is not due to appendicitis or an ectopic pregnancy. The sudden onset of pain while running and tenderness over the left adnexa are suggestive of an ovarian issue, such as a ruptured ovarian cyst.

When an ovarian cyst ruptures, the fluid from the cyst is typically released into the peritoneal cavity. The peritoneal cavity is divided into several potential spaces where fluid can accumulate. The lesser sac of the peritoneal cavity is the most likely location for fluid to accumulate following the rupture of an ovarian cyst because it is an anterior extension of the peritoneal cavity that can accommodate fluid from the ruptured cyst.

The other options listed are less likely locations for fluid from a ruptured ovarian cyst:
- The rectouterine pouch (B) is a potential space between the rectum and the uterus, which is not typically where ovarian cyst fluid would accumulate.
- The hepatorenal space (C) is the potential space between the liver and the kidneys, which is not a common site for ovarian cyst fluid to collect.
- The splenorenal angle (D) is the area between the spleen and the kidneys, and is also not a typical site for ovarian cyst fluid accumulation.
- The rectovesical pouch (E) is the potential space between the rectum and the bladder, which is not where ovarian cyst fluid would typically be found.

Therefore, the answer is (A) Lesser sac.",,,0.0,0.0,"What are the typical symptoms and clinical presentation of a ruptured ovarian cyst?
How can imaging, such as an ultrasound, help in diagnosing a ruptured ovarian cyst?
In which anatomical location would one expect to find free fluid in the case of a ruptured ovarian cyst?"
"A 52-year-old man comes to the physician because of generalized pruritus and raised, erythematous plaques on the skin over his hands, chest, and legs for 6 hours. He reports having clear liquid discharge from his nose and sneezing. He says that his symptoms began suddenly the previous night, 30 minutes after he had dinner at a seafood restaurant. He has had similar symptoms occasionally in the past as well. Four months ago, he had an episode of narrow-angle glaucoma. He takes no medications. His vital signs are within normal limits. Nasal exam shows clear, serous secretions, with edematous and erythematous mucosa and turbinates. Paranasal sinuses are not tender to palpation. Which of the following is the most appropriate pharmacotherapy?

Options:
A: Diphenhydramine
B: Amoxicillin
C: Fexofenadine
D: Vitamin K
E: Calamine lotion",C,C,True,"The patient presents with generalized pruritus, raised erythematous plaques on the skin, clear liquid discharge from the nose, and sneezing. These symptoms began suddenly after eating at a seafood restaurant, which suggests a possible allergic reaction, possibly to something he ate. The fact that he has had similar symptoms in the past and the sudden onset of symptoms after a meal supports this. His history of narrow-angle glaucoma is relevant because certain medications can exacerbate this condition, but it does not directly suggest a treatment for his current symptoms.

Given the options provided:

A: Diphenhydramine is an antihistamine that is commonly used to treat allergic reactions.
B: Amoxicillin is an antibiotic, which would be used to treat bacterial infections, not allergic reactions.
C: Fexofenadine is also an antihistamine, similar to diphenhydramine, but it does not cause sedation and is often used for allergic rhinitis.
D: Vitamin K is used to treat warfarin overdose or to correct a deficiency that leads to bleeding disorders, not for allergic reactions.
E: Calamine lotion is used to soothe itching and irritated skin, but it is not a pharmacotherapy for the systemic allergic reaction.

Considering the patient's symptoms and the sudden onset after a meal, the most appropriate pharmacotherapy would be an antihistamine. Since there is no mention of sedation being a concern for the patient, fexofenadine (C) would be a suitable choice as it treats allergic symptoms without causing sedation. Diphenhydramine (A) could also be appropriate, but fexofenadine is more specific to the symptoms described.

Therefore, the answer is (C) Fexofenadine.",,,0.0,0.0,"What is the most likely diagnosis for this patient's presentation?
What is the underlying pathophysiology of this condition?
What is the initial management for this condition?"
"A 7-year-old girl is brought to the emergency department with a 10-day history of fever and sore throat that acutely worsened over the past 2 days. Her sore throat is worse on the right side. She has difficulty swallowing and opening her mouth due to pain. She has also noticed a change in the quality of her voice over the last day. Her temperature is 38.2°C (100.8°F), pulse is 86/min, respirations are 18/min, and blood pressure is 110/75 mm Hg . Examination shows cervical lymphadenopathy. Oropharyngeal examination shows erythematous tonsils and swelling of the right tonsillar pillar. The uvula is deviated to the left. Laboratory studies show:
Hemoglobin 13.0 g/dL
Hematocrit 39%
Leukocyte count 12,000/mm3
Platelet Count 200,000/mm3
Serum
Na+ 138 mEq/L
Cl- 100 mEq/L
K+ 4.5 mEq/L
HCO3- 24 mEq/L
Urea nitrogen 14.0 mg/dL
Creatinine 1.1 mg/dL
Which of the following is the most appropriate next step in management?""

Options:
A: Intravenous dexamethasone therapy
B: Tonsillectomy
C: Incision and drainage with intravenous ampicillin-sulbactam therapy
D: Needle aspiration and oral clindamycin therapy
E: Intravenous ampicillin-sulbactam therapy",C,C,True,"The patient is a 7-year-old girl with a 10-day history of fever and sore throat that has acutely worsened, difficulty swallowing and opening her mouth, change in voice quality, and fever. The physical examination shows cervical lymphadenopathy, erythematous tonsils, swelling of the right tonsillar pillar, and uvula deviation to the left. These findings are suggestive of a severe throat infection, possibly a peritonsillar abscess, given the acute worsening, trismus (difficulty opening the mouth), and uvular deviation.

The laboratory studies show a slightly elevated leukocyte count, which is consistent with an infection. The rest of the laboratory values are within normal limits.

The most appropriate next step in management should address the likely diagnosis of peritonsillar abscess. The options are:

A: Intravenous dexamethasone therapy - This is typically used for inflammatory conditions, but not the first-line treatment for an abscess.
B: Tonsillectomy - This is a surgical procedure to remove the tonsils and is not the immediate next step in the management of an acute abscess.
C: Incision and drainage with intravenous ampicillin-sulbactam therapy - This is the standard treatment for a peritonsillar abscess. Incision and drainage of the abscess cavity, along with antibiotic therapy, is necessary to treat the infection.
D: Needle aspiration and oral clindamycin therapy - Needle aspiration may temporarily relieve symptoms, but it does not address the abscess cavity as effectively as incision and drainage. Oral antibiotics may not be sufficient for a severe infection like an abscess.
E: Intravenous ampicillin-sulbactam therapy - While antibiotics are an important part of the treatment, they are not sufficient without addressing the abscess cavity through incision and drainage.

Given the clinical presentation and the need to address both the infection and the abscess cavity, the most appropriate next step in management is incision and drainage of the abscess along with antibiotic therapy. Therefore, the answer is (C) Incision and drainage with intravenous ampicillin-sulbactam therapy.",,,0.0,0.0,"What is the most likely diagnosis for this patient?
What are the key principles of management for this condition?
What are the indications for surgical intervention in this scenario?"
"A 24-year-old man is brought to the emergency department by the police. He was found unconscious and covered in bruises outside of a local bar. The patient has a past medical history of polysubstance abuse, depression, multiple suicide attempts, neuropathic pain, and schizophrenia. As part of the patient’s initial workup, a head CT is performed which is unremarkable, and an arterial blood gas is performed as seen below:

pH: 7.29
PaCO2: 95 mm Hg
PaO2: 70 mm Hg
Bicarbonate: 24 mEq/L

Which of the following is the most likely etiology of this patient’s current presentation?

Options:
A: Alcohol
B: Amitriptyline
C: Cocaine
D: Ethylene glycol
E: Heroin",E,E,True,"The patient's arterial blood gas results show a pH of 7.29, which is below the normal range (7.35-7.45) and indicates acidosis. The PaCO2 is 95 mm Hg, which is above the normal range (35-45 mm Hg) and suggests respiratory acidosis. The PaO2 is 70 mm Hg, which is below the normal range (80-100 mm Hg) and indicates hypoxemia. The bicarbonate level is 24 mEq/L, which is on the higher side of the normal range (22-28 mEq/L) and does not suggest a primary metabolic acidosis.

Given the patient's history of polysubstance abuse, we need to consider which substances could lead to respiratory acidosis and hypoxemia. Let's evaluate the options:

A: Alcohol can cause respiratory depression, leading to respiratory acidosis, but it is less likely to cause hypoxemia without other signs of aspiration or pneumonia.

B: Amitriptyline is a tricyclic antidepressant that can cause respiratory depression, leading to respiratory acidosis and hypoxemia.

C: Cocaine is a stimulant and can cause hyperventilation, leading to respiratory alkalosis, not acidosis.

D: Ethylene glycol poisoning typically leads to a high anion gap metabolic acidosis, not respiratory acidosis.

E: Heroin, an opioid, can cause significant respiratory depression, leading to respiratory acidosis and hypoxemia.

Considering the patient's presentation with respiratory acidosis and hypoxemia, and the history of polysubstance abuse, the most likely etiology is an opioid overdose, such as heroin. Therefore, the answer is (E) Heroin.
User 1: The patient's ABG results show a pH of 7.29, which is below the normal range and indicates acidosis. The PaCO2 is 95 mm Hg, which is above the normal range and suggests respiratory acidosis. The PaO2 is 70 mm Hg, which is below the normal range and indicates hypoxemia. The bicarbonate level is 24 mEq/L, which is on the higher side of the normal range and does not suggest a primary metabolic acidosis.

Given the patient's history of polysubstance abuse, we need to consider which substances could lead to respiratory acidosis and hypoxemia. Let's evaluate the options:

A: Alcohol can cause respiratory depression, leading to respiratory acidosis, but it is less likely to cause hypoxemia without other signs of aspiration or pneumonia.

B: Amitriptyline is a tricyclic antidepressant that can cause respiratory depression, leading to respiratory acidosis and hypoxemia.

C: Cocaine is a stimulant and can cause hyperventilation, leading to respiratory alkalosis, not acidosis.

D: Ethylene glycol poisoning typically leads to a high anion gap metabolic acidosis, not respiratory acidosis.

E: Heroin, an opioid, can cause significant respiratory depression, leading to respiratory acidosis and hypoxemia.

Considering the patient's presentation with respiratory acidosis and hypoxemia, and the history of polysubstance abuse, the most likely etiology is an opioid overdose, such as heroin. Therefore, the answer is (E) Heroin.",,,0.0,0.0,"What is the most likely etiology of this patient's current presentation, given the arterial blood gas results?
What condition is associated with the given arterial blood gas results and the patient's history of polysubstance abuse?
Which substance among the options provided is most likely to cause the given arterial blood gas results and be associated with the patient's presentation and history?"
"A 3-year-old girl is brought to the emergency department by her parents for an acute arm injury. The mother reports that they were walking in the park and the patient’s dad was swinging the patient in the air by her arms. The dad reports he then heard a click and the patient immediately began to cry. On examination, the patient is holding her right forearm in a pronated position and her elbow slightly flexed. Pain is localized to the lateral aspect of the elbow. She refuses to use the affected limb. She does allow passive flexion and extension with full range of motion but supination is limited and causes pain. Which of the following is the next step in management?

Options:
A: Immobilization
B: Moderate flexion then hyperpronation
C: Open reduction
D: Radiograph
E: Supination then maximal extension",B,B,True,"The patient is a 3-year-old girl who has sustained an acute arm injury while being swung by her arms. The history provided suggests a possible fracture or dislocation, especially given the ""click"" sound heard by the father and the immediate onset of pain. The examination findings are consistent with a specific injury pattern: the patient is holding her forearm in pronation and there is pain on the lateral aspect of the elbow, with limited supination. This presentation is suggestive of a nursemaid's elbow, which is a subluxation of the radial head.

The typical management for a nursemaid's elbow involves gentle manipulation to reduce the subluxation. The correct technique is to apply moderate flexion to the arm and then hyperpronate the forearm (turning it inward and downward) to pop the radial head back into its socket. Immobilization (A) is not typically required as this is a non-displaced subluxation. Open reduction (C) would be indicated for a displaced fracture or a dislocation that cannot be reduced by manual methods. Radiograph (D) is usually not necessary for typical nursemaid's elbow unless there is concern for a fracture or the reduction is not easily achieved. Supination then maximal extension (E) is not the correct technique for reducing a nursemaid's elbow and could potentially worsen the subluxation.

Therefore, the answer is (B) Moderate flexion then hyperpronation.",,,0.0,0.0,"What is the likely diagnosis for this patient's condition?
What are the typical clinical features associated with this diagnosis?
What is the recommended initial management for this condition?"
