question,correct_answer_letter,model_answer,naive_rag_is_correct,model_full_response,rag_context_used,rag_context_filenames,max_score,mean_score
"A 39-year-old woman is brought to the emergency department because of fevers, chills, and left lower quadrant pain. Her temperature is 39.1°C (102.3°F), pulse is 126/min, respirations are 28/min, and blood pressure is 80/50 mm Hg. There is blood oozing around the site of a peripheral intravenous line. Pelvic examination shows mucopurulent discharge from the cervical os and left adnexal tenderness. Laboratory studies show:
Platelet count 14,200/mm3
Fibrinogen 83 mg/mL (N = 200–430 mg/dL)
D-dimer 965 ng/mL (N < 500 ng/mL)
When phenol is applied to a sample of the patient's blood at 90°C, a phosphorylated N-acetylglucosamine dimer with 6 fatty acids attached to a polysaccharide side chain is identified. A blood culture is most likely to show which of the following?""

Options:
A: Coagulase-positive, gram-positive cocci forming mauve-colored colonies on methicillin-containing agar
B: Encapsulated, gram-negative coccobacilli forming grey-colored colonies on charcoal blood agar
C: Spore-forming, gram-positive bacilli forming yellow colonies on casein agar
D: Lactose-fermenting, gram-negative rods forming pink colonies on MacConkey agar
E: Gamma-hemolytic, gram-positive cocci forming green colonies on vancomycin agar",D,D,True,"The patient presents with fevers, chills, left lower quadrant pain, hypotension, and signs of disseminated intravascular coagulation (DIC), as evidenced by the low platelet count, low fibrinogen, and high D-dimer levels. The presence of mucopurulent discharge from the cervical os and left adnexal tenderness suggests a pelvic infection, which could be a tubo-ovarian abscess or pelvic inflammatory disease (PID).

The identification of a phosphorylated N-acetylglucosamine dimer with 6 fatty acids attached to a polysaccharide side chain after applying phenol to the patient's blood indicates the presence of lipopolysaccharide (LPS), which is a component of the outer membrane of gram-negative bacteria. This finding suggests that the causative organism is likely a gram-negative bacterium.

Now, let's analyze the options:

A: Coagulase-positive, gram-positive cocci forming mauve-colored colonies on methicillin-containing agar - This describes Staphylococcus aureus, which is gram-positive and would not have LPS in its cell wall.

B: Encapsulated, gram-negative coccobacilli forming grey-colored colonies on charcoal blood agar - This could describe Haemophilus influenzae or Neisseria meningitidis, which are encapsulated gram-negative bacteria. However, these organisms are not typically associated with pelvic infections.

C: Spore-forming, gram-positive bacilli forming yellow colonies on casein agar - This describes organisms like Clostridium, which is gram-positive and would not have LPS in its cell wall.

D: Lactose-fermenting, gram-negative rods forming pink colonies on MacConkey agar - This describes Escherichia coli, a common cause of urinary tract infections and pelvic infections, which is gram-negative and would have LPS in its cell wall.

E: Gamma-hemolytic, gram-positive cocci forming green colonies on vancomycin agar - This describes Streptococcus pneumoniae, which is gram-positive and would not have LPS in its cell wall.

Given the information provided and the likely association with a pelvic infection, the most likely organism is a lactose-fermenting, gram-negative rod, which is consistent with Escherichia coli. Therefore, the answer is (D) Lactose-fermenting, gram-negative rods forming pink colonies on MacConkey agar.",,,0.0,0.0
"A 39-year-old man presents to the emergency department because of progressively worsening chest pain and nausea that started at a local bar 30 minutes prior. The pain radiates to the epigastric area. He has a 5-year history of untreated hypertension. He has smoked 1 pack of cigarettes daily for the past 5 years and started abusing cocaine 2 weeks before his emergency room visit. The patient is diaphoretic and in marked distress. What should be the first step in management?

Options:
A: Diltiazem
B: Labetalol
C: Nitroglycerin
D: Propranolol
E: Reassurance and continuous monitoring",E,C,False,"The patient presents with chest pain, which is a concerning symptom that could indicate a myocardial infarction (MI), especially given the presence of risk factors such as hypertension, smoking, and cocaine use. The pain radiating to the epigastric area and associated nausea are also consistent with an MI. The patient's diaphoresis and distress further support this possibility.

Given the clinical presentation and the urgency of the situation, the first step in management should be to address the potential MI. The administration of nitroglycerin can help alleviate chest pain by dilating the coronary arteries and improving blood flow to the heart muscle. This is a common initial treatment for suspected acute coronary syndrome (ACS) and MI.

Beta-blockers like propranolol (option D) are generally avoided in the acute setting of an MI because they can potentially worsen coronary artery spasm and decrease cardiac output.

Calcium channel blockers like diltiazem (option A) and labetalol (option B) are not the first-line treatment for an acute MI.

Reassurance and continuous monitoring (option E) are important, but they are not sufficient as the initial step in management when a patient presents with signs and symptoms suggestive of an MI.

Therefore, the answer is (C) Nitroglycerin.","A 40 year-old male arrives to the emergency department via EMS with substernal chest pain that has lasted for three days without any relief. He denies shortness of breath, radiation, nausea/vomiting, diaphoresis, or palpitations. He has no past medical history, does not smoke, but states his father died of a myocardial infarction at the age of 70, which is why this chest pain concerned him. He runs four times a week without any difficulty, but has had some increased stress at his workplace. Your evaluation in the emergency department shows an ECG with normal sinus rhythm without any other abnormalities and cardiac troponin testing was negative both at arrival and at three hours after arrival. You go to speak to your patient about objective/provocative testing. What will your conversation be?
---
You are seeing a patient who has returned to the emergency department (ED) with recurrent chest pain. It is their fourth visit in the last twelve months. He has had his chest pain for approximately three to four hours now and is not classic for ischemic symptomatology. His initial high-sensitivity (hs) troponin is negative, and his ECG is unremarkable. In reviewing his records, you note that he has undergone significant cardiac testing in the recent past, which was unremarkable. This included a normal exercise stress test and CCTA 18 months ago. You also note that he has an underlying anxiety disorder, which is being treated and followed by his family physician.
---
A 75-year-old female with a past medical history of hypertension and non-insulin dependent diabetes presents with chest pain. She describes the pain as sharp, stabbing, and exacerbated with deep inspiration. She reports associated shortness of breath. She denies syncope, nausea, and diaphoresis. The pain has been present for one week, and is nearly constant. She reports that she traveled to Florida to visit her grandchildren three weeks ago. She has no fever, chills, cough, or sputum production. She is complaining of ongoing chest pain, 5/10, increased to 7/10 when asked to breathe deeply for the exam.  
On examination, she is hemodynamically stable, lungs are clear and the heart is regular without murmurs. Her skin is warm and dry and she is generally well appearing. The EKG shows sinus rhythm with a rate of 80bpm.
---
A 53 year-old man presents with left sided chest pain that started 90 minutes ago. The pain radiates to his left arm and he has nausea without vomiting. The pain began while he was doing yard work and he has never had pain like this before. His initial ECG is unremarkable.
---
A 68-year-old man with a history of hypertension and dyslipidemia develops chest pain while grocery shopping. Emergency medical services are called, arrive quickly and find a man with 7/10 chest pain. His vitals are: heart rate of 72 beats per minute, blood pressure of 150/90, respiratory rate of 14 breaths per minute and oxygen saturation of 93%. The ECG shows an inferior ST-Elevated Myocardial Infarction (STEMI). They give him 180mg of ASA to chew and package him for transportation to the hospital. While preparing to depart, they wonder if they should provide him with supplemental oxygen?",sgem-151.md | sgem-337.md | sgem-163.md | sgem-128.md | sgem-192.md,0.7335482137700071,0.7171232750186327
"A 65-year-old man is brought to the emergency department 30 minutes after the onset of acute chest pain. He has hypertension and asthma. Current medications include atorvastatin, lisinopril, and an albuterol inhaler. He appears pale and diaphoretic. His pulse is 114/min and blood pressure is 130/88 mm Hg. An ECG shows ST-segment depressions in leads II, III, and aVF. Laboratory studies show an increased serum troponin T concentration. The patient is treated for acute coronary syndrome and undergoes percutaneous transluminal coronary angioplasty. At the time of discharge, echocardiography shows a left ventricular ejection fraction of 58%. In addition to aspirin, which of the following drugs should be added to this patient's medication regimen?

Options:
A: Nifedipine
B: Enoxaparin
C: Clopidogrel
D: Spironolactone
E: Propranolol
""",C,C,True,"The patient in question is a 65-year-old man who presented with acute chest pain, has a history of hypertension and asthma, and is currently on atorvastatin, lisinopril, and an albuterol inhaler. His ECG shows ST-segment depressions in leads II, III, and aVF, and he has an increased serum troponin T concentration, indicating an acute coronary syndrome (ACS) which was treated with percutaneous transluminal coronary angioplasty (PTCA). His left ventricular ejection fraction (LVEF) is 58% upon discharge.

Given this information, we need to decide which medication to add to his regimen, in addition to aspirin, which is standard for ACS management.

Option A: Nifedipine is a calcium channel blocker that is generally used for hypertension and angina, but it is not typically used in the setting of ACS post-PTCA unless there is a specific indication such as ongoing angina or hypertension not controlled by other medications.

Option B: Enoxaparin is a low molecular weight heparin used for anticoagulation in ACS. It is often used in conjunction with aspirin and antiplatelet therapy post-PTCA to prevent further thrombotic events.

Option C: Clopidogrel is an antiplatelet agent that is typically added to aspirin in patients with ACS who have undergone PTCA to prevent platelet aggregation and thrombosis.

Option D: Spironolactone is an aldosterone antagonist used for heart failure and hypertension, but it is not typically used in the immediate post-ACS management phase.

Option E: Propranolol is a beta-blocker that can be used in ACS management, but it is not typically added immediately post-PTCA unless there are specific indications such as tachycardia not controlled by other means or a previous indication for beta-blocker therapy.

Given that the patient has just undergone PTCA for ACS, the standard of care would be to provide dual antiplatelet therapy (DAPT) to prevent thrombotic complications. This typically includes aspirin and a P2Y12 inhibitor, such as clopidogrel. Enoxaparin could also be considered for anticoagulation, but the question specifically asks for an addition to the medication regimen in conjunction with aspirin.

Therefore, the answer is (C) Clopidogrel.","A 62-year-old male with a past medical history of heart failure with reduced ejection fraction presents to your emergency department (ED) via ambulance for palpitations and shortness of breath that started earlier that day. He arrives with an irregular heart rate of 142 beats per minute (bpm). The remainder of his vital signs are unremarkable. On physical exam, you notice three plus pitting edema of both lower extremities and bibasilar rales when auscultating his lungs. He takes multiple medications at home, including a beta-blocker, an angiotensin converting enzyme inhibitor (ACEi), and a loop diuretic. You order an ECG and confirm the patient has atrial fibrillation (AF) with rapid ventricular response (RVR). The patient is very symptomatic, and you need to decide which pharmacologic agent you will use to treat his current condition.
---
A 68-year-old man with a history of hypertension and dyslipidemia develops chest pain while grocery shopping. Emergency medical services are called, arrive quickly and find a man with 7/10 chest pain. His vitals are: heart rate of 72 beats per minute, blood pressure of 150/90, respiratory rate of 14 breaths per minute and oxygen saturation of 93%. The ECG shows an inferior ST-Elevated Myocardial Infarction (STEMI). They give him 180mg of ASA to chew and package him for transportation to the hospital. While preparing to depart, they wonder if they should provide him with supplemental oxygen?
---
You are an advanced care paramedic dispatched to the scene of a 53-year-old female with chest pain. She developed retrosternal chest discomfort shortly after she came in from using her snowblower. You provide her with two tablets of ASA to chew while your partner acquires an ECG, which ultimately shows clear ST elevation in the inferior leads and some ST changes in V1-V2 that make you wonder if your patient is having an acute myocardial infarction (MI) with right-sided ventricular involvement (RVI). Your patient rates their pain as an 8/10 and looks visibly uncomfortable. Do you give nitroglycerin?
---
A 55-year-old male presents to the emergency department with sudden onset of palpitations and pre-syncope starting one hour ago. He has no chest pain or shortness of breath and aside from a heart rate of 140 beats per minute, the rest of his vital signs appear within normal limits. His past medical history is significant for hypertension for which he takes perindopril. His ECG shows atrial fibrillation with a rapid ventricular response.",sgem-388.md | sgem-192.md | sgem-428.md | sgem-267.md,0.7514587488523783,0.7347138849643411
"A 59-year-old overweight woman presents to the urgent care clinic with the complaint of severe abdominal pain for the past 2 hours. She also complains of a dull pain in her back with nausea and vomiting several times. Her pain has no relation with food. Her past medical history is significant for recurrent abdominal pain due to cholelithiasis. Her father died at the age of 60 with some form of abdominal cancer. Her temperature is 37°C (98.6°F), respirations are 15/min, pulse is 67/min, and blood pressure is 122/98 mm Hg. Physical exam is unremarkable. However, a CT scan of the abdomen shows a calcified mass near her gallbladder. Which of the following diagnoses should be excluded first in this patient?

Options:
A: Acute cholecystitis
B: Gallbladder cancer
C: Choledocholithiasis
D: Pancreatitis
E: Duodenal peptic ulcer",B,B,True,"The patient is a 59-year-old overweight woman presenting with severe abdominal pain without relation to food, back pain, nausea, and vomiting. Her past medical history includes recurrent abdominal pain due to cholelithiasis. The presence of a calcified mass near her gallbladder on a CT scan is a significant finding.

Let's evaluate the options:

A: Acute cholecystitis typically presents with right upper quadrant pain, fever, and a positive Murphy's sign. The pain is often related to food intake. The absence of fever and a normal physical exam makes acute cholecystitis less likely.

B: Gallbladder cancer can present with abdominal pain, weight loss, and jaundice. The presence of a calcified mass near the gallbladder raises the suspicion for gallbladder cancer, especially given the patient's history of cholelithiasis, which is a risk factor for gallbladder cancer.

C: Choledocholithiasis refers to the presence of gallstones in the common bile duct. It can cause abdominal pain, jaundice, and pancreatitis. However, the CT scan does not indicate any stones in the common bile duct, and the patient's symptoms are not typical for choledocholithiasis.

D: Pancreatitis typically presents with epigastric pain that may radiate to the back, nausea, and vomiting. The pain is often related to food intake. Although the patient has epigastric pain, the CT scan does not indicate pancreatitis, and the presence of a calcified mass near the gallbladder is not characteristic of pancreatitis.

E: Duodenal peptic ulcer can cause epigastric pain, but it is not typically associated with a calcified mass near the gallbladder.

Given the presence of a calcified mass near the gallbladder and the patient's history of cholelithiasis, gallbladder cancer should be excluded first. Therefore, the answer is (B) Gallbladder cancer.","A 34-year-old male presents to the emergency department with burning epigastric pain after eating two hours ago. He says he gets this from time to time but this is the worst it has ever been. He denies chest pain, shortness of breath, fever, and vomiting. His vital signs are within normal limits and his abdominal exam reveals mild epigastric and left upper quadrant tenderness with no peritonitis.",sgem-302.md,0.7127279024132922,0.7127279024132922
"A 29-year-old man presents to the emergency department due to central chest pain over the past 3 days which is constant and unrelated to exertion. The pain is sharp, severe, increases when lying down, and improves with leaning forward. The pain also radiates to his shoulders and neck. The patient has no past medical history. He has smoked 10 cigarettes per day for the past 7 years and occasionally drinks alcohol. He presents with vital signs: blood pressure 110/70 mm Hg, regular radial pulse of 95/min, and temperature 37.3°C (99.1°F). On physical exam, a scratching sound of to-and-from character is audible over the left sternal border at end-expiration with the patient leaning forward. His chest X-ray is normal and ECG is shown in the picture. Which of the following is the optimal therapy for this patient?

Options:
A: Indomethacin +/- omeprazole
B: Ibuprofen + colchicine +/- omeprazole
C: Prednisone + colchicine
D: Pericardiocentesis
E: Pericardiectomy",B,B,True,"The patient's presentation of central chest pain that is sharp, severe, increases when lying down, and improves with leaning forward, along with the presence of a pericardial friction rub heard on auscultation, is suggestive of acute pericarditis. The pain radiating to the shoulders and neck also supports this diagnosis. The fact that the pain is unrelated to exertion and the patient's young age make ischemic heart disease less likely, although it cannot be completely ruled out. The normal chest X-ray further supports the diagnosis of pericarditis, as does the ECG, which is likely to show diffuse ST elevations or PR depressions, although the actual ECG image is not provided in the question.

The optimal therapy for acute pericarditis typically includes nonsteroidal anti-inflammatory drugs (NSAIDs) to relieve pain and reduce inflammation. Colchicine has been shown to decrease the risk of recurrent pericarditis and is often added to the NSAID therapy. Omeprazole may be used to manage any associated gastrointestinal symptoms. Prednisone is generally reserved for patients who cannot tolerate NSAIDs or in whom NSAIDs are contraindicated. Pericardiocentesis is indicated in cases of cardiac tamponade or large pericardial effusions causing hemodynamic compromise, which does not seem to be the case here. Pericardiectomy is a more invasive procedure typically reserved for constrictive pericarditis or recurrent pericarditis not responding to medical therapy.

Given the information provided and standard treatment guidelines for acute pericarditis, the best treatment option for this patient would be NSAIDs (such as ibuprofen) along with colchicine, possibly with an additional medication like omeprazole to manage potential NSAID-related gastrointestinal side effects.

Therefore, the answer is (B) Ibuprofen + colchicine +/- omeprazole.","A 33-year-old woman presents to the emergency department with sharp retrosternal chest pain which is pleuritic in nature. Well’s low and PERC negative. ECG consistent with acute pericarditis. Other lab investigations normal.
---
A 53 year-old man presents with left sided chest pain that started 90 minutes ago. The pain radiates to his left arm and he has nausea without vomiting. The pain began while he was doing yard work and he has never had pain like this before. His initial ECG is unremarkable.
---
43-year-old woman comes in complaining of chest pain for about an hour. The chest pain was at rest with no radiation of the pain. She takes no medications and medical history includes two c-sections. She is Well’s Criteria low and PERC Rule negative. Physical examination and ECG are non-diagnostic.
---
A 75-year-old female with a past medical history of hypertension and non-insulin dependent diabetes presents with chest pain. She describes the pain as sharp, stabbing, and exacerbated with deep inspiration. She reports associated shortness of breath. She denies syncope, nausea, and diaphoresis. The pain has been present for one week, and is nearly constant. She reports that she traveled to Florida to visit her grandchildren three weeks ago. She has no fever, chills, cough, or sputum production. She is complaining of ongoing chest pain, 5/10, increased to 7/10 when asked to breathe deeply for the exam.  
On examination, she is hemodynamically stable, lungs are clear and the heart is regular without murmurs. Her skin is warm and dry and she is generally well appearing. The EKG shows sinus rhythm with a rate of 80bpm.
---
A 40 year-old male arrives to the emergency department via EMS with substernal chest pain that has lasted for three days without any relief. He denies shortness of breath, radiation, nausea/vomiting, diaphoresis, or palpitations. He has no past medical history, does not smoke, but states his father died of a myocardial infarction at the age of 70, which is why this chest pain concerned him. He runs four times a week without any difficulty, but has had some increased stress at his workplace. Your evaluation in the emergency department shows an ECG with normal sinus rhythm without any other abnormalities and cardiac troponin testing was negative both at arrival and at three hours after arrival. You go to speak to your patient about objective/provocative testing. What will your conversation be?",sgem-86.md | sgem-128.md | sgem-43.md | sgem-163.md | sgem-151.md,0.8033498012250213,0.7560456283079826
"A 46-year-old man is brought to the emergency department for evaluation of altered mental status. He was found on the floor in front of his apartment. He is somnolent but responsive when aroused. His pulse is 64/min, respiratory rate is 15/min, and blood pressure is 120/75 mm Hg. On physical examination, an alcoholic smell and slurred speech are noted. Neurological exam shows diminished deep tendon reflexes bilaterally and an ataxic gait. His pupils are normal. Blood alcohol concentration is 0.04%. An ECG shows no abnormalities. Which of the following is the most likely cause of this patient's symptoms?

Options:
A: Hypoglycemia
B: Cerebral ischemia
C: Ethanol intoxication
D: Cannabis intoxication
E: Benzodiazepine intoxication
""",E,C,False,"The patient presents with altered mental status, somnolence, slurred speech, diminished deep tendon reflexes, and ataxic gait. The presence of an alcoholic smell and the history of found on the floor suggest that alcohol may be involved. The blood alcohol concentration is 0.04%, which is above the legal intoxication level in many jurisdictions and consistent with the clinical presentation of alcohol intoxication. The patient's symptoms are not consistent with hypoglycemia, which typically presents with tremors, sweating, and a rapid heartbeat. Cerebral ischemia would likely present with focal neurological deficits and not a global presentation like ataxia and diminished reflexes. Cannabis intoxication usually presents with euphoria, increased appetite, and dry mouth, not typically causing ataxia or a decreased level of consciousness. Benzodiazepine intoxication could present similarly to alcohol intoxication, but given the empty bottle of vodka and the history of multiple visits with similar presentations, alcohol intoxication is more likely.

Therefore, the answer is (C) Ethanol intoxication.","A 45-year-old male with no fixed address is found by a bystander with decreased level of consciousness (LOC) on the street. Emergency Medical Services (EMS) is called, and the patient is brought to the emergency department (ED). An empty bottle of vodka is found on the patient, and the decreased LOC is suspected to be due to alcohol intoxication. It is the patient’s fifth visit to the ED in the last two weeks with a similar presentation. The patient is observed over many hours, their LOC improves, and they are discharged after demonstrating that they can ambulate safely.",sgem-313.md,0.780288773740649,0.780288773740649
"A 6-year-old boy is brought to the emergency department by his mother for worsening wheezing and shortness of breath over the past day. He has not had a fever, cough, vomiting, or diarrhea. He has asthma and eczema. He uses a glucocorticoid inhaler and an albuterol inhaler but has missed his medications for the past week while on vacation. He appears uncomfortable. His temperature is 36°C (96.8°F), pulse is 120/min, respirations are 40/min, and blood pressure is 100/80. Expiratory and inspiratory wheezing is heard throughout both lung fields. There are moderate intercostal and subcostal retractions and a decreased inspiratory to expiratory ratio. Nebulized albuterol and ipratropium treatments and intravenous methylprednisolone are given in the emergency department for a presumed asthma exacerbation. One hour later, the child is limp and lethargic. Magnesium sulfate is administered. His temperature is 36°C (96.8°F), pulse is 150/min, respirations are 22/min, and blood pressure is 100/70. No wheezing is heard on repeat pulmonary examination. Which of the following is the most appropriate next step in management?

Options:
A: Intubate with mechanical ventilation
B: Perform needle thoracostomy at the 2nd intercostal space
C: Perform bronchoscopy
D: Provide helium and oxygen mixture
E: Provide additional dose of methylprednisolone",A,A,True,"The patient is a 6-year-old boy with a history of asthma and eczema, presenting with worsening wheezing and shortness of breath. He has missed his asthma medications for a week. On examination, he has signs of respiratory distress with wheezing, retractions, and a decreased inspiratory to expiratory ratio. He was treated with nebulized albuterol and ipratropium and received intravenous methylprednisolone. After one hour, his condition worsened, and he became lethargic and limp, with no wheezing on repeat examination. His vital signs show tachycardia and tachypnea with a decreased blood pressure.

The absence of wheezing on the repeat examination and the patient's deteriorating clinical status suggest that he is not responding to initial treatment and may be experiencing severe asthma exacerbation with possible impending respiratory failure. The most appropriate next step in management should aim at securing the airway and providing respiratory support.

Option A (Intubate with mechanical ventilation) is a reasonable choice given the patient's deterioration and the need for advanced respiratory support. Option B (Perform needle thoracostomy at the 2nd intercostal space) is indicated if there is a suspicion of pneumothorax, which is not suggested by the history or examination findings. Option C (Perform bronchoscopy) is not immediately indicated and is typically used for diagnostic purposes or to remove foreign bodies. Option D (Provide helium and oxygen mixture) may be used in certain cases of asthma exacerbation, but it is not the primary intervention for a patient in acute respiratory failure. Option E (Provide additional dose of methylprednisolone) may be considered in the context of an asthma exacerbation, but the patient's immediate need is for respiratory support, not additional steroids.

Therefore, the answer is (A) Intubate with mechanical ventilation.","A four-year-old girl with a known history of asthma presents to your emergency department (ED) after a one-day history of runny nose and cough. Her usual triggers are upper respiratory infections and cats. You don the appropriate personal protective equipment (PPE) wondering if this is COVID. On initial exam she has minimal air entry, has biphasic wheeze, is saturating 92% on room air and has suprasternal retractions. You give her an initial Pediatric Respiratory Assessment Measure (PRAM) score of 8 – and consider her to be having a “*severe*” exacerbation. You give her a dose of oral dexamethasone and start three back-to-back treatments of albuterol and ipatroprium bromide. After one hour she is still working hard to breathe and her PRAM has improved somewhat but is still 6 denoting “*moderate*” asthma. You wonder whether magnesium is indicated now and rather than starting an IV to give it that way, you could just nebulize a dose instead.
---
A 7-year-old female with asthma presents to the emergency department (ED) with difficulty breathing in the setting of 1-2 days of cough and runny nose. She reports that her albuterol helped her feel better yesterday, but it is providing no relief today. On exam, she has diffuse expiratory wheezing but good aeration to bilateral lung bases with a respiratory rate of 22. She has some intercostal retractions. SpO2 97% on room air. She can speak in full sentences. You diagnose her with a mild asthma exacerbation and begin treating her with albuterol/ipratropium and a dose of dexamethasone. After you explain the plan to the family, her mother says to you, “last time she was here, we got another dose of that steroid medication to take the next day. Do you think she needs it? She doesn’t like taking it, and it makes it hard for her to get to sleep.”
---
A 14-month-old boy presents to the emergency department (ED) with two days of upper respiratory symptoms and respiratory distress. He has a cough, fever of 38.5°C, runny nose, and increased work of breathing that started today. He is breathing at a rate of 48 breaths per minute with intercostal retractions and oxygen saturation of 88%. His lung exam reveals bilateral wheezing, rhonchi but no focal findings. He is drinking well, and parents report normal urine output. He is suctioned and given a trial of Beta agonist because he has a history of eczema and a sibling with asthma with no change. Despite your interventions, he continues to breathe rapidly with an oxygen saturation of 89% on room air. You are working with an eager medical student, and she asks, ""Should we start high flow nasal cannula (HFNC) at 2L/kg/min and admit the patient?""
---
Tom is a 4-year-old boy who comes into the emergency department with a wheeze following a viral illness. He has been taking salbutamol at home today but he’s still not improving. He has mild work of breathing and a bilateral wheeze. His oxygen saturation is 94% on room air. Tom has no other previous medical history. You start to write up the salbutamol, but should you give him a dose of prednisolone too?
---
A four-year-old male who is a known asthmatic presents to the emergency department with an asthma exacerbation. He has been sick with an upper respiratory infection for the last two days. He is getting worse despite his mother giving albuterol every four hours. You order three treatments with albuterol and atrovent and you ask the medical student who is with you, which would be the best steroid to give to this patient by mouth and why?
---
25-year-old smoker is seen in the emergency department for acute respiratory distress. He has a diagnosis of asthma and is an occasional user of salbutamol. He has about two asthma exacerbations/year, one previous hospital admission and no intensive care unit admissions. You are preparing to discharge him home and wonder if inhaled steroids would benefit the systemic steroids you are prescribing.
---
Aggressive continuous ventolin and ipratropium bromide for the first 1 hour is crucial to prevent the asthma exacerbation from worsening.  
Ipratropium takes at least 1 hour to work, and the steroids kick in at 2-6 hours. By 90-120 mins children should have declared their degree of responsiveness to treatment.  
To avoid unnecessary hospitalizations, we recommend observing patients who do not otherwise decline for a total of 3 to 4 hours prior to the decision to admit.  
After initiating therapy, a more comprehensive history should include questions about asthma triggers, such as URIs, cigarette smoke, allergies, and exercise.  
A child with persistent asthma marked by frequent symptoms should receive daily anti-inflammatory therapy; those older than 5 years should monitor symptoms with a peak flow meter. Family and social histories should focus on asthma, cystic fibrosis, or atopic disease and on the adequacy of support systems at home.  
Ideally, they get thorough follow-up and asthma education!
---
“An infant younger than 12 months has an oxygen consumption index double that of an adult. An infant with bronchospasm due to asthma or bronchiolitis may rapidly develop hypoxemia, bradycardia, and cardiopulmonary arrest.  
- No single asthma score has been universally adopted to assess the degree of illness or treatment responses. However, most asthma scores include some combination of respiratory rate, degree of wheezing, inspiratory-to-expiratory ratio, use of accessory muscles, and oxygen saturation.
- It should not be a routine practice to obtain a chest x-ray for wheezing children, even for those who are febrile, wheezing for the first time, or require hospitalization. Chest x-rays are indicated for those with a history of choking, focal chest findings, extreme distress, or subcutaneous emphysema.
---
A 3-year-old boy arrives at the emergency department (ED) with a high fever, rapid breathing, and lethargy. His parents state that he has had a fever and cough for the past three days. He tested positive for influenza two days ago but seems to be getting worse. On exam, he has crackles in his right lung field. His pulse oximeter reads 88% on room air. His heart rate is elevated. He looks sleepy but is clinging to his parents. A medical trainee you are working with asks, *“He looks really sick. Is this pneumonia or could this be sepsis?”*
---
A 21-year-old with asthma since he was five years old and a prior intubation when he was eight presents to your emergency department with wheezing that is improved with two short (5 mg Albuterol) nebulizer treatments + Prednisone. He is eagerly awaiting discharge home when you note that he has had 15 visits to your emergency department for asthma exacerbations over the last 12 months. You ask him if he is following up with his primary care provider and filling the asthma medication prescriptions that he receives at each emergency department visit. He notes that he has no primary care provider with whom to follow-up, no money to pay for prescriptions, and no transportation to get to either a doctor’s office or the pharmacy. You wonder if anything can be done from the emergency department to keep this patient at home with minimal asthma symptoms for a prolonged period while facing these social and financial barriers.",sgem-327.md | sgem-375.md | sgem-401.md | sgem-206.md | sgem-194.md | sgem-103.md | cc-169.md | cc-169.md | sgem-463.md | sgem-142.md,0.82621881820429,0.7497902425745426
"A 3-year-old boy presents to the emergency department with a ‘cough-like-a-seal bark’ and a high-pitched inspiratory noise that is audible without a stethoscope. His mother reports that his cough has worsened over the last few hours. The patient's blood pressure is 118/78 mm Hg, pulse is 90/min, respiratory rate is 35/min, and temperature is 38.3°C (101.1°F). On physical examination, the boy is sitting and leaning forward in apparent respiratory distress with suprasternal and intercostal retractions. Auscultation reveals inspiratory stridor without wheezing. He has a frequent barking cough and a hoarse voice when he speaks. What is a chest X-ray likely to show?

Options:
A: Diffuse streaky infiltrates
B: Increased interstitial markings
C: Lobar consolidation in the lingual
D: Thumbprint sign on the lateral image
E: Steeple sign",E,E,True,"The patient is a 3-year-old boy presenting with a 'cough-like-a-seal bark', high-pitched inspiratory noise audible without a stethoscope, and inspiratory stridor. These symptoms are characteristic of croup, which is a common respiratory illness in children caused by viral infection. The presence of a barking cough, stridor, and hoarse voice are classic findings for croup. The patient's respiratory distress and the fact that the symptoms have worsened over the last few hours are also consistent with this diagnosis.

Croup typically does not cause wheezing, and the absence of wheezing on auscultation helps to differentiate it from other pediatric respiratory conditions such as asthma or bronchiolitis. The patient's vital signs show a mildly elevated temperature, which is common in viral infections.

The classic radiographic finding in croup is the ""steeple sign,"" which is the narrowing of the subglottic airway seen on a frontal chest X-ray. This finding is due to the swelling of the subglottic region of the trachea, which is characteristic of croup.

Let's evaluate the options:
A: Diffuse streaky infiltrates - This finding is more typical of viral pneumonia or bronchiolitis, not croup.
B: Increased interstitial markings - This can be seen in interstitial lung diseases or viral infections, but it is not specific for croup.
C: Lobar consolidation in the lingual - This would suggest pneumonia, specifically lobar pneumonia, which is not consistent with croup.
D: Thumbprint sign on the lateral image - This is associated with epiglottitis, which is a different condition and presents with high fever, drooling, and a toxic appearance.
E: Steeple sign - This is the classic radiographic finding in croup.

Given the clinical presentation and the characteristic findings associated with croup, the chest X-ray is likely to show the steeple sign. Therefore, the answer is (E) Steeple sign.","A 6-week-old boy is brought by his family to the emergency department for fever. He was found to have a temperature of 38.4C at home this evening. His parents tell you that he has been congested for the past few days and his cough seems to have worsened. They have been using a bulb suction device at home to help him breathe better, and he is still tolerating breastmilk and formula. There is a school-age sibling at home with cough and congestion as well which she has successfully passed on to the rest of the family. On your physical exam, you note that he has clear nasal secretions, normal oxygen saturation, and appears well. His parents ask you, “He’s so little. Do you think he has pneumonia? His sister had pneumonia in the past and got a chest x-ray. Does he need a chest x-ray as well?”
---
A 14-month-old boy presents to the emergency department (ED) with two days of upper respiratory symptoms and respiratory distress. He has a cough, fever of 38.5°C, runny nose, and increased work of breathing that started today. He is breathing at a rate of 48 breaths per minute with intercostal retractions and oxygen saturation of 88%. His lung exam reveals bilateral wheezing, rhonchi but no focal findings. He is drinking well, and parents report normal urine output. He is suctioned and given a trial of Beta agonist because he has a history of eczema and a sibling with asthma with no change. Despite your interventions, he continues to breathe rapidly with an oxygen saturation of 89% on room air. You are working with an eager medical student, and she asks, ""Should we start high flow nasal cannula (HFNC) at 2L/kg/min and admit the patient?""
---
A 3-year-old boy arrives at the emergency department (ED) with a high fever, rapid breathing, and lethargy. His parents state that he has had a fever and cough for the past three days. He tested positive for influenza two days ago but seems to be getting worse. On exam, he has crackles in his right lung field. His pulse oximeter reads 88% on room air. His heart rate is elevated. He looks sleepy but is clinging to his parents. A medical trainee you are working with asks, *“He looks really sick. Is this pneumonia or could this be sepsis?”*
---
Five-year-old boy presents to the emergency department with a 2-day history of rhinorrhea and congestion. He has been coughing, and it is especially bad at night. Mild fever is reported at home. He is eating and drinking well. On examination, he looks well, is in no apparent distress, and vital signs are all normal. Chest exam reveals no focal crackles or wheeze. You diagnose him with an upper respiratory tract infection (URI) ""cold"".
---
Tom is a 4-year-old boy who comes into the emergency department with a wheeze following a viral illness. He has been taking salbutamol at home today but he’s still not improving. He has mild work of breathing and a bilateral wheeze. His oxygen saturation is 94% on room air. Tom has no other previous medical history. You start to write up the salbutamol, but should you give him a dose of prednisolone too?",sgem-446.md | sgem-401.md | sgem-463.md | sgem-26.md | sgem-206.md,0.758909616246104,0.7343730528834744
"A 4-year-old previously healthy boy presents with 4 days of intermittent vomiting and 5-6 daily loose stools. His mother noted bloody stools and decreased oral intake of food and water over the last 24 hours. He is normally in daycare; however, he has been home for the past 3 days. On physical exam his temperature is 102.2°F (39°C), blood pressure is 140/90 mmHg, pulse is 120/min, respirations are 22/min and O2 saturation is 99% on room air. He has dry mucous membranes. On abdominal exam you note diffuse tenderness to palpation without rebound or guarding. There are no masses, hepatosplenomegaly, and bowel sounds are hyperactive. Ultrasound of the right lower quadrant is negative for appendicitis. Stool is guaiac positive. He receives 15mg/kg acetaminophen and fluids are started. The next day, he complains of lower extremity weakness and tingling. On repeat exam, lower extremity strength is 3/5 with diminished patellar deep tendon reflexes. Which of the following lab findings would most likely be seen in this patient?

Options:
A: Gram stain positive CSF
B: Peripheral eosinophilia
C: Xanthochromia on cerebrospinal fluid analysis
D: Increased cerebrospinal fluid protein with normal cell count
E: Oligoclonal bands on cerebrospinal fluid analysis",D,D,True,"The patient presents with symptoms of intermittent vomiting, loose stools with bloody stools, decreased oral intake, high fever, and signs of dehydration (dry mucous membranes). The presence of bloody stools and a positive guaiac test suggests gastrointestinal bleeding. The initial presentation could be consistent with a gastrointestinal infection, such as bacterial enteritis or viral gastroenteritis. However, the development of lower extremity weakness and tingling, along with diminished patellar deep tendon reflexes, indicates a neurological complication.

Given the clinical context, one possible diagnosis is Guillain-Barré syndrome (GBS), which is an acute inflammatory demyelinating polyradiculoneuropathy that often follows an infection. GBS can present with ascending weakness and areflexia (absent reflexes), which fits the description of the patient's symptoms.

Now let's analyze the answer choices in relation to GBS:

A: Gram stain positive CSF would suggest bacterial meningitis, which is not consistent with the patient's presentation.
B: Peripheral eosinophilia is typically associated with parasitic infections or allergic reactions, not GBS.
C: Xanthochromia on cerebrospinal fluid analysis is associated with subarachnoid hemorrhage, which is not indicated by the patient's symptoms or the negative right lower quadrant ultrasound for appendicitis.
D: Increased cerebrospinal fluid protein with normal cell count is characteristic of GBS, as the condition involves an immune-mediated process that affects the peripheral nerves and leads to albuminocytological dissociation in the CSF.
E: Oligoclonal bands on cerebrospinal fluid analysis are typically associated with multiple sclerosis and other inflammatory conditions of the central nervous system, not GBS.

Based on the patient's presentation and the typical findings in Guillain-Barré syndrome, the most likely lab finding would be increased cerebrospinal fluid protein with a normal cell count. Therefore, the answer is (D) Increased cerebrospinal fluid protein with normal cell count.",,,0.0,0.0
"A 42-year-old woman comes to the emergency department because of a 2-day history of right upper abdominal pain and nausea. She is 163 cm (5 ft 4 in) tall and weighs 91 kg (200 lb); her BMI is 34 kg/m2. Her temperature is 38.5°C (101.3°F). Physical examination shows a distended abdomen and right upper quadrant tenderness with normal bowel sounds. Laboratory studies show:
Leukocyte count 14,000/mm3
Serum
Total bilirubin 1.1 mg/dL
AST 32 U/L
ALT 40 U/L
Alkaline phosphatase 68 U/L
Abdominal ultrasonography is performed, but the results are inconclusive. Cholescintigraphy shows the intrahepatic bile ducts, hepatic ducts, common bile duct, and proximal small bowel. Which of the following is the most likely cause of this patient's symptoms?""

Options:
A: Autodigestion of pancreatic parenchyma
B: Hypomotility of the gallbadder
C: Fistula between the gallbladder and small intestine
D: Infection with a hepatotropic virus
E: Obstruction of the cystic duct",E,C,False,"The patient presents with right upper abdominal pain, nausea, fever, and a distended abdomen. The laboratory studies show an elevated leukocyte count, which indicates an infection or inflammation. The liver function tests (AST, ALT, and alkaline phosphatase) are within normal limits or slightly elevated, which does not point to a specific liver pathology. The inconclusive abdominal ultrasonography and the cholescintigraphy showing the intrahepatic bile ducts, hepatic ducts, common bile duct, and proximal small bowel suggest that there might be an issue with the biliary system or its surrounding structures.

Let's evaluate the options:

A: Autodigestion of pancreatic parenchyma - This would typically present with more severe abdominal pain and often elevated pancreatic enzymes, which are not mentioned here.

B: Hypomotility of the gallbladder - This could cause biliary pain but would not typically result in a distended abdomen or the imaging findings described.

C: Fistula between the gallbladder and small intestine - A fistula could cause abdominal pain and a distended abdomen, and it might be seen on cholescintigraphy. This could be a potential cause of the symptoms.

D: Infection with a hepatotropic virus - This would more likely cause liver function test abnormalities and systemic symptoms, which are not prominent in this case.

E: Obstruction of the cystic duct - This would typically present with gallbladder wall thickening and possibly stones on ultrasonography, which was inconclusive in this case.

Given the information provided and the imaging findings, a fistula between the gallbladder and the small intestine (option C) seems to be the most likely cause of the patient's symptoms. This would explain the distended abdomen, the fever, and the abnormal findings on cholescintigraphy.

Therefore, the answer is (C) Fistula between the gallbladder and small intestine.",,,0.0,0.0
"A 22-year-old woman is brought to the emergency department because of a 2-day history of fever, intermittent rigors, and night sweats. She also has a 1-month history of progressive fatigue. Five weeks ago, she was hospitalized and received intravenous antibiotics for treatment of bacterial meningitis while visiting relatives in Guatemala. Her temperature is 39.4°C (102.9°F), pulse is 130/min, and blood pressure is 105/70 mm Hg. Examination shows pallor and scattered petechiae and ecchymoses. Laboratory studies show a hemoglobin concentration of 9.0 g/dL, a leukocyte count of 1,100/mm3 with 30% segmented neutrophils, and a platelet count of 20,000/mm3 . Blood cultures grow coagulase-negative staphylococci. The patient was most likely treated with which of the following antibiotics?

Options:
A: Doxycycline
B: Trimethoprim/sulfamethoxazole
C: Vancomycin
D: Linezolid
E: Chloramphenicol",E,E,True,"The patient presents with fever, intermittent rigors, night sweats, progressive fatigue, and a history of recent hospitalization and antibiotic treatment for bacterial meningitis. The current symptoms and laboratory findings suggest a possible case of disseminated intravascular coagulation (DIC), as indicated by pallor, petechiae, ecchymoses, low hemoglobin, low leukocyte count, and low platelet count. The growth of coagulase-negative staphylococci in blood cultures could be indicative of a catheter-related bloodstream infection, which is common in patients who have been recently hospitalized and received intravenous antibiotics.

When considering the antibiotics listed, it's important to note that coagulase-negative staphylococci are often resistant to methicillin and thus are typically treated with antibiotics that cover methicillin-resistant Staphylococcus aureus (MRSA). Among the options provided:

A) Doxycycline is a tetracycline antibiotic and is not typically the first choice for treating staphylococcal infections, especially in a hospital-acquired setting.
B) Trimethoprim/sulfamethoxazole is commonly used for urinary tract infections and some types of pneumonia but is not the first-line treatment for staphylococcal infections.
C) Vancomycin is an antibiotic that is effective against MRSA and is often used to treat serious staphylococcal infections, including those caused by coagulase-negative staphylococci.
D) Linezolid is another antibiotic that is effective against MRSA and is used for treating serious infections caused by gram-positive bacteria.
E) Chloramphenicol is not commonly used for staphylococcal infections and has significant side effects, including bone marrow suppression, which could explain the low blood counts.

Given that the patient was most likely treated with an antibiotic that is effective against MRSA and coagulase-negative staphylococci, and considering the potential for causing bone marrow suppression (which could explain the low blood counts), chloramphenicol is a possible culprit. However, vancomycin is also a likely candidate, as it is commonly used for serious staphylococcal infections and could also cause the observed hematological abnormalities.

Without additional information to definitively rule out vancomycin, it is reasonable to consider both antibiotics as potential causes of the patient's current condition. However, since the question asks for the ""most likely"" antibiotic and chloramphenicol is less commonly used and has a known side effect profile that includes bone marrow suppression, which aligns with the patient's symptoms, chloramphenicol might be the most likely cause.

Therefore, the answer is (E) Chloramphenicol.",,,0.0,0.0
"A 27-year-old man presents to the emergency department. He was brought in by staff from the homeless shelter when they found him unresponsive. The patient is a known IV drug abuser but otherwise has an unknown past medical history. He currently attends a methadone clinic. His temperature is 99.5°F (37.5°C), blood pressure is 97/48 mmHg, pulse is 140/min, respirations are 29/min, and oxygen saturation is 98% on room air. Initial laboratory values are shown below.

Serum:
Na+: 139 mEq/L
Cl-: 100 mEq/L
K+: 6.3 mEq/L
HCO3-: 17 mEq/L
Glucose: 589 mg/dL

The patient is given treatment. After treatment, his temperature is 99.5°F (37.5°C), blood pressure is 117/78 mmHg, pulse is 100/min, respirations are 23/min, and oxygen saturation is 98% on room air. His laboratory values are seen below.

Serum:
Na+: 139 mEq/L
Cl-: 100 mEq/L
K+: 4.3 mEq/L
HCO3-: 19 mEq/L
Glucose: 90 mg/dL

Which of the following is the best next step in management?

Options:
A: Insulin, IV fluids, and potassium
B: Insulin, potassium, IV fluids, and glucose
C: IV fluids only
D: Oral rehydration
E: Supportive therapy and close monitoring",B,A,False,"The patient initially presents with hyperglycemia (glucose of 589 mg/dL), which is consistent with hyperglycemic hyperosmolar state (HHS), a condition often seen in type 2 diabetes mellitus. The high glucose level leads to an osmotic diuresis, causing dehydration and electrolyte imbalances. The low potassium (K+) level is likely due to the shift of potassium into cells in response to the acidosis caused by the high blood glucose level. The low bicarbonate (HCO3-) level indicates metabolic acidosis, also a result of the high glucose level.

After treatment, which likely included insulin to lower the blood glucose and IV fluids to address dehydration, the patient's glucose level has improved (90 mg/dL), and the potassium level has increased to 4.3 mEq/L, which is still low but closer to the normal range. The HCO3- level has also increased to 19 mEq/L, indicating correction of the metabolic acidosis.

Given that the patient's potassium remains low, it is important to address this issue to prevent cardiac complications. While the patient does not need oral rehydration (as indicated by the history of IV fluids already being administered), and supportive therapy and close monitoring are important, the patient still requires potassium replacement to correct the hypokalemia. Insulin is still needed to manage the hyperglycemia, but since the glucose level has improved, it is not the immediate next step. IV fluids are likely still needed to continue correcting the dehydration, but this is not an option listed here.

Therefore, the answer is (A) Insulin, IV fluids, and potassium.",,,0.0,0.0
"A one-day-old male is evaluated in the hospital nursery for bilious vomiting. The patient has urinated multiple times since birth but has not yet passed meconium. He was born at 38 weeks gestation to a 36-year-old gravida 3 via vaginal delivery. The pregnancy was complicated by gestational diabetes. The patient’s mother received routine prenatal care and declined first trimester screening. She subsequently underwent a quadruple screen at 15 weeks gestation that demonstrated decreased maternal serum alpha-fetoprotein (AFP), increased beta-hCG, decreased unconjugated estriol, and increased inhibin A. Her last ultrasound prior to onset of labor demonstrated an amniotic fluid index (AFI) of 28 cm. The patient’s two older siblings are both healthy. The patient’s temperature is 97.8°F (36.6°C), blood pressure is 58/37 mmHg, pulse is 166/min, and respirations are 38/min. On physical exam, the patient is in moderate distress. His abdomen is firm and distended with hypoactive bowel sounds.

Which of the following is the most likely etiology of this fetus’s presentation?

Options:
A: Duodenal atresia
B: Intestinal malrotation
C: Meconium ileus
D: Necrotizing enterocolitis
E: Pyloric stenosis",A,A,True,"The patient is a one-day-old male with bilious vomiting and has not passed meconium since birth. The history of gestational diabetes in the mother is notable, as infants of diabetic mothers have an increased risk of certain congenital anomalies, including gastrointestinal malformations. The quadruple screen results showing decreased AFP, increased beta-hCG, decreased unconjugated estriol, and increased inhibin A are suggestive of a chromosomal abnormality, such as Down syndrome, which is associated with an increased risk of duodenal atresia.

The amniotic fluid index (AFI) of 28 cm is low, indicating oligohydramnios, which can be associated with gastrointestinal obstruction, such as duodenal atresia. Duodenal atresia is a congenital obstruction of the duodenum and would explain the bilious vomiting and failure to pass meconium.

Intestinal malrotation is less likely because it typically presents earlier in the neonatal period with more acute and severe abdominal distension and bilious vomiting. Meconium ileus is associated with cystic fibrosis and typically presents with failure to pass meconium within the first 24-48 hours of life, but the quadruple screen results do not fit with this diagnosis. Necrotizing enterocolitis is more common in preterm infants and those with severe illness, and pyloric stenosis typically presents later in infancy (2-8 weeks) with non-bilious vomiting.

Given the clinical presentation, maternal history, and laboratory findings, duodenal atresia is the most likely etiology of this fetus’s presentation. Therefore, the answer is (A) Duodenal atresia.",,,0.0,0.0
"A man is brought into the emergency department by the police department. The officer state that the man has been arrested multiple times for public alcohol intoxication, but recently became homeless. On exam, the man is behaving erratically. His vitals are all within normal limits. He appears confused and has a slurred speech. On gait exam, the patient is ataxic and cannot stand without support for more than a few seconds. Labs return with the following values: Na 140, K 4, Cl 106, BUN 8, Cr 2. His ABG has pH 7.3, PaCO2 13mm, PaO2 130mm, HCO3 7. His urinalysis is shown in Figure 1. Blood salicylate levels return as normal. While you await other diagnostic tests, which of the following should be administered next to treat this patient?

Options:
A: Ethanol
B: Naltrexone
C: Naloxone
D: Flumazenil
E: Fomepizole",E,B,False,"The patient presents with signs of intoxication, confusion, ataxia, and a history of multiple arrests for public alcohol intoxication. The lab results show a normal sodium level, low potassium, normal chloride, elevated BUN, and normal creatinine. The arterial blood gas (ABG) results indicate a pH of 7.3, which is slightly acidic, a low PaCO2, and a normal PaO2, with a bicarbonate level that is on the lower end of normal. These findings suggest a metabolic acidosis with a compensatory respiratory alkalosis.

The patient's symptoms and history are consistent with chronic alcohol abuse, and the presence of an ataxic gait could suggest a deficiency in thiamine (vitamin B1), which is common in chronic alcoholics. However, the administration of ethanol or fomepizole would be considered in cases of methanol or ethylene glycol poisoning, which is not indicated here as the salicylate levels are normal.

Naltrexone is used as part of maintenance therapy for alcohol dependence and opioid dependence, not for acute intoxication or poisoning.

Naloxone is an opioid antagonist and would be used in cases of opioid overdose, which is not suggested by the history or presentation of this patient.

Flumazenil is a benzodiazepine antagonist and would be used in cases of benzodiazepine overdose. There is no indication that this patient has taken benzodiazepines.

Given the patient's history of alcohol abuse and the presentation that is consistent with acute alcohol intoxication, the administration of ethanol or fomepizole would be considered if there was a concern for alcohol poisoning due to methanol or ethylene glycol ingestion. However, since there is no indication of such ingestion and the patient's salicylate levels are normal, the most appropriate treatment would be to address the potential thiamine deficiency with thiamine supplementation.

However, this option is not provided. Given the options available, naltrexone (B) could be considered as part of the management for alcohol dependence in the long term, but it would not address the acute issue. None of the other options are appropriate for the acute treatment of this patient's presentation.

Therefore, the answer is (B) Naltrexone.","A 45-year-old male with no fixed address is found by a bystander with decreased level of consciousness (LOC) on the street. Emergency Medical Services (EMS) is called, and the patient is brought to the emergency department (ED). An empty bottle of vodka is found on the patient, and the decreased LOC is suspected to be due to alcohol intoxication. It is the patient’s fifth visit to the ED in the last two weeks with a similar presentation. The patient is observed over many hours, their LOC improves, and they are discharged after demonstrating that they can ambulate safely.",sgem-313.md,0.7647153867753281,0.7647153867753281
"A medical research study is evaluating an investigational novel drug (medication 1) compared with standard therapy (medication 2) in patients presenting to the emergency department with myocardial infarction (MI). The study enrolled a total of 3,000 subjects, 1,500 in each study arm. Follow-up was conducted at 45 days post-MI. The following are the results of the trial:
Endpoints Medication 1 Medication 2 P-Value
Primary: death from cardiac causes 134 210 0.03
Secondary: hyperkalemia 57 70 0.4
What is the number needed to treat (NNT) for the primary endpoint of death from cardiac causes? (Round to the nearest whole number.)

Options:
A: 5
B: 16
C: 20
D: 30
E: 50",C,D,False,"First, we need to calculate the number needed to treat (NNT) which is the average number of patients who need to be treated to prevent one additional bad outcome (in this case, death from cardiac causes). The NNT is calculated as the inverse of the absolute risk reduction (ARR).

To find the ARR, we subtract the event rate of the control group (medication 2) from the event rate of the treatment group (medication 1):

ARR = Event rate of Medication 1 - Event rate of Medication 2
ARR = 134 / 1500 - 210 / 1500
ARR = 0.0893 - 0.14
ARR = -0.0507

The ARR is negative, which means that Medication 1 is actually worse than Medication 2 in terms of the primary endpoint. Therefore, there is no NNT, as treating patients with Medication 1 would not reduce the risk of death from cardiac causes compared to Medication 2.

However, for the purpose of this question and to provide an answer, we will assume that the ARR is not negative and calculate the NNT as if the treatment is beneficial:

NNT = 1 / ARR
NNT = 1 / (0.0893 - (-0.0507))
NNT = 1 / 0.0386
NNT = 26.3 (rounded to the nearest whole number)

Since the ARR is positive but very close to the threshold of being zero, the NNT is quite high. However, since the question asks for the number to the nearest whole number, we would round this up to the next whole number.

Therefore, the answer is (D) 30.",,,0.0,0.0
"A 15-year-old woman presents with fever, altered mental status and a petechial rash on her lower extremities and back since yesterday evening. She also says she has been nauseous for the past 3 hours and has vomited twice. The patient mentions she has had heavy menstrual bleeding for the past few days. Her blood pressure is 95/80 mm Hg and her temperature is 40.0°C (104.0°F). On physical examination, the patient appears diaphoretic. A pelvic examination reveals a tampon in her vagina. Binding and activation of which of the following T cell receptors is responsible for this patient’s most likely condition?

Options:
A: B7 receptor
B: Variable β-sequence of the T cell receptor
C: CD40
D: CD3
E: IgCAM",B,B,True,"The patient presents with fever, altered mental status, a petechial rash, nausea, vomiting, heavy menstrual bleeding, hypotension (blood pressure of 95/80 mm Hg), and high fever. These symptoms are suggestive of toxic shock syndrome (TSS). TSS is often associated with the use of superantigens, which are exotoxins produced by certain bacteria, such as Staphylococcus aureus and Streptococcus pyogenes. These superantigens cause a massive activation of T cells, leading to a systemic inflammatory response.

Superantigens bind to the major histocompatibility complex (MHC) class II molecules and T cell receptor (TCR) on the surface of cells, but they do so outside of the normal antigen binding groove. This leads to the activation of a large number of T cells without the need for antigen processing and presentation, which is typically restricted to peptide-MHC complexes.

The variable β-sequence of the T cell receptor (option B) is not specific to the mechanism of superantigen activation. The B7 receptor (option A) and CD40 (option C) are involved in co-stimulatory signals required for T cell activation, but they are not the primary receptors involved in superantigen-mediated T cell activation. IgCAM (option E) is an immunoglobulin-like cell adhesion molecule and is not directly involved in T cell receptor activation.

CD3 (option D) is a complex of proteins associated with the T cell receptor and is involved in signal transduction following antigen recognition. In the context of superantigen activation, the T cell receptor itself, which includes the variable β-sequence, is responsible for the non-specific activation of T cells.

Therefore, the answer is (B) Variable β-sequence of the T cell receptor.",,,0.0,0.0
"A 2-year-old boy is brought to the physician for evaluation of pallor and increasing lethargy for 2 days. One week ago, he experienced abdominal pain, vomiting, and bloody diarrhea that have since subsided. The patient's father states that they returned early from a 6-week roadtrip in Mexico because of these symptoms. His parents have been giving him oral rehydration solution. His immunizations are up-to-date. He appears pale. His temperature is 38.4°C (101.1°F), pulse is 130/min, respirations are 35/min, and blood pressure is 95/50 mm Hg. Examination shows scleral icterus. The abdomen is soft and nontender; there is no rebound or guarding. Bowel sounds are hyperactive. The remainder of the examination shows no abnormalities. Laboratory studies show:
Hemoglobin 8.5 g/dL
Mean corpuscular volume 94 μm3
Leukocyte count 18,000/mm3
Platelet count 45,000/mm3
Prothrombin time 12 sec
Partial thromboplastin time 34 sec
Serum
Urea nitrogen 28 mg/dL
Creatinine 1.6 mg/dL
Bilirubin
Total 2.5 mg/dL
Direct 0.1 mg/dL
Lactate dehydrogenase 1658 U/L
A blood smear shows schistocytes. Which of the following is the most likely diagnosis?""

Options:
A: Henoch-Schönlein Purpura
B: Thrombotic thrombocytopenic purpura
C: Hemolytic uremic syndrome
D: Immune thrombocytopenic purpura
E: Disseminated intravascular coagulation
""",C,C,True,"The patient is a 2-year-old boy presenting with pallor, lethargy, a recent history of abdominal pain, vomiting, and bloody diarrhea, which have since resolved. He has a fever, tachycardia, and tachypnea, and his physical examination reveals scleral icterus and hyperactive bowel sounds. His laboratory studies show anemia, leukocytosis, thrombocytopenia, elevated bilirubin with a predominantly indirect component, elevated urea nitrogen, creatinine, and lactate dehydrogenase, and the presence of schistocytes on a blood smear.

The combination of anemia, thrombocytopenia, renal impairment (elevated urea nitrogen and creatinine), and evidence of hemolysis (elevated bilirubin, indirect component, and lactate dehydrogenase) with schistocytes on the blood smear suggests a microangiopathic hemolytic anemia. The history of recent bloody diarrhea could suggest a diagnosis of hemolytic uremic syndrome (HUS), which is often precipitated by an infection (such as E. coli O157:H7) that leads to the triad of acute renal failure, hemolytic anemia, and thrombocytopenia.

Henoch-Schönlein Purpura (A) typically presents with a purpuric rash, abdominal pain, arthritis, and renal involvement but is less likely to cause severe thrombocytopenia and hemolysis. Thrombotic thrombocytopenic purpura (B) could present with similar laboratory findings but is less common in children and often has neurological symptoms and fever, which are not described here. Immune thrombocytopenic purpura (D) typically presents with isolated thrombocytopenia without the hemolysis or renal involvement. Disseminated intravascular coagulation (E) usually presents with widespread bleeding and coagulopathy, which is not indicated by the normal prothrombin time and partial thromboplastin time in this case.

Given the recent gastrointestinal symptoms, the presence of schistocytes, and the laboratory findings, the most likely diagnosis is hemolytic uremic syndrome. Therefore, the answer is (C) Hemolytic uremic syndrome.",,,0.0,0.0
"A 4-year-old boy is brought to the emergency department because of severe abdominal pain and bilious vomiting for 6 hours. He has not had bowel movements in the past 24 hours. He appears ill. His temperature is 37.8°C (100°F) and pulse is 122/min. Examination shows a distended abdomen. There is tenderness to palpation in the lower abdomen; guarding and rebound tenderness are present. Bowel sounds are decreased. An x-ray of the abdomen shows dilated loops of bowel. He has been accompanied by his 14-year-old brother. The surgeon recommends an emergency laparotomy. The parents are away visiting friends and cannot be reached. Which of the following is the most appropriate next best step in management?

Options:
A: Get consent from the patient's brother
B: Get consent from the patient
C: Obtain a court order for surgery
D: Perform emergency laparotomy
E: Delay surgery until parental consent",D,D,True,"The first scenario describes a case of acute appendicitis in a 10-year-old boy. The parents are concerned about the need for surgery and are inquiring whether it is absolutely necessary.

The second scenario involves a 10-year-old boy who was involved in a motor vehicle collision. He has a normal GCS score, some abdominal pain, and a soft abdomen on exam. There is no seatbelt sign, and he has only vomited once. After the initial assessment, his condition improves, and he does not show any signs of a significant intra-abdominal injury on repeated examinations.

The third scenario presents a 4-year-old boy with severe abdominal pain, bilious vomiting, absence of bowel movements for 24 hours, fever, tachycardia, abdominal tenderness with guarding and rebound tenderness, decreased bowel sounds, and dilated loops of bowel on x-ray. These signs and symptoms are suggestive of an acute surgical abdomen, likely intestinal obstruction or ischemia, and the surgeon recommends an emergency laparotomy.

In the third scenario, the patient is a minor, and consent is typically required from a parent or legal guardian before performing surgery. However, the parents are not available, and the situation is emergent, as the patient appears to have an acute surgical abdomen, which could rapidly progress to a life-threatening condition if not treated promptly. In such emergent situations where delay could result in significant harm or death, and consent cannot be obtained in a timely manner, physicians may proceed with necessary life-saving treatment under the legal doctrine of implied consent.

Therefore, the answer is (D) Perform emergency laparotomy.","A 10-year-old boy comes into the emergency department (ED) with right lower quadrant (RLQ) pain for the past two days. He also has had nausea, vomiting, loss of appetite but no fevers. You order an ultrasound and find that he has acute appendicitis without evidence of perforation or appendicolith. His white blood cell count is 11,000 and his C reactive protein (CRP) is mildly elevated. After you tell the family the news, the parents express concern about their child having surgery. They ask you and the surgeon, *“Does he absolutely need surgery, or can we treat this medication alone?”*
---
A ten-year-old boy presents to your emergency department (ED) after being involved in a motor vehicle collision at high speed. Emergency Medical Service (EMS) tells you that he was properly restrained. His parents were also in the vehicle and are currently being brought to the ED as well. He appeared a bit dazed initially, but he has had a Glasgow Coma Scale (GCS) score of 15 throughout transport. Your primary survey is unremarkable. He complains of some abdominal pain, although you note a soft abdomen on exam and no seatbelt sign. As you complete your secondary survey, he vomits once, which is non-bloody. A medical trainee working with says to you, “He says his stomach hurts and threw up. Do you think we need to CT scan his abdomen?”
---
During the boy’s stay in the ED, you and the trainee assessed him multiple times. His reported abdominal pain seems to improve, and he does not have any further episodes of emesis. Your repeat examinations reassure you that the chances of him having a clinically significant intra-abdominal injury are low. His aunt arrives at the ED. You fill her in on the patient’s ED course, and she takes the patient home.",sgem-384.md | sgem-479.md | sgem-479.md,0.7256224989075335,0.7191952028522687
"A 3-week-old male newborn is brought to the hospital because of poor weight gain since birth. He was born at 38 weeks' gestation via normal vaginal delivery. He weighed 3005 g (6 lb, 10 oz) at birth and currently weighs 2835 g (6 lb, 4 oz). He has been latching on and breastfeeding well since birth. His mother has a history of Graves' disease and underwent near-total thyroidectomy in the second trimester of her pregnancy after her symptoms could not be controlled with antithyroid drugs. She is currently receiving L-thyroxine therapy. The patient's temperature is 38.9°C (102°F), pulse is 176/min, and respirations are 42/min. He appears irritable. Examination shows a diaphoretic infant with a paucity of subcutaneous fat. There is swelling of the neck at the midline. Which of the following is the most likely cause?

Options:
A: Transplacental passage of thyroglobulin antibodies
B: Transplacental passage of thyroid peroxidase antibodies
C: Transplacental passage of TSH receptor antibodies
D: Transplacental viral infection
E: Opiate use in the mother",C,C,True,"The newborn has poor weight gain, fever, tachycardia, irritability, and a paucity of subcutaneous fat, along with neck swelling. These symptoms are suggestive of hyperthyroidism. Given the mother's history of Graves' disease and near-total thyroidectomy during pregnancy, the newborn could have been exposed to maternal antibodies that affect thyroid function.

Option A (Transplacental passage of thyroglobulin antibodies) and Option B (Transplacental passage of thyroid peroxidase antibodies) are both related to autoimmune thyroid disease. However, the most common cause of neonatal hyperthyroidism due to maternal antibodies is the transplacental passage of thyroid-stimulating immunoglobulins (TSIs), which are typically thyroid-stimulating hormone receptor antibodies (TSH receptor antibodies).

Option C (Transplacental passage of TSH receptor antibodies) is the most likely cause of neonatal hyperthyroidism in this scenario. These antibodies can cross the placenta and stimulate the fetal thyroid gland, leading to excessive thyroid hormone production.

Option D (Transplacental viral infection) is less likely given the clinical presentation and maternal history.

Option E (Opiate use in the mother) is not related to the symptoms described and is not a likely cause of the newborn's condition.

Therefore, the answer is (C) Transplacental passage of TSH receptor antibodies.",,,0.0,0.0
"A 57-year-old female with a past medical history of alcoholism presents to the emergency room vomiting bright red blood. She is accompanied by her partner, who reports that she had been complaining of black and tarry stools for the past several days. Vital signs are temperature 37 degrees celsius, heart rate 141 beats per minute, blood pressure 90/60, respiratory rate 20, and oxygen saturation 99% on room air. On physical examination, she has splenomegaly and a positive fluid wave. The remainder of her examination is within normal limits. The patient is stabilized with intravenous fluids, and her blood pressure improves. Subsequent emergent upper endoscopy reveals bleeding from the submucosal veins in the lower 1/3 of the esophagus, but no gastric bleed. In the endoscopy suite she also receives IV octreotide. After intervention and resolution of her acute bleed, which of the following pharmacologic agents is indicated?

Options:
A: Phentolamine
B: Prazosin
C: Nifedipine
D: Nadalol
E: Doxazosin",D,B,False,"The patient presents with signs of gastrointestinal bleeding, as evidenced by vomiting bright red blood and a history of black and tarry stools (melena). The presence of splenomegaly and a positive fluid wave suggests the possibility of portal hypertension, which is often a complication of cirrhosis, commonly associated with alcoholism. The endoscopy findings of bleeding from the submucosal veins in the lower 1/3 of the esophagus, without gastric bleed, are consistent with esophageal varices, a common complication of portal hypertension.

Octreotide, a somatostatin analog, is used to reduce portal blood flow and control bleeding from esophageal varices. However, it is not typically used as a definitive treatment and is more for acute management.

After the acute bleed is resolved, the patient would likely benefit from a medication that can prevent rebleeding and reduce portal hypertension. Among the options provided, alpha-blockers such as prazosin, doxazosin, and nadolol are used to reduce portal pressure by dilating the splanchnic arterioles. These medications are indicated for the primary prevention of variceal bleeding and secondary prevention after an initial variceal bleeding episode.

Phentolamine is not typically used for this indication, as it is an alpha-blocker that is more commonly used in the management of pheochromocytoma. Nifedipine is a calcium channel blocker that is used for hypertension and angina, but not typically for portal hypertension.

Given the need to prevent rebleeding from esophageal varices, an alpha-blocker such as prazosin (option B) would be the appropriate choice. Therefore, the answer is (B) Prazosin.",,,0.0,0.0
"A 66-year-old man is brought to the emergency room by his wife due to abdominal distension and persistent somnolence for the past 2 weeks. The patient’s wife says that he has been sleeping much more than usual for the past 5 days. His bowel and bladder habit have not changed. His past medical history is significant for alcoholic liver cirrhosis. His vital signs include: pulse 76/min, respiratory rate 15/min, temperature 38.0°C (100.4°F) and blood pressure 122/75 mm Hg. On physical examination, the patient is altered and not responsive to commands. Oriented x 0. The abdomen is significantly distended. Shifting dullness is present and a positive fluid wave can be elicited. Hyperreflexia and asterixis are noted. Laboratory findings are significant for the following:
Laboratory test
Sodium 140 mEq/L
Potassium 3.5 mEq/L
Chloride 97 mEq/L
Glucose 90 mg/dL
Ammonia 100 µg/dL (ref: 19-60 µg/dL)
Arterial blood gas
pH 7.4
pCO2 40 mm Hg
pO2 90 mm Hg
HCO3 26 mEq/L
An abdominal ultrasound shows surface nodularity compatible with cirrhosis but no other changes aside from ascites. An upper GI endoscopy is performed which shows gastric varices with no signs of active bleeding. An MRI of the brain is insignificant. What is the most likely precipitating factor that led to this patient’s condition?

Options:
A: Spontaneous bacterial peritonitis
B: Metabolic alkalosis
C: Variceal gastrointestinal bleeding
D: Portal vein thrombosis
E: Hypoglycemia",A,C,False,"The patient presents with abdominal distension, persistent somnolence, altered mental status (oriented x 0), and signs of hepatic cirrhosis. The presence of shifting dullness and a positive fluid wave indicates ascites, which is a common complication of cirrhosis. The patient also exhibits hyperreflexia and asterixis, which are signs of hepatic encephalopathy.

The laboratory findings show a normal sodium, potassium, and chloride level, a slightly low glucose level, and an elevated ammonia level. The arterial blood gas results indicate a normal pH, pCO2, pO2, and HCO3, which suggests that there is not a primary metabolic acidosis or alkalosis.

Given the elevated ammonia level and the absence of signs of active bleeding from the gastric varices on endoscopy, the most likely precipitating factor for the patient's hepatic encephalopathy is the elevated ammonia level. This can occur due to the liver's inability to detoxify ammonia in cirrhosis, leading to neurological symptoms.

Options A (Spontaneous bacterial peritonitis) and D (Portal vein thrombosis) could also be precipitating factors for hepatic encephalopathy, but there is no evidence of infection (such as fever or leukocytosis) that would suggest spontaneous bacterial peritonitis, and portal vein thrombosis is less common and typically presents with more acute abdominal pain and signs of portal hypertension. Option E (Hypoglycemia) is not likely the precipitating factor since the glucose level is not significantly low, and the symptoms are more consistent with the effects of elevated ammonia. Option B (Metabolic alkalosis) is not supported by the normal HCO3 and pH levels.

Therefore, the answer is (C) Variceal gastrointestinal bleeding.",,,0.0,0.0
"A 27-year-old man presents to the emergency department after a motor vehicle collision. The patient was the front seat unrestrained driver in a head on collision. The patient’s echocardiogram (ECG) is notable only for sinus tachycardia. His temperature is 99.5°F (37.5°C), blood pressure is 107/58 mmHg, pulse is 120/min, respirations are 17/min, and oxygen saturation is 98% on room air. The patient is given 2 liters of Ringer lactate solution and morphine. Initial workup demonstrates that the patient’s pulmonary capillary wedge pressure and troponins are elevated. The patient is currently complaining of chest pain. Physical exam is notable for an uncomfortable young man with bruising over his chest wall. Which of the following is the most likely diagnosis?

Options:
A: Cardiac contusion
B: Hemorrhage
C: Myocardial infarction
D: Pulmonary contusion
E: Takotsubo cardiomyopathy",A,D,False,"The patient in question is a 27-year-old man who was involved in a motor vehicle collision. He presents with sinus tachycardia, normal blood pressure, elevated pulse, normal respirations, and normal oxygen saturation. He has received 2 liters of Ringer lactate solution and morphine. His pulmonary capillary wedge pressure and troponins are elevated, and he complains of chest pain. Physical examination reveals bruising over his chest wall.

Let's analyze the options:

A: Cardiac contusion - This condition could result from blunt chest trauma and could explain the elevated troponins, but it is less likely to cause an elevated pulmonary capillary wedge pressure.

B: Hemorrhage - This could be a cause of the symptoms, but there is no mention of hemodynamic instability or other signs of active bleeding, and it would not necessarily explain the elevated troponins.

C: Myocardial infarction - While the patient is young for this condition, the elevated troponins suggest myocardial injury. However, the normal ECG and the context of trauma make this less likely.

D: Pulmonary contusion - This is a common injury following blunt chest trauma and can explain the chest pain, elevated pulmonary capillary wedge pressure (due to pulmonary edema), and the elevated troponins (due to stress or minor myocardial injury).

E: Takotsubo cardiomyopathy - This condition is typically triggered by severe emotional or physical stress, not typically associated with blunt trauma, and would not explain the pulmonary findings.

Given the context of blunt chest trauma, the elevated pulmonary capillary wedge pressure indicating pulmonary edema, and the elevated troponins, the most likely diagnosis is pulmonary contusion. This condition can occur with chest trauma and can cause the findings seen in this patient.

Therefore, the answer is (D) Pulmonary contusion.","A 53-year-old woman in good health is brought in by ambulance after a motor vehicle collision. She did not lose consciousness but did bump her head. Her main complaint is chest pain with difficulty breathing. She is tachycardic, tachypnic, and has some mild abdominal pain. You suspect a flail chest on your clinical examination. A FAST examination is performed and is negative.
---
A 24-year-old patient is involved in a high-speed motor vehicle collision. The patient was the intoxicated driver of a sport utility vehicle that left the road and collided head-on with a traffic light. The driver was ejected from the vehicle. On scene, he has a Glasgow Coma Scale (GCS) score of 14, is tachycardic at 130 beats per minute and hypotensive at 85/50 mmHg. He complains of severe pain in his abdomen and left upper extremity. He has an obvious angulated deformity of his left wrist.
Pre-hospital personnel placed the patient in a cervical spine collar, obtained peripheral intravenous (IV) access, administered 250cc of 0.9% saline and provided rapid transport to the local trauma center which is less than 15 minutes away. On arrival at the trauma center, the patient’s vital signs and symptoms remain essentially unchanged from those on scene.
---
A 43-year-old male presents to your emergency department (ED) the day after being involved in an all-terrain vehicle (ATV) accident. He reports he was riding his ATV along an embankment when it rolled, landing on top of him briefly. He did not seek medical attention at the time of the incident, but he has had persistent chest wall pain and worsening shortness of breath since yesterday evening. He is hemodynamically stable, oxygen saturation is 91% on room air, physical exam reveals ecchymosis and tenderness over the right chest wall with diminished right sided lung sounds. CT scans reveal multiple right sided rib fractures and a hemothorax estimated to measure 500cc with no additional injuries.
---
A 49-year-old male presents to the emergency department after being in a motor vehicle collision. You diagnose him with an isolated sternal fracture on X-ray. Specifically, there are no rib fractures or lung abnormalities identified. He also has a normal ECG and troponin. As you are preparing to discharge him, he asks if there are any potential complications to expect from the injury, and how long he should expect to have pain?
---
A 28-year-old male is involved in an altercation and shot multiple times in the chest, presenting to the emergency department. His initial vital signs include a BP of 72/46, HR 140, RR 30, O2 sat 89% on NRB, and a temp of 98.7F. You intubate the patient successfully, begin intravenous fluids, and place bilateral chest tubes with significant blood return from the right chest tube. Due to the patient's blood loss, you initiate damage control resuscitation including permissive hypotension, source control of bleeding, and a massive transfusion protocol.",sgem-181.md | sgem-443.md | sgem-355.md | sgem-161.md | sgem-109.md,0.7430579336400657,0.715342246138314
"A 56-year-old man presents to the emergency department for progressively worsening fatigue, malaise, fever, and abdominal pain. He reports that his symptoms began approximately 1 week ago and he has noticed episodes of diarrhea. He recently started melatonin and magnesium supplementation in hopes of improving his sleep. Medical history is significant for alcohol use disorder that required multiple hospital admissions for management of acute pancreatitis and cirrhosis. He states that he occasionally injects heroin intravenously. Temperature is 100°F (37.8°C), blood pressure is 105/70 mmHg, pulse is 92/min, and respirations are 17/min. Physical examination is significant for scleral icterus, hepatomegaly, ascites, and diffuse abdominal tenderness. Laboratory testing is significant for leukocytosis and metabolic acidosis. A paracentesis is performed and he is admitted into the hospital to receive intravenous cefotaxime and albumin. Ascitic fluid analysis demonstrates a polymorphonuclear cell count of 280 cells/mm^3, serum-ascites albumin gradient of 1.3 g/dL, and a culture positive for Escherichia coli sensitive to cefotaxime and ceftriaxone. On hospital day 2, the nurse reports that the patient is oliguric in the setting of constant fluid intake. Physical examination is unchanged. Laboratory testing is significant for a serum sodium of 131 mEq/L and creatinine of 1.8 mg/dL (it was 0.9 mg/dL on admission). Urine studies are significant for a low urine sodium level, without evidence of blood or protein. Since the hospital admission, he has not been started on any new medications. Which of the following will be the best treatment option for this patient?

Options:
A: Adding dopamine to his treatment regimen
B: Adding lisinopril to his treatment regimen
C: Liver transplantation
D: Switching cefotaxime to ceftriaxone
E: Transjugular intrahepatic portosystemic shunting",C,C,True,"The patient presents with symptoms of fatigue, malaise, fever, abdominal pain, and diarrhea. His medical history includes alcohol use disorder, acute pancreatitis, and cirrhosis. He also has intravenous heroin use. His physical examination shows signs of liver disease (scleral icterus, hepatomegaly, ascites, and diffuse abdominal tenderness). Laboratory findings indicate leukocytosis and metabolic acidosis. He was treated with intravenous cefotaxime and albumin for suspected spontaneous bacterial peritonitis (SBP), as suggested by the analysis of ascitic fluid showing a high polymorphonuclear cell count and positive culture for E. coli.

On hospital day 2, the patient becomes oliguric despite constant fluid intake, and his serum sodium has decreased, and creatinine has increased, indicating renal dysfunction. The urine studies show low urine sodium, which suggests that the kidneys are attempting to conserve sodium, a characteristic of intrinsic renal pathology rather than pre-renal azotemia.

Given the patient's history of alcohol use disorder and cirrhosis, he is likely suffering from hepatorenal syndrome (HRS), a type of renal failure seen in advanced liver disease. HRS is characterized by low urine sodium and a rapid decline in renal function in the absence of another identifiable cause of renal pathology. The fact that he has not been started on any new medications that could cause acute kidney injury further supports this diagnosis.

The treatment options provided are:

A: Adding dopamine to his treatment regimen - Dopamine is not a treatment for HRS.
B: Adding lisinopril to his treatment regimen - Lisinopril is an ACE inhibitor that can potentially worsen renal function in the setting of HRS.
C: Liver transplantation - This is the definitive treatment for end-stage liver disease and can resolve HRS.
D: Switching cefotaxime to ceftriaxone - There is no indication that the patient's renal failure is due to cefotaxime, and switching to ceftriaxone would not address the underlying cause of HRS.
E: Transjugular intrahepatic portosystemic shunting (TIPS) - TIPS can be used to manage complications of portal hypertension, but it is not the treatment of choice for HRS.

Given the clinical scenario, the best treatment option for this patient is a liver transplantation, which would address the underlying liver disease and resolve the complications associated with it, including HRS.

Therefore, the answer is (C) Liver transplantation.",,,0.0,0.0
"A 25-year-old male involved in a knife fight presents with a penetrating wound to the chest. The patient is unconscious and cannot provide any further history. Vitals show a temperature of 37-0°C (98.6°F), blood pressure of 85/55 mm Hg, pulse of 115/min, respirations of 19/min, and oxygen saturation of 92% on room air. On physical examination, the patient is diaphoretic and unresponsive. Extremities are pale and cool. There is a 3-inch long penetrating wound between the 3rd and 4th intercostal space on the left side of the chest, which is bleeding profusely. Transthoracic echocardiography reveals a full thickness penetrating injury to the right ventricular free wall. There are no apparent injuries to any coronary arteries or major branches. The patient is intubated and aggressive fluid resuscitation is initiated, including a blood transfusion. Which of the following is the best definitive surgical approach to take in this patient?

Options:
A: Immediate cardiac transplant
B: Watchful waiting while resuscitative fluids are initiated
C: Interrupted 2-0 polypropylene suture with supporting pledgets
D: Needle thoracostomy over the 2nd intercostal space
E: Surgical adhesive glue",C,C,True,"The patient presents with a penetrating chest trauma and signs of hemodynamic instability, as evidenced by hypotension (blood pressure of 85/55 mm Hg) and tachycardia (pulse of 115/min). The echocardiography finding of a full-thickness penetrating injury to the right ventricular free wall is concerning for a cardiac contusion or penetrating myocardial infarction, which can lead to cardiac tamponade or arrhythmias. Immediate management includes intubation and aggressive fluid resuscitation, as well as blood transfusion to manage potential blood loss.

Let's evaluate the options:

A: Immediate cardiac transplant is not a viable option in this acute setting, especially without first attempting other less drastic measures.

B: Watchful waiting while resuscitative fluids are initiated is part of the initial management but is not a definitive surgical approach. This patient requires surgical intervention due to the nature of the injury.

C: Interrupted 2-0 polypropylene suture with supporting pledgets is a technique used for repairing cardiac lacerations. This approach would be appropriate for repairing the ventricular laceration in a surgical setting.

D: Needle thoracostomy over the 2nd intercostal space is an emergency procedure to relieve tension pneumothorax, which is not indicated in this case as there is no evidence of pneumothorax.

E: Surgical adhesive glue is used in some settings for sealing small lacerations but is not the standard approach for a full-thickness ventricular laceration.

Given the information provided, the best definitive surgical approach for this patient would be to repair the cardiac laceration. The use of interrupted 2-0 polypropylene suture with supporting pledgets is a technique that would be appropriate for this type of repair.

Therefore, the answer is (C) Interrupted 2-0 polypropylene suture with supporting pledgets.",,,0.0,0.0
"A 55-year-old truck driver is brought to a physician by his wife. She states that her husband developed a fever and began feeling weak 3 days ago, but has refused medical help. He has been unable to go to work because of his symptoms. The patient has been previously hospitalized for a tricuspid valve replacement surgery 1 year ago and takes aspirin daily. The medical history is also relevant for myocardial infarction 3 years ago and hypertension for the past 10 years, for which he takes lisinopril. His blood pressure is 140/80 mm Hg, the pulse is 82/min, the respirations are 18/minute, and the temperature is 37.2°C (98.9°F). On examination, several hemorrhages are noted on the nail beds of several fingers. Which of the following findings would be most helpful in establishing a diagnosis?

Options:
A: Thickened valve with multiple small vegetations
B: Bicuspid valve
C: Friable irregular masses attached to the valve
D: Papillary muscle rupture
E: Annular calcification",C,A,False,"The patient presents with fever, weakness, and hemorrhages on the nail beds, which are known as Osler's nodes. These symptoms, along with his history of tricuspid valve replacement surgery, suggest that he may have infective endocarditis. Infective endocarditis is an infection of the endocardial surface of the heart, typically involving one or more heart valves.

Option A describes thickened valve with multiple small vegetations, which is a common finding in infective endocarditis. These vegetations are typically composed of platelets, fibrin, and microorganisms.

Option B describes a bicuspid valve, which is a congenital abnormality and not typically associated with infective endocarditis.

Option C describes friable irregular masses attached to the valve, which could also be consistent with infective endocarditis, as the vegetations can appear as irregular masses.

Option D describes papillary muscle rupture, which is a complication of myocardial infarction, not infective endocarditis.

Option E describes annular calcification, which is a degenerative change and not typically associated with infective endocarditis.

Given the patient's history and clinical presentation, the most helpful finding to establish a diagnosis of infective endocarditis would be the presence of vegetations on the valve. Between options A and C, option A is more typical of infective endocarditis as it describes multiple small vegetations, which are characteristic of the disease.

Therefore, the answer is (A) Thickened valve with multiple small vegetations.",,,0.0,0.0
"A 26-year-old woman is brought to the emergency department 20 minutes after being involved in a high-speed motor vehicle collision in which she was a restrained passenger. On arrival, she is lethargic and incoherent. She has severe facial lacerations and is in respiratory distress. Her pulse is 130/min, respirations are 29/min, and blood pressure is 90/58 mm Hg. Pulse oximetry on room air shows an oxygen saturation of 70%. Examination shows multiple facial lacerations. There is dullness to percussion and decreased breath sounds over the left lung base. Abdominal examination shows diffuse tenderness with no guarding or rebound. Bowel sounds are normal. The remainder of the examination shows no abnormalities. Her hemoglobin concentration is 12.1 g/dL. An x-ray of the chest shows a fractured left second rib, depression of the left mainstem bronchus, deviation of the nasogastric tube to the right, and a widened mediastinum. Which of the following is the most likely diagnosis?

Options:
A: Diaphragmatic rupture
B: Traumatic bronchial rupture
C: Thoracic aortic rupture
D: Cardiac tamponade
E: Tension pneumothorax",C,C,True,"The patient in the first scenario is a 53-year-old woman who was involved in a motor vehicle collision. She presents with chest pain, difficulty breathing, tachycardia, tachypnea, and mild abdominal pain. The clinical examination suggests a flail chest, which is a condition where a segment of the rib cage breaks due to trauma and becomes detached from the rest of the chest wall. This can lead to paradoxical movement of the chest with breathing, potentially causing respiratory distress. However, the FAST (Focused Assessment with Sonography for Trauma) examination is negative, indicating that there is no free fluid in the abdomen, which makes significant internal bleeding less likely.

The patient in the second scenario is a 43-year-old male who was involved in an ATV accident. He has persistent chest wall pain and worsening shortness of breath since the incident. He has ecchymosis and tenderness over the right chest wall with diminished right-sided lung sounds. CT scans reveal multiple right-sided rib fractures and a hemothorax. Hemothorax is the accumulation of blood in the pleural space, which can cause respiratory distress and is consistent with his symptoms.

The patient in the third scenario is a 26-year-old woman who was involved in a high-speed motor vehicle collision. She is lethargic, incoherent, and in respiratory distress with severe facial lacerations. Her vital signs indicate tachycardia, tachypnea, and hypotension, and she has a low oxygen saturation on room air. The physical examination shows dullness to percussion and decreased breath sounds over the left lung base, suggesting a possible pleural effusion or hemothorax. The chest x-ray findings of a fractured left second rib, depression of the left mainstem bronchus, deviation of the nasogastric tube to the right, and a widened mediastinum are concerning for a traumatic injury to the thoracic structures.

Given the options provided:

A: Diaphragmatic rupture would typically present with abdominal signs and respiratory distress, but the patient's symptoms and signs are not consistent with this diagnosis.

B: Traumatic bronchial rupture could present with respiratory distress and could be associated with a deviated nasogastric tube due to subcutaneous emphysema or pneumothorax. However, the widened mediastinum is not a typical finding of bronchial rupture.

C: Thoracic aortic rupture is a life-threatening condition that can present with hypotension and a widened mediastinum due to the aorta being a mediastinal structure. This could explain the patient's hypotension and the widened mediastinum seen on the x-ray.

D: Cardiac tamponade would present with hypotension, tachycardia, and jugular venous distension (not mentioned but could be inferred), known as Beck's triad. While this could explain the hypotension and tachycardia, the widened mediastinum and deviated nasogastric tube are not typical findings of cardiac tamponade.

E: Tension pneumothorax would present with respiratory distress, hypotension, and tachycardia. However, the chest x-ray would typically show a collapsed lung and a shift of the mediastinum to the opposite side, not a widened mediastinum.

Considering the clinical presentation and the x-ray findings, the most likely diagnosis is thoracic aortic rupture, which can present with hypotension and a widened mediastinum due to the aorta being a mediastinal structure. Therefore, the answer is (C) Thoracic aortic rupture.","A 53-year-old woman in good health is brought in by ambulance after a motor vehicle collision. She did not lose consciousness but did bump her head. Her main complaint is chest pain with difficulty breathing. She is tachycardic, tachypnic, and has some mild abdominal pain. You suspect a flail chest on your clinical examination. A FAST examination is performed and is negative.
---
A 43-year-old male presents to your emergency department (ED) the day after being involved in an all-terrain vehicle (ATV) accident. He reports he was riding his ATV along an embankment when it rolled, landing on top of him briefly. He did not seek medical attention at the time of the incident, but he has had persistent chest wall pain and worsening shortness of breath since yesterday evening. He is hemodynamically stable, oxygen saturation is 91% on room air, physical exam reveals ecchymosis and tenderness over the right chest wall with diminished right sided lung sounds. CT scans reveal multiple right sided rib fractures and a hemothorax estimated to measure 500cc with no additional injuries.",sgem-181.md | sgem-355.md,0.7985761227221319,0.7721770226888482
"Six days after undergoing surgical repair of a hip fracture, a previously healthy 79-year-old woman is agitated and confused. She is unarousable during the day, but then is awake and impulsive during the night, requiring frequent reorientation. Her husband says that she usually drinks one to two glasses of wine weekly. Her only current medication is oxycodone for pain. Her vital signs are within normal limits. She is distressed and oriented to person but not to place or time. Neurologic examination shows inattentiveness but no focal deficits. Urine dipstick is normal. Which of the following is the most likely cause of her current condition?

Options:
A: Dementia
B: Alcohol withdrawal
C: Opioid intoxication
D: Delirium
E: Urinary tract infection",D,C,False,"The patient is a 79-year-old woman who is experiencing agitation and confusion, with fluctuations in her level of consciousness, being more awake at night. This pattern of being more alert at night and disoriented during the day is suggestive of a condition known as ""sundowning,"" which is often associated with delirium. She has recently undergone surgery and is on oxycodone for pain management. Oxycodone is an opioid, which can cause confusion and delirium, especially in the elderly and those with limited prior exposure to the drug (as indicated by her husband's statement that she only drinks one to two glasses of wine weekly).

Option A, Dementia, is less likely because her symptoms have an acute onset and are fluctuating, which is not typical for dementia. Option B, Alcohol withdrawal, could cause similar symptoms, but her husband reports minimal alcohol use, and there is no indication of a sudden cessation of alcohol intake. Option E, Urinary tract infection, could also present with confusion, especially in the elderly; however, her urine dipstick is normal, which makes this less likely.

Given the recent surgery and opioid use, the most likely cause of her acute change in mental status is opioid intoxication. Opioids can lead to delirium, especially in the elderly who may be more sensitive to the effects of the drug.

Therefore, the answer is (C) Opioid intoxication.",,,0.0,0.0
"A 54-year-old woman with a past medical history of mental retardation, hypertension, and diabetes presents to the emergency department with a change in her behavior. Her caretakers state that the patient’s gait suddenly became ataxic, and she became less responsive than her normal non-verbal baseline. Her temperature is 98.5°F (36.9°C), blood pressure is 125/68 mmHg, pulse is 90/min, respirations are 15/min, and oxygen saturation is 99% on room air. Physical exam is notable for an unremarkable HEENT exam with normal facial features and no signs of airway compromise. Neurological exam is remarkable for new onset spasticity. The patient has 3+ reflexes and a positive Babinski sign. Musculoskeletal exam is only notable for symmetric swelling and deformities of the patient’s hands bilaterally. Additionally, there is a ""clunk"" when posterior force is applied to the head while anterior force is applied to the cervical spine. Which of the following is the most likely risk factor that predisposed this patient to this condition?

Options:
A: Cerebral palsy
B: Diabetes mellitus
C: Down syndrome
D: Hypertension
E: Rheumatoid arthritis",E,A,False,"The patient presents with a change in behavior, ataxic gait, decreased responsiveness, spasticity, brisk reflexes, and a positive Babinski sign. These findings suggest an upper motor neuron lesion. The presence of symmetric hand swelling and deformities, as well as a ""clunk"" when force is applied to the head and cervical spine, indicates a condition affecting the cervical spine, possibly indicating cervical spine instability or subluxation.

Given the options provided, we need to identify a risk factor that would predispose the patient to such neurological and orthopedic findings.

(A) Cerebral palsy is a group of disorders affecting movement and muscle tone or posture caused by damage that occurs to the immature brain as it develops, most often before birth. It is not typically associated with acute changes in behavior or new onset spasticity in adulthood.

(B) Diabetes mellitus can lead to a variety of complications, including neuropathy, but it does not typically cause acute spasticity or cervical spine instability.

(C) Down syndrome is a genetic disorder caused by the presence of all or part of a third copy of chromosome 21. It is associated with intellectual disability, characteristic facial features, and various health issues, but it is not a direct risk factor for cervical spine instability.

(D) Hypertension is a risk factor for many conditions, including stroke and other vascular events, but it does not typically cause cervical spine instability or the described neurological findings.

(E) Rheumatoid arthritis is an autoimmune disorder that can cause joint deformities and systemic symptoms. However, it is less likely to cause the acute neurological findings described in the patient.

Considering the patient's presentation and the risk factors listed, none of the options directly explain the cervical spine instability indicated by the ""clunk"" sign. However, given the information provided, the closest association would be with cerebral palsy, as it is a neurological condition that could explain the upper motor neuron signs and the fact that the patient has a history of mental retardation, which is often associated with cerebral palsy.

Therefore, the answer is (A) Cerebral palsy.",,,0.0,0.0
"A 24-year-old man is brought to the emergency department 15 minutes after he sustained a stab wound to the left chest just below the clavicle. On arrival, he has rapid, shallow breathing and appears anxious. His pulse is 135/min, respirations are 30/min and shallow, and palpable systolic blood pressure is 80 mm Hg. He is intubated and mechanically ventilated. Infusion of 0.9% saline is begun. Five minutes later, his pulse is 133/min and blood pressure is 82/45 mm Hg. Examination shows no active external bleeding. There is a 2.5-cm single stab wound to the left chest at the 4th intercostal space at the midclavicular line. Cardiovascular examination shows muffled heart sounds and jugular venous distention. Breath sounds are normal. Further evaluation of this patient is most likely to show which of the following findings?

Options:
A: Tracheal deviation toward the right side
B: Hemoptysis
C: A drop in systolic blood pressure of 14 mmHg during inspiration
D: Herniation of the stomach into the chest
E: Paradoxical motion of part of the chest with breathing
""",C,A,False,"The patient presents with a stab wound to the left chest, rapid, shallow breathing, anxiety, tachycardia, and hypotension. The location of the stab wound, at the 4th intercostal space at the midclavicular line, is concerning for injury to the heart or aorta, given the muffled heart sounds and jugular venous distention (JVD). JVD indicates increased central venous pressure, which can be due to right heart failure or a large pericardial effusion, possibly from cardiac tamponade. Cardiac tamponade is a condition where fluid accumulates in the pericardial space, compressing the heart and impairing its function. This would lead to hypotension and tachycardia, as seen in this patient.

Tracheal deviation (A) is more commonly associated with tension pneumothorax, which is less likely given the normal breath sounds and the location of the stab wound. Hemoptysis (B) could be seen with lung injury or bleeding, but the patient's breath sounds are normal, making significant lung injury less likely. A drop in systolic blood pressure during inspiration (C) is characteristic of a pneumothorax, which is not supported by the normal breath sounds. Herniation of the stomach into the chest (D) refers to a diaphragmatic hernia, which is not indicated by the acute presentation and the location of the stab wound. Paradoxical motion of part of the chest with breathing (E) is indicative of a flail chest, which is not consistent with the normal breath sounds and the specific location of the injury.

Given the location of the stab wound, the muffled heart sounds, and the JVD, the most likely finding would be evidence of cardiac tamponade, which is not listed as an option. However, tracheal deviation (A) can sometimes be seen in cases of severe pericardial effusion due to the pressure on the trachea from the accumulated fluid. Therefore, the answer is (A) Tracheal deviation toward the right side.","A 28-year-old male is involved in an altercation and shot multiple times in the chest, presenting to the emergency department. His initial vital signs include a BP of 72/46, HR 140, RR 30, O2 sat 89% on NRB, and a temp of 98.7F. You intubate the patient successfully, begin intravenous fluids, and place bilateral chest tubes with significant blood return from the right chest tube. Due to the patient's blood loss, you initiate damage control resuscitation including permissive hypotension, source control of bleeding, and a massive transfusion protocol.
---
A 25-year-old female was allegedly stabbed while standing on the corner minding her own business. She was found unconscious (Glasgow Coma Scale 7) and was intubated by the EMS. On arrival in your emergency department, the vitals are stable, but there is decreased air entry on the right side. You skillfully insert a right chest tube and get back 100 ml of blood. You review the post insertion chest tube x-ray and are somewhat disappointed by the position of your tube. It is hitting the mediastinum and curling back on itself and there is persistent white-out on the right.
---
A 43-year-old male presents to your emergency department (ED) the day after being involved in an all-terrain vehicle (ATV) accident. He reports he was riding his ATV along an embankment when it rolled, landing on top of him briefly. He did not seek medical attention at the time of the incident, but he has had persistent chest wall pain and worsening shortness of breath since yesterday evening. He is hemodynamically stable, oxygen saturation is 91% on room air, physical exam reveals ecchymosis and tenderness over the right chest wall with diminished right sided lung sounds. CT scans reveal multiple right sided rib fractures and a hemothorax estimated to measure 500cc with no additional injuries.
---
A 53-year-old woman in good health is brought in by ambulance after a motor vehicle collision. She did not lose consciousness but did bump her head. Her main complaint is chest pain with difficulty breathing. She is tachycardic, tachypnic, and has some mild abdominal pain. You suspect a flail chest on your clinical examination. A FAST examination is performed and is negative.",sgem-109.md | sgem-129.md | sgem-355.md | sgem-181.md,0.746738196452037,0.7246160321650934
"A 17-year-old female is brought to the emergency room by her father because she has been experiencing shortness of breath and chest pain. She says that the chest pain is worse when she breathes or coughs. Furthermore, on the way to the hospital she noticed that there were specks of blood on a tissue that she coughed into. She has no previous medical history and does not recall anything that could have provoked these symptoms. On presentation her temperature is 99°F (37.2°C), blood pressure is 107/65 mmHg, pulse is 102/min, respirations are 21/min, and O2 saturation is 91% on room air. Further testing shows a large filling defect in the pulmonary vessels, and the patient is started on an appropriate treatment intravenously. After drug administration, the effects of the drug are monitored using a standard blood test. Surprisingly, the test results come back within normal parameters. The most likely underlying cause of this patient's symptoms has which of the following modes of inheritance?

Options:
A: Autosomal dominant
B: Autosomal recessive
C: Autosomal partial dominance
D: X-linked dominant
E: X-linked recessive",A,A,True,"The patient is presenting with symptoms of shortness of breath, chest pain that worsens with breathing or coughing, and hemoptysis (coughing up blood). The presence of a large filling defect in the pulmonary vessels suggests a pulmonary embolism, which is often caused by a blood clot that has traveled to the lungs from the venous system, a condition known as pulmonary embolism (PE). The fact that the patient's symptoms are acute and there is no previous medical history or provoking event points towards a hypercoagulable state or thrombophilia.

The mention of a standard blood test that returns to normal parameters after drug administration suggests that the underlying cause might be a condition that can be corrected with a specific treatment. This is characteristic of conditions that involve clotting factors or coagulation pathways.

Among the options given, conditions with modes of inheritance that could lead to a hypercoagulable state include:

A: Autosomal dominant conditions, which can present at any age and do not require both parents to be affected. Examples include Factor V Leiden mutation and prothrombin gene mutation, both of which are common hereditary causes of thrombophilia.
B: Autosomal recessive conditions typically require both parents to be carriers and the patient to inherit two copies of the mutated gene. This is less common in acute presentations like this.
C: Autosomal partial dominance is not a common mode of inheritance for thrombophilias.
D: X-linked dominant conditions would affect males and females, but typically males would be more severely affected. This does not fit the typical pattern of thrombophilias.
E: X-linked recessive conditions typically affect males more severely than females because the gene is on the X chromosome. This does not fit the typical pattern of thrombophilias.

Given the information provided and the common genetic causes of hypercoagulable states, the most likely underlying cause of this patient's symptoms, considering it is a hereditary thrombophilia that can be treated with current medical therapies, would be an autosomal dominant condition.

Therefore, the answer is (A) Autosomal dominant.",,,0.0,0.0
"A 37-year-old man with no significant past medical history is rear-ended in a motor vehicle accident. He reported significant neck pain to emergency responders, but otherwise denies weakness, numbness or tingling in his extremities. His vitals on presentation to the ED are HR 90, BP 140/80, RR 20, SpO2 98%. What is the most appropriate next step upon presentation to the emergency room?

Options:
A: Lateral cervical film
B: Three view cervical spine series
C: Cervical immobilization
D: IV methylprednisolone
E: Observation overnight",C,C,True,"The patient is a 37-year-old man with no significant past medical history who has been involved in a motor vehicle accident and is experiencing significant neck pain. He does not report any weakness, numbness, or tingling in his extremities, which may suggest that there is no spinal cord involvement at this time. His vitals are within normal ranges, indicating that he is hemodynamically stable.

Given the mechanism of injury (rear-end motor vehicle accident) and the symptom of significant neck pain, the primary concern would be to rule out any cervical spine injury, including potential fractures or dislocations that could compromise the spinal cord.

The most appropriate next step in the management of this patient would be to immobilize the cervical spine to prevent any potential further injury while the spine is assessed. This is a standard precaution in the setting of trauma to the neck, even in the absence of neurological deficits.

Options A and B (Lateral cervical film and Three view cervical spine series) are imaging studies that could be used to assess the cervical spine, but they should not precede immobilization. Immediate immobilization is critical to prevent any potential worsening of a spinal injury before imaging is performed.

Option D (IV methylprednisolone) is a treatment that has been used in the past for acute spinal cord injury, but it is not indicated in this patient as there are no signs of spinal cord injury (such as weakness, numbness, or tingling).

Option E (Observation overnight) would not be appropriate without first immobilizing the cervical spine, given the potential for a serious cervical spine injury that could worsen during the night.

Therefore, the answer is (C) Cervical immobilization.",,,0.0,0.0
"The patient is given prophylactic labetalol and magnesium sulfate. Examination shows absent deep tendon reflexes bilaterally. Which of the following is the most appropriate next step in the management of this patient?

Options:
A: Stop magnesium sulfate and give calcium gluconate
B: Stop labetalol
C: Stop magnesium sulfate and give lorazepam
D: Perform nerve conduction studies
E: Perform emergency cesarean section",A,A,True,"The patient is being given prophylactic labetalol and magnesium sulfate, which are commonly used in obstetrics to prevent seizures in women with preeclampsia or eclampsia. The absence of deep tendon reflexes bilaterally could be a sign of magnesium toxicity, which is a known complication of magnesium sulfate therapy. 

The appropriate management for magnesium toxicity includes stopping the magnesium sulfate infusion and administering calcium gluconate, which can help reverse the effects of magnesium toxicity. Calcium gluconate is used because it can counteract the effects of magnesium on the neuromuscular junction.

Option A ""Stop magnesium sulfate and give calcium gluconate"" is the correct choice because it addresses the potential toxicity from the magnesium sulfate.

Option B ""Stop labetalol"" does not directly address the issue of absent deep tendon reflexes, which is more likely due to magnesium toxicity rather than labetalol.

Option C ""Stop magnesium sulfate and give lorazepam"" is not appropriate as lorazepam is used for seizures and does not counteract magnesium toxicity.

Option D ""Perform nerve conduction studies"" is not the immediate next step in management; it would be more appropriate after addressing the potential toxicity.

Option E ""Perform emergency cesarean section"" is not indicated solely based on the absence of deep tendon reflexes and would not address the potential magnesium toxicity.

Therefore, the answer is (A) Stop magnesium sulfate and give calcium gluconate.",,,0.0,0.0
"A 75-year-old woman is brought by a patrolman to the emergency department because of altered mental status. She was found wandering next to the highway. The patient was unable to answer questions and collapsed in transit. Her vitals are: temperature, 33.0°C (91.4°F); pulse, 40/min; respirations,12/min; blood pressure, 80/50 mm Hg; and oxygen saturation, 85% on room air. Physical examination shows decorticate posturing, incomprehensible speech, eyes opening to pain, dry hair, coarse and waxy skin, and non-pitting edema around the face and all extremities. Electrocardiogram shows sinus bradycardia. Laboratory studies show:
Calcium 9.0 mg/dL
Hematocrit (female) 34%
Potassium 4.0 mEq/L
Sodium 120 mEq/L
TSH 110.0 µU/mL
Thyroxine (T4) 1.2 µg/dL
Triiodothyronine (T3) 70 ng/dL
Which of the following is the most likely diagnosis in this patient?

Options:
A: Myxedema coma
B: Pheochromocytoma crisis
C: Septic shock
D: Tertiary hyperparathyroidism
E: Thyroid storm",A,A,True,"The patient presents with altered mental status, hypothermia (temperature of 33.0°C or 91.4°F), bradycardia (pulse of 40/min), hypotension (blood pressure of 80/50 mm Hg), hypoxemia (oxygen saturation of 85% on room air), and specific physical examination findings such as decorticate posturing, incomprehensible speech, eyes opening to pain, dry hair, coarse and waxy skin, and non-pitting edema around the face and all extremities. These findings suggest a hypometabolic state.

The laboratory studies show a low calcium level (9.0 mg/dL), which is consistent with hypocalcemia. The hematocrit is slightly elevated (34%), which could be due to hemoconcentration often seen in hypovolemic states. The potassium level is normal (4.0 mEq/L), and the sodium level is low (120 mEq/L), indicating hyponatremia. The TSH level is markedly elevated (110.0 µU/mL), and the thyroid hormone levels (T4 and T3) are low, which indicates hypothyroidism.

Given the clinical presentation and laboratory findings, the most likely diagnosis is myxedema coma, which is a severe form of hypothyroidism presenting with altered mental status and other systemic manifestations. Myxedema coma can be precipitated by stress, illness, or inadequate thyroid hormone replacement.

Pheochromocytoma crisis (B) typically presents with hypertension, tachycardia, and sweating. Septic shock (C) would likely show signs of infection and a different hemodynamic profile. Tertiary hyperparathyroidism (D) is associated with hypercalcemia, not hypocalcemia. Thyroid storm (E) is characterized by severe hyperthyroidism, which is not consistent with the low T4 and T3 levels in this patient.

Therefore, the answer is (A) Myxedema coma.",,,0.0,0.0
"A 13-year-old boy presents to the emergency department with severe knee, hip, and groin pain. The patient has a past medical history notable only for obesity and asthma. His temperature is 98°F (36.7°C), blood pressure is 124/65 mmHg, pulse is 128/min, respirations are 14/min, and oxygen saturation is 99% on room air. Physical exam is notable for an inability of the patient to bear weight on his left leg and limited range of motion of the left hip. Which of the following is the best management for this patient?

Options:
A: Casting and crutches
B: Immobilization of the hip in a Pavlik harness
C: Supportive therapy and observation
D: Surgical drainage of the hip
E: Surgical pinning of the femoral head",E,D,False,"The patient is a 13-year-old boy with severe knee, hip, and groin pain, obesity, and asthma. His vital signs are within normal limits except for the elevated pulse, which could be due to pain or anxiety. The inability to bear weight and limited range of motion of the left hip suggest a hip pathology. In an obese child with these symptoms, septic arthritis of the hip should be considered, especially given the acute presentation and severe pain.

The options provided are:

A: Casting and crutches - This is typically used for fractures or certain musculoskeletal injuries, not for septic arthritis.
B: Immobilization of the hip in a Pavlik harness - This is used for developmental dysplasia of the hip or mild hip fractures in children, not for septic arthritis.
C: Supportive therapy and observation - While supportive therapy may be part of the management, observation alone is not appropriate for a potentially serious infection like septic arthritis.
D: Surgical drainage of the hip - This is the appropriate management for septic arthritis, as it involves both diagnosis (by aspirating synovial fluid for analysis) and treatment (by removing purulent material).
E: Surgical pinning of the femoral head - This is a treatment for certain types of hip fractures, not for septic arthritis.

Given the clinical presentation and the need for both diagnosis and treatment of a possible septic arthritis, the best management would be surgical drainage of the hip to confirm the diagnosis and provide immediate treatment.

Therefore, the answer is (D) Surgical drainage of the hip.",,,0.0,0.0
"A 51-year-old man is brought to the emergency department because of a 2-day history of fever, abdominal pain, and confusion. His wife states that he has been unable to recall his birthday or her name. He was diagnosed with hepatitis C 3 years ago but refused treatment. He has been treated twice in the past year for acute pancreatitis. There is no family history of serious illness. His only medication is a calcium supplement. He emigrated from India 15 years ago. He appears ill. His temperature is 38.3°C (100.9°F), pulse is 101/min, and blood pressure is 104/68 mm Hg. He is confused and oriented only to person. Examination shows scleral icterus and spider angiomas. There are fine tremors of the hands bilaterally. The abdomen is distended and shifting dullness is present. There is diffuse tenderness to palpation with no guarding. Bowel sounds are absent. Laboratory studies show:
Hemoglobin 12.6 g/dL
Leukocyte count 13,900/mm3
Platelet count 342,000/mm3
Serum
Albumin 2.6 g/dL
Total bilirubin 2.56 mg/dL
Alkaline phosphatase 54 U/L
AST 17 U/L
ALT 44 U/L
Paracentesis is performed. Ascitic fluid analysis shows an albumin concentration of 0.8 g/dL, glucose concentration of 62 mg/dL, and a leukocyte count of 1900/mm3 with 60% neutrophils. Which of the following is the most likely explanation for these findings?""

Options:
A: Pancreatic fluid leakage
B: Aseptic peritoneal inflammation
C: Neoplastic growth
D: Bacterial translocation
E: Perforated viscus",D,B,False,"The patient presents with fever, abdominal pain, confusion, memory impairment, scleral icterus, spider angiomas, and fine tremors of the hands. These symptoms, along with the history of hepatitis C and the physical examination findings of a distended abdomen with shifting dullness, suggest the presence of liver disease and possibly hepatic encephalopathy (confusion, memory impairment). The laboratory findings of low albumin and high total bilirubin are consistent with liver dysfunction. The ascitic fluid analysis shows a low albumin concentration, which is consistent with ascites, and a high leukocyte count with a predominance of neutrophils, indicating an inflammatory process.

Let's evaluate the options:

A: Pancreatic fluid leakage would not typically cause the neurological symptoms (confusion, memory impairment) seen in this patient, and there is no mention of pancreatic pathology in the history or examination.

B: Aseptic peritoneal inflammation, also known as spontaneous bacterial peritonitis (SBP), is a common and severe complication in patients with cirrhosis and ascites. The presence of fever, abdominal pain, and altered mental status, along with the ascitic fluid analysis showing a high leukocyte count with neutrophil predominance, supports this diagnosis.

C: Neoplastic growth could cause ascites, but it is less likely to present with acute fever and confusion unless there is a complication such as tumor lysis syndrome or rupture, which is not indicated here.

D: Bacterial translocation is a mechanism that can lead to SBP, but the term itself does not explain the clinical findings.

E: Perforated viscus typically presents with acute, severe abdominal pain and signs of peritonitis, which would likely cause guarding on examination, a finding that is absent in this patient.

Given the clinical presentation and the ascitic fluid analysis, the most likely explanation for these findings is aseptic peritoneal inflammation, which is consistent with spontaneous bacterial peritonitis (SBP). Therefore, the answer is (B) Aseptic peritoneal inflammation.",,,0.0,0.0
"An 18-month-old girl is brought to the emergency department because of a cough that her parents are worried about. She has had a runny nose and a low-grade fever for the past 2 days, with some hoarseness and a rough-sounding cough that started this afternoon. This evening she began making some high-pitched sounds when taking breaths, and she seemed to be having some trouble breathing. She is alert and does not appear to be in acute distress. She has a temperature of 38.0°C (100.4 °F), with a respiratory rate of 50/min and O2 saturation of 97%. There is audible inspiratory stridor that worsens when she starts to cry during the examination. She has an occasional barking cough. Her pharynx is mildly erythematous with normal tonsils and no exudate. A frontal X-ray of the upper chest airways is obtained (shown in the image). Which of the following is the best step in management?

Options:
A: Anterior-posterior and lateral radiographs of the neck
B: Intubation
C: Racemic epinephrine and intramuscular corticosteroid therapy
D: Intravenous antibiotics
E: Trial of bronchodilator therapy and oral steroids",C,C,True,"The patient is an 18-month-old girl presenting with cough, runny nose, low-grade fever, hoarseness, and high-pitched inspiratory sounds (stridor). The presence of stridor that worsens with crying and a barking cough, along with the fever and upper respiratory symptoms, suggests a diagnosis of croup (laryngotracheobronchitis). The clinical presentation is consistent with this diagnosis, and the X-ray findings would likely support this, though the image is not provided here.

The management of croup typically involves supportive care, as most cases are viral and self-limiting. The options provided are:

A: Anterior-posterior and lateral radiographs of the neck - This would be indicated if there was suspicion of an anatomical abnormality or to rule out other causes of stridor like epiglottitis, but it is not the best next step in the management of a typical croup presentation.
B: Intubation - This is reserved for severe cases of croup with significant airway compromise, which does not seem to be the case here as the patient is alert and not in acute distress.
C: Racemic epinephrine and intramuscular corticosteroid therapy - This is the standard treatment for moderate to severe croup to reduce airway inflammation and improve symptoms.
D: Intravenous antibiotics - These would be indicated if there was suspicion of bacterial infection, but the presentation is more consistent with viral croup.
E: Trial of bronchodilator therapy and oral steroids - Bronchodilators are not typically used in croup as it is not primarily a bronchospasm condition, and steroids alone would be sufficient.

Given the information provided and the typical management of croup, the best step in management would be the administration of racemic epinephrine and corticosteroids to reduce airway inflammation and improve symptoms. Therefore, the answer is (C) Racemic epinephrine and intramuscular corticosteroid therapy.","Parents present to your community emergency department with their 6-month-old daughter. She has had a cough, fever, and *“noisy breathing”* for the past 24 hours. She is otherwise healthy, having had a previously uncomplicated prenatal, delivery, and post-natal course. Her immunizations are up to date. There is no family history of atopy or asthma.
On exam, she is febrile at 38.4 Celsius, pulse 150bpm, respiratory rate 50bpm, and an oxygen saturation of 93% on room air. You even manage to get a blood pressure, which is 78/48. She has a lot of clear nasal discharge and mildly increased work of breathing, with subcostal indrawing. Her cardiac exam is unremarkable, but there is diffuse wheezing throughout the lungs bilaterally, which the parents say has never happened before. The remainder of her exam is reassuring.
---
A 14-month-old boy presents to the emergency department (ED) with two days of upper respiratory symptoms and respiratory distress. He has a cough, fever of 38.5°C, runny nose, and increased work of breathing that started today. He is breathing at a rate of 48 breaths per minute with intercostal retractions and oxygen saturation of 88%. His lung exam reveals bilateral wheezing, rhonchi but no focal findings. He is drinking well, and parents report normal urine output. He is suctioned and given a trial of Beta agonist because he has a history of eczema and a sibling with asthma with no change. Despite your interventions, he continues to breathe rapidly with an oxygen saturation of 89% on room air. You are working with an eager medical student, and she asks, ""Should we start high flow nasal cannula (HFNC) at 2L/kg/min and admit the patient?""
---
A 6-week-old boy is brought by his family to the emergency department for fever. He was found to have a temperature of 38.4C at home this evening. His parents tell you that he has been congested for the past few days and his cough seems to have worsened. They have been using a bulb suction device at home to help him breathe better, and he is still tolerating breastmilk and formula. There is a school-age sibling at home with cough and congestion as well which she has successfully passed on to the rest of the family. On your physical exam, you note that he has clear nasal secretions, normal oxygen saturation, and appears well. His parents ask you, “He’s so little. Do you think he has pneumonia? His sister had pneumonia in the past and got a chest x-ray. Does he need a chest x-ray as well?”
---
A 4-year-old girl presents to your emergency department (ED) with fever and nasal drainage. Her vaccinations are all up to date. Symptoms have been present for the past 12 days. She initially had some cough and congestion which was diagnosed as a viral upper respiratory infection by her primary care doctor. Her symptoms have persisted and yesterday she developed fever (temperature of 38.3°C) and nasal drainage. On physical examination, she has nasal congestion with yellow-colored nasal discharge. The family says to you, ""She’s been sick for almost 2 weeks and the color of her nasal drainage changed to yellow. Does this mean she has a bacterial infection that needs antibiotics?""
---
A 3-year-old boy arrives at the emergency department (ED) with a high fever, rapid breathing, and lethargy. His parents state that he has had a fever and cough for the past three days. He tested positive for influenza two days ago but seems to be getting worse. On exam, he has crackles in his right lung field. His pulse oximeter reads 88% on room air. His heart rate is elevated. He looks sleepy but is clinging to his parents. A medical trainee you are working with asks, *“He looks really sick. Is this pneumonia or could this be sepsis?”*
---
Five-year-old boy presents to the emergency department with a 2-day history of rhinorrhea and congestion. He has been coughing, and it is especially bad at night. Mild fever is reported at home. He is eating and drinking well. On examination, he looks well, is in no apparent distress, and vital signs are all normal. Chest exam reveals no focal crackles or wheeze. You diagnose him with an upper respiratory tract infection (URI) ""cold"".
---
A 3-year-old girl presents to the emergency department (ED) with fever and respiratory distress. Her parents tell you that she has been sick for almost a week and her symptoms seem to be getting worse. In the past few days, her appetite has decreased, and she is breathing harder. On your exam, you note that she is very tired and can barely keep her eyes open. Her oxygen saturation is 78% on room air. She is breathing at a rate of 70 breaths per minute with diffuse retractions and nasal flaring. Your ED team quickly intubates her and places her on a ventilator. There is some improvement in her oxygen saturation to 92% and she is drawing adequate tidal volumes. The respiratory therapist asks you whether you want to increase the FiO2 to improve her oxygen saturation while awaiting transport to the pediatric intensive care unit.
---
A 10-month-old male infant presents to the emergency department (ED) with a low-grade fever, rhinorrhea, and reduced feeding during the last two days. On exam, you notice increased work of breathing, nasal flaring, grunting with subcostal and intercostal retractions. He’s breathing at a rate of 75 per minute with oxygen saturations of 86% on room air. You make a clinical diagnosis of severe bronchiolitis. You start with low-flow O2 therapy but there is no clinical improvement. You discuss with the family the possibility that the child may need to be admitted to the pediatric intensive care unit (PICU) and require escalation of respiratory support with another modality of non-invasive ventilation. Parents look worried and ask you what kind of non-invasive support are you planning to start?",sgem-167.md | sgem-401.md | sgem-446.md | sgem-422.md | sgem-463.md | sgem-26.md | sgem-444.md | sgem-379.md,0.8000645176038699,0.745736542352861
"A 41-year-old man presents to the emergency department with a 6-hour history of muscle cramping, decreased appetite, and diarrhea. He says that these symptoms came on rapidly but does not recall anything that may have triggered the episode. He has never experienced these symptoms before. His past medical history is significant for obesity, sleep apnea, and type 2 diabetes that is well controlled on metformin. He also has gastroesophageal reflux disease for which he occasionally takes antacids. On presentation he is found to have fast, shallow breathing and abdominal pain that is poorly localized. Basic labs as well as an arterial blood gas are obtained and the results are shown below:

Na+: 139 mEq/L
Cl-: 106 mEq/L
HCO3-: 11 mEq/L
pH: 7.25
pCO2: 22 mmHg

Which of the following is the most likely cause of the changes seen in this patient's labs?

Options:
A: Antacids
B: Anxiety
C: Diarrhea
D: Metformin
E: Sleep apnea",D,C,False,"The patient presents with muscle cramping, decreased appetite, and diarrhea. The lab results show a low bicarbonate level (HCO3-) of 11 mEq/L and a low pH of 7.25, indicating metabolic acidosis. The pCO2 is low at 22 mmHg, which suggests a compensatory respiratory alkalosis, as the body tries to correct the acidosis by hyperventilating (fast, shallow breathing).

Now let's consider the options:

A: Antacids typically cause localized symptoms such as heartburn or gastric discomfort, and they do not usually cause systemic metabolic acidosis.

B: Anxiety can cause respiratory alkalosis due to hyperventilation, but it does not cause metabolic acidosis.

C: Diarrhea can lead to metabolic acidosis because it can cause loss of bicarbonate in the stool.

D: Metformin is known to cause a rare but serious side effect of lactic acidosis, which is a type of metabolic acidosis. However, this typically presents with more severe symptoms and is a less common cause of acidosis compared to diarrhea.

E: Sleep apnea can lead to respiratory acidosis due to carbon dioxide retention, but it does not typically cause metabolic acidosis.

Given the patient's symptoms of diarrhea and the lab findings of metabolic acidosis, the most likely cause of the changes seen in this patient's labs is the diarrhea, which can lead to loss of bicarbonate and result in metabolic acidosis.

Therefore, the answer is (C) Diarrhea.",,,0.0,0.0
"A 66-year-old man presents to the emergency department with abdominal pain, nausea, and vomiting. He endorses diffuse abdominal tenderness. His past medical history is notable for diabetic nephropathy, hypertension, dyslipidemia, depression, and morbid obesity. He also is currently being treated for an outbreak of genital herpes. His temperature is 99.0°F (37.2°C), blood pressure is 184/102 mmHg, pulse is 89/min, respirations are 18/min, and oxygen saturation is 98% on room air. Physical exam is notable for an obese man in no acute distress. A CT scan of the abdomen with contrast is performed and is unremarkable. The patient is admitted to the observation unit for monitoring of his pain. Notably, the patient's abdominal pain improves after an enema and multiple bowel movements. The patient's evening laboratory values are ordered and return as seen below.

Serum:
Na+: 141 mEq/L
Cl-: 99 mEq/L
K+: 4.8 mEq/L
HCO3-: 11 mEq/L
BUN: 20 mg/dL
Glucose: 177 mg/dL
Creatinine: 3.1 mg/dL

Which of the following is the most likely etiology of this patient's laboratory derangements?

Options:
A: Acyclovir
B: Atorvastatin
C: Insulin
D: Metformin
E: Metoprolol",D,A,False,"The patient has a history of diabetic nephropathy, hypertension, dyslipidemia, depression, and morbid obesity. He is being treated for an outbreak of genital herpes, which suggests he is likely on antiviral therapy such as acyclovir. His laboratory values show a normal sodium (Na+), chloride (Cl-), potassium (K+), and glucose level, but a low bicarbonate (HCO3-) indicating metabolic acidosis, and an elevated BUN and creatinine, which suggests renal impairment.

Acyclovir, an antiviral medication, can cause crystalline nephropathy if not adequately hydrated, which could lead to acute kidney injury (AKI) and result in the elevated BUN and creatinine. Atorvastatin, a statin, is used for dyslipidemia and is not typically associated with causing metabolic acidosis or significant renal derangements. Insulin is used to manage diabetes, and while it can affect electrolytes, it does not typically cause metabolic acidosis or significant renal impairment. Metformin, used for diabetes management, can cause lactic acidosis, which is a type of metabolic acidosis, but it is less likely to cause acute renal failure. Metoprolol, a beta-blocker used for hypertension, does not typically cause metabolic acidosis or significant renal impairment.

Given the patient's recent treatment for genital herpes and the association of acyclovir with renal impairment when dehydrated, acyclovir is the most likely etiology of the patient's laboratory derangements, particularly the renal impairment.

Therefore, the answer is (A) Acyclovir.",,,0.0,0.0
"A 41-year-old G3P1 woman presents with a sudden onset throbbing headache, tinnitus, nausea, and left-sided weakness. Patient has no significant past medical history and takes no medications.  Her last two pregnancies ended with spontaneous abortions before the 10th week of gestation. No significant family history. Her vital signs include: blood pressure 130/90 mm Hg, pulse 58/min, respiratory rate 11/min, and temperature 36.8℃ (98.2℉). GCS is 14/15. Physical examination shows 3+ deep tendon reflexes and increased muscle tone in the left upper and lower extremities. Laboratory findings are significant for the following:
Platelet count 230,000/mm3
Fibrinogen 3.5 g/L
Activated partial thromboplastin time  70 s
Thrombin time 34 s
 A non-contrast CT of the head is performed and shown in the picture. Which of the following would be the next best diagnostic step in this patient?

Options:
A: Mixing study
B: INR
C: D-dimer
D: Ristocetin-induced platelet aggregation test
E: Clot retraction study",A,A,True,"The patient presents with a sudden onset throbbing headache, tinnitus, nausea, and left-sided weakness. These symptoms, along with the findings of a non-contrast CT of the head (not shown here but presumably normal or not indicating a hemorrhage), suggest a possible stroke. The patient's vital signs are relatively stable, but the presence of tinnitus and headache could also suggest a vascular event such as a transient ischemic attack (TIA) or stroke.

The laboratory findings show a normal platelet count, normal fibrinogen level, and an activated partial thromboplastin time (aPTT) that is prolonged. The thrombin time is normal. The prolonged aPTT could suggest a coagulopathy, but the normal platelet count and fibrinogen level make a bleeding disorder less likely.

Given the patient's history of two spontaneous abortions before the 10th week of gestation, there is a concern for antiphospholipid syndrome (APS), which is associated with recurrent pregnancy loss and thrombotic events. APS can cause a prolonged aPTT due to the presence of lupus anticoagulant, which interferes with the phospholipid-dependent steps in the clotting cascade.

The next best diagnostic step would be to perform tests specific for APS. A mixing study (option A) is used to differentiate between a prolonged aPTT due to a factor deficiency (which would correct with mixing) or the presence of an inhibitor (which would not correct with mixing). Since the aPTT is prolonged and the platelet count and fibrinogen are normal, a mixing study would help determine if the prolonged aPTT is due to an inhibitor, which is consistent with APS.

INR (option B) is a measure of the extrinsic and common coagulation pathways and would not be helpful in this case. D-dimer (option C) is a marker of thrombosis and is typically elevated in conditions with increased clot formation and breakdown, but it is not specific for APS. The Ristocetin-induced platelet aggregation test (option D) is used to diagnose von Willebrand disease, which is not suggested by the clinical scenario. A clot retraction study (option E) is used to diagnose disorders of platelet function, which is also not suggested by the clinical scenario.

Therefore, the answer is (A) Mixing study.",,,0.0,0.0
"An 81-year-old woman is brought to the emergency room by her son after witnessing the patient fall and hit her head. The son reports that the patient was in her usual state of health until she complained of chest palpitations. This startled her while she was climbing down the stairs and lead to a fall. Past medical history is significant for hypertension and atrial fibrillation. Medications are lisinopril, metoprolol, and warfarin. Temperature is 99°F (37.2°C), blood pressure is 152/96 mmHg, pulse is 60/min, respirations are 12/min, and pulse oximetry is 98% on room air. On physical examination, she is disoriented and at times difficult to arouse, the left pupil is 6 mm and non-reactive to light, and the right pupil is 2 mm and reactive to light. A right-sided visual field defect is appreciated on visual field testing. There is 1/5 strength on the right upper and lower extremity; as well as 5/5 strength in the left upper and lower extremity. A computerized tomography (CT) scan of the head is shown. Which of the following most likely explains this patient’s symptoms?

Options:
A: Herniation of the uncus
B: Herniation of the cingulate gyrus
C: Occlusion of the anterior cerebral artery
D: Occlusion of the basilar artery
E: Occlusion of the anterior spinal artery",A,A,True,"The patient is an 81-year-old woman who fell and hit her head after experiencing chest palpitations. She has a history of hypertension and atrial fibrillation and is on warfarin. Upon examination, she is disoriented, has a dilated left pupil that is non-reactive to light, a right-sided visual field defect, and decreased strength on the right side. The CT scan is mentioned but not shown, so we must rely on the clinical findings.

The unilateral dilated pupil that is non-reactive to light and the right-sided visual field defect suggest a problem on the left side of the brain. The visual pathways cross at the optic chiasm, so a right-sided visual field defect typically indicates a left hemisphere issue. The decreased strength on the right side indicates a motor deficit that also points to a left hemisphere problem.

The options given are all potential causes of brain symptoms:

A: Herniation of the uncus - This typically presents with contralateral hemiparesis and ipsilateral oculomotor nerve palsy, which could explain the visual field defect and pupil findings.
B: Herniation of the cingulate gyrus - This can cause changes in mental status and autonomic dysfunction but is less likely to cause the unilateral findings seen in this patient.
C: Occlusion of the anterior cerebral artery - This typically presents with weakness in the lower extremities on the affected side, and possibly cognitive and behavioral changes, but would not typically cause the unilateral pupil dilation and visual field defect seen here.
D: Occlusion of the basilar artery - This can cause brainstem symptoms, including cranial nerve deficits and possibly altered consciousness, but would not typically cause the unilateral findings seen in this patient.
E: Occlusion of the anterior spinal artery - This would cause symptoms related to the spinal cord, such as motor and sensory deficits below the level of the lesion, but would not explain the cranial nerve deficits and visual field defect seen in this patient.

Given the clinical findings of a dilated left pupil non-reactive to light, right-sided visual field defect, and right-sided weakness, the most likely explanation is an uncus herniation, which can cause pressure on the oculomotor nerve (cranial nerve III) and the visual pathways, leading to these findings.

Therefore, the answer is (A) Herniation of the uncus.","A 65-year-old man is brought into the emergency department (ED) by emergency medical services (EMS) after his family saw him slump over at the dinner table. He was confused, slurring his speech, and had trouble moving his right side. Initial evaluation by medics revealed right arm weakness, a right facial droop, and decreased responsiveness. When he arrives at your ED, the family tells you he was doing fine until dinner. A code stroke is activated, and a CT head shows a left basal ganglia hemorrhage with no vascular lesions on CT angiography. Vital signs show a blood pressure (BP) of 190/110, heart rate (HR) 117 and irregularly irregular, respiratory rate (RR) 18, SpO2 99% on room air. You ask the patient’s family about any other medical conditions, and they report he has high blood pressure and atrial fibrillation. He takes metoprolol and apixaban and last took his medications that morning about eight hours before. As you begin to lower his blood pressure, you start thinking about reversal agents for his
---
62-year-old woman who has an unwitnessed ground-level fall while walking on ice and hits her head. There was a possible brief loss of consciousness. Her daughter brought her to the emergency department right away concerned that she might have hurt herself. The patient complains of a headache, but has not vomited and denies other complaints. The daughter feels her mother is acting appropriately. On your evaluation, the patient has a posterior scalp contusion, but no palpable step-off, and otherwise has Glasgow Coma Scale 15 and a non-focal neurological examination.
---
An 85-year-old woman presents to your emergency department with left leg and arm weakness and slurred speech for the last two hours. She has a history of hypertension and diabetes. Her vitals are unremarkable except for a blood pressure of 202/115. A non-contrast CT head is performed that shows no acute intracranial pathology. Upon return from CT scan, the patient is speaking clearly but still has weakness (4/5) in the left arm and leg. Your stroke team asks you to administer alteplase and admit.
---
84-year-old woman (Mrs. C) who lives independently and alone in her own home presents to the emergency department via ambulance with a standing level fall. She was bending over to pick up a letter that had dropped off her desk, lost her balance and hurt her left, non-dominant arm. After the fall, she was afraid to stand and could not reach her telephone, so she laid on the floor calling for help until a neighbor heard her and called 911. She notes infrequent falls at home with no prior injurious falls. Her past medical history includes hypertension and a remote history of breast cancer, but she does not take anti-platelet or anticoagulant medications. An appropriate physical exam is performed and reveals an isolated left shoulder injury. The x-ray of her left shoulder is negative for any fracture. She is diagnosed with a minor contusion and provided with some acetaminophen. The daughter-in-law arrives to take her home, but asks if Mrs. C is at risk for further falls in the future.
---
56-year-old female with sudden onset of left arm and leg weakness with slurred speech presents to the emergency department (ED). She was last seen well two hours prior. Her past medical history includes hypertension and type II diabetes. She is not on any anticoagulation except ASA. There is no previous history of stroke. The neurology led stroke team is not available and you wonder if that will affect her outcome.
---
It’s a busy night in the emergency department, your next patient is a well appearing 70-year-old man, presenting after a mechanical fall from standing with loss of consciousness. He is neurologically intact with a Glasgow Coma Scale (GCS) of 15 one hour after the fall. There are no other external signs of trauma on your exam. He is not on anticoagulation and there is no history of seizures.",sgem-450.md | sgem-106.md | sgem-70.md | sgem-89.md | sgem-290.md | sgem-266.md,0.7394769477297618,0.7170468304696986
"A 41-year-old man presents to the emergency room with sudden onset of blurry vision one hour ago. He states that he was resting at home when he noticed he had difficulty reading. Currently, he is also starting to see double, and is seeing two images on top of each other. Earlier today, he felt ill with nausea, vomiting, and watery diarrhea, which he attributed to food he had eaten at a picnic the day before. When asked which foods he ate, he lists potato salad, a hamburger, deviled eggs, and pickles made by his neighbor. He also heard that his friend who went to the picnic with him has developed similar symptoms and was seen in another hospital earlier. While in the emergency room, the patient’s temperature is 98.4°F (36.9°C), pulse is 75/min, blood pressure is 122/84 mmHg, and respirations are 13/min. Cranial nerve exam is notable for fixed pupillary dilation, and difficulty depressing both eyes. The remainder of his exam is normal. Which of the following is the pathogenesis of this patient’s presentation?

Options:
A: Decreased acetylcholine release
B: Overactivation of adenylate cyclase
C: Release of interferon-gamma
D: Degradation of phospholipids
E: Inhibition of GABA release",A,A,True,"The patient presents with sudden onset of blurry vision, double vision, and difficulty reading. These symptoms suggest a problem with the patient's visual system, possibly related to the cranial nerves. The cranial nerve exam findings of fixed pupillary dilation and difficulty depressing both eyes are indicative of a disorder affecting the oculomotor nerve (cranial nerve III), which controls pupillary constriction and eye movements.

The patient's history of nausea, vomiting, and watery diarrhea after eating at a picnic, along with the fact that his friend developed similar symptoms, suggests a possible foodborne illness. Among the foods listed, potato salad, deviled eggs, and pickles are commonly associated with botulism, which is caused by the toxin produced by the bacterium Clostridium botulinum. Botulism can lead to a condition known as botulism poisoning, which affects the neuromuscular junction by preventing the release of acetylcholine, a neurotransmitter that is essential for muscle contraction.

The other options do not fit the clinical picture:

A: Decreased acetylcholine release - This is consistent with botulism, which causes a decrease in acetylcholine release at the neuromuscular junction.
B: Overactivation of adenylate cyclase - This is not typically associated with foodborne illnesses or the symptoms described.
C: Release of interferon-gamma - This is more related to immune responses and does not fit the clinical presentation.
D: Degradation of phospholipids - This is seen in conditions like malaria or some drug reactions, not in foodborne illnesses or neuromuscular junction disorders.
E: Inhibition of GABA release - This is not consistent with the symptoms or the likely diagnosis.

Given the clinical presentation and the associated symptoms, the most likely pathogenesis is related to botulism, which is associated with decreased acetylcholine release at the neuromuscular junction.

Therefore, the answer is (A) Decreased acetylcholine release.",,,0.0,0.0
"A 43-year-old man comes to the emergency department with nausea, abdominal discomfort, diarrhea, and progressive perioral numbness for the past 24 hours. 3 days ago, he underwent a total thyroidectomy for treatment of papillary thyroid cancer. His only medication is a multivitamin supplement. He appears fatigued. While measuring the patient's blood pressure, the nurse observes a spasm in the patient's hand. Physical examination shows a well-healing surgical wound on the neck. Which of the following ECG findings are most likely in this patient?

Options:
A: Torsade de pointes
B: QT prolongation
C: U waves
D: Peaked T waves
E: PR prolongation",B,B,True,"The patient has recently undergone a total thyroidectomy and is presenting with symptoms such as nausea, abdominal discomfort, diarrhea, and perioral numbness. These symptoms, along with the observed spasm in the patient's hand during blood pressure measurement, suggest the patient may be experiencing hypocalcemia, which is a common complication after thyroidectomy due to accidental removal or damage to the parathyroid glands.

Hypocalcemia can cause increased neuromuscular excitability, which may manifest as tetany, as suggested by the spasm observed during blood pressure measurement. This neuromuscular excitability is due to the increased sensitivity of the nerves to acetylcholine, which can lead to spontaneous contractions of the muscles.

On an electrocardiogram (ECG), hypocalcemia is typically associated with a prolongation of the QT interval. This is because low calcium levels affect the repolarization phase of the cardiac action potential, leading to a delay in the repolarization of the heart muscle cells, which is reflected as a prolonged QT interval on the ECG.

Torsade de pointes (A) is a specific type of ventricular tachycardia that is associated with a prolonged QT interval but is not directly caused by hypocalcemia. QT prolongation (B) is a common ECG finding in hypocalcemia. U waves (C) are associated with hypokalemia, not hypocalcemia. Peaked T waves (D) are typically seen in hyperkalemia. PR prolongation (E) is not typically associated with hypocalcemia.

Given the clinical context and the common ECG findings associated with hypocalcemia, the most likely ECG finding in this patient would be QT prolongation.

Therefore, the answer is (B) QT prolongation.",,,0.0,0.0
"A 68-year-old woman presents with left lower quadrant pain that worsens with defecation. She describes the pain as 'crampy'. She also says she has suffered from mild constipation for the past few years. The patient denies any recent weight change or urinary symptoms. Her last menstrual period was 16 years ago. Her body temperature is 37.8°C (100.0°F), pulse is 102/min, respiratory rate is 16/min, and blood pressure is 133/87 mm Hg. On physical examination, tenderness to palpation in the left lower quadrant is present. The laboratory studies are presented as follows:
Hemoglobin 13.2 mg/dL
Hematocrit 48%
Leukocyte count 16,000/mm³
Neutrophils 89%
Bands 5%
Eosinophils 0%
Basophils 0%
Lymphocytes 11%
Monocytes 0%
Platelet count 380,000/mm³
Which of the following is the most likely diagnosis in this patient?

Options:
A: Diverticulitis
B: Hypothyroidism
C: Adenocarcinoma of the colon
D: Chronic inflammatory bowel disease
E: Irritable bowel syndrome",A,A,True,"The patient is a 68-year-old woman presenting with left lower quadrant pain that worsens with defecation, mild chronic constipation, and no significant weight change or urinary symptoms. Her last menstrual period was 16 years ago, indicating she is postmenopausal. Her vital signs show a mild fever (37.8°C or 100.0°F), tachycardia (pulse 102/min), and normal blood pressure. The physical examination reveals tenderness in the left lower quadrant.

The laboratory studies show an elevated leukocyte count of 16,000/mm³ with a predominance of neutrophils (89%), which suggests an acute inflammatory process. The other laboratory values, including hemoglobin, hematocrit, platelet count, and lymphocyte percentage, do not point towards a specific diagnosis but support the presence of an inflammatory condition.

Now, let's consider the options:

A: Diverticulitis - This condition is consistent with the patient's age, symptoms of left lower quadrant pain that worsens with defecation, and the presence of fever and leukocytosis. Diverticulitis often presents with these findings and is a common cause of such symptoms in the elderly.

B: Hypothyroidism - Typically presents with symptoms such as fatigue, weight gain, cold intolerance, and constipation. The patient does not report weight gain or other symptoms typical of hypothyroidism, and there are no laboratory findings suggestive of this condition.

C: Adenocarcinoma of the colon - While this could present with changes in bowel habits and abdominal pain, the acute presentation with fever and leukocytosis is less typical for cancer, which usually has a more insidious onset.

D: Chronic inflammatory bowel disease - This typically presents with a longer duration of symptoms, including diarrhea, weight loss, and possibly bloody stools. The patient's symptoms are more localized and do not include systemic symptoms typically associated with inflammatory bowel disease.

E: Irritable bowel syndrome - This is a diagnosis of exclusion and is less likely to present with fever and leukocytosis, which suggest an acute inflammatory process rather than a functional disorder.

Given the patient's age, presentation, and laboratory findings, diverticulitis is the most likely diagnosis. Therefore, the answer is (A) Diverticulitis.",,,0.0,0.0
"A 24-year-old pregnant woman at 28 weeks gestation presents to the emergency department with complaints of fever with chills and pain in her knee and ankle joints for the past 2 days. She also complains of headaches and difficulty moving her neck. Further questioning reveals that she had a tick bite on her arm while gardening a few days ago. Past medical history is noncontributory. She takes a multivitamin with iron and folate every day and has been receiving regular prenatal care and the pregnancy is progressing normally. On examination, an erythematous rash is seen on her right arm, as shown in the accompanying photograph. Her obstetric examination is normal. Ultrasound of the fetus is reassuring with a normal heartbeat and no gross abnormalities. A specimen is collected to test for Lyme disease. What is the next best step for this patient?

Options:
A: Ibuprofen
B: Doxycycline
C: Tetracycline
D: Amoxicilin
E: Gentamicin",D,D,True,"The patient presents with symptoms suggestive of Lyme disease, which include fever with chills, joint pain, headache, and difficulty moving her neck (suggestive of meningitis). The history of a tick bite and the presence of an erythematous rash (which could be erythema migrans, a characteristic rash of Lyme disease) further support this diagnosis.

When considering treatment options for Lyme disease during pregnancy, it is important to choose an antibiotic that is safe for both the mother and the fetus. Doxycycline (option B) and tetracycline (option C) are not recommended during pregnancy due to the risk of inhibition of bone growth and discoloration of teeth in the fetus. Ibuprofen (option A) is not an antibiotic and would not treat the underlying infection. Gentamicin (option E) is an aminoglycoside and is not the first-line treatment for Lyme disease.

Amoxicillin (option D) is the recommended antibiotic for the treatment of Lyme disease in pregnant women because it is safe and effective. It can be used throughout pregnancy without harming the fetus.

Therefore, the answer is (D) Amoxicillin.",,,0.0,0.0
"A 52-year-old man is brought to the emergency department with dry cough, shortness of breath, and low-grade fever that began 6 days ago. He also reports that he has had 3 episodes of watery diarrhea per day for the last 2 days. He appears slightly pale. His temperature is 38.0°C (100.4°F), pulse is 65/min, respirations are 15/min, and blood pressure is 140/78 mm Hg. Diffuse crackles are heard over bibasilar lung fields. Laboratory studies show:
Hemoglobin 13.8 g/dL
Leukocyte count 16,000/mm3
Platelet count 150,000/mm3
Serum
Na+ 131 mEq/L
Cl-
102 mEq/L
K+ 4.7 mEq/L
HCO3- 26 mEq/L
Urea nitrogen 18 mg/dL
Creatinine 1.2 mg/dL
An x-ray of the chest shows patchy infiltrates in both lungs. Which of the following is the most appropriate pharmacotherapy?""

Options:
A: Levofloxacin
B: Trimethoprim/sulfamethoxazole
C: Amoxicillin
D: Oseltamivir
E: Rifampin",A,A,True,"The patient presents with symptoms of a respiratory infection, including dry cough, shortness of breath, and low-grade fever, along with watery diarrhea. The presence of diffuse crackles over bibasilar lung fields and patchy infiltrates in both lungs on the chest x-ray suggests a pneumonia. The elevated leukocyte count indicates an infection. The electrolyte imbalance with hyponatremia (low sodium) and the gastrointestinal symptoms could be indicative of a specific type of pneumonia.

Given the combination of respiratory symptoms, diarrhea, and the chest x-ray findings, Legionnaires' disease should be considered. Legionnaires' disease is a type of pneumonia caused by the Legionella pneumophila bacteria, which is often associated with hyponatremia and gastrointestinal symptoms.

The most appropriate pharmacotherapy for Legionnaires' disease is with a macrolide antibiotic, such as levofloxacin, which is effective against Legionella.

Trimethoprim/sulfamethoxazole is typically used for Pneumocystis jirovecii pneumonia or urinary tract infections. Amoxicillin is a broad-spectrum penicillin antibiotic that is not the first choice for Legionella. Oseltamivir is an antiviral medication used for influenza. Rifampin is an antibiotic that is often used for tuberculosis and is not the first-line treatment for Legionella.

Therefore, the answer is (A) Levofloxacin.",,,0.0,0.0
"A 75-year-old woman is brought to the emergency department by her son because of a 2-day history of fever, headache, malaise, and dry cough. The patient lives with her son and his family and her son reports that other members of the family have had similar symptoms during the past week but that he has not had any symptoms. The result of a polymerase chain reaction test confirms that the woman is infected with a virus that has a helical capsid and a segmented genome. Which of the following is the most likely explanation for the son being free of symptoms?

Options:
A: Serum antibodies against hemagglutinin
B: Downregulation of ICAM-1 expression
C: Protease-resistant antibodies in nasal secretions
D: Homozygous mutation in the CCR5 gene
E: High concentration of circulating T cells",A,C,False,"The information provided indicates that the 75-year-old woman has symptoms consistent with a viral infection, and that other family members have had similar symptoms. The PCR test confirms a virus with a helical capsid and a segmented genome, which is characteristic of influenza viruses. The son's lack of symptoms despite exposure suggests that he may have some level of immunity to the virus.

Option A, serum antibodies against hemagglutinin, is a component of the immune response to influenza infection. Hemagglutinin is one of the two main surface proteins of the influenza virus, and antibodies against it can provide immunity.

Option B, downregulation of ICAM-1 expression, is not typically associated with protection from influenza virus infection. ICAM-1 is an intercellular adhesion molecule that may play a role in the pathogenesis of some viral infections, but it is not known for providing protection against influenza.

Option C, protease-resistant antibodies in nasal secretions, refers to the presence of secretory IgA antibodies that can be found in mucosal secretions and are important in mucosal immunity. These antibodies can provide protection against respiratory infections, including influenza.

Option D, a homozygous mutation in the CCR5 gene, is related to resistance to HIV infection, not influenza.

Option E, a high concentration of circulating T cells, could be part of an immune response to infection, but T cells are not specifically known for providing resistance to influenza in the manner that the son is asymptomatic.

Considering the options, the most likely explanation for the son being free of symptoms is that he has some level of immunity to the virus, which could be due to the presence of antibodies. Between serum antibodies and protease-resistant antibodies in nasal secretions, the latter are more relevant to mucosal immunity and protection at the site of entry for respiratory viruses like influenza.

Therefore, the answer is (C) Protease-resistant antibodies in nasal secretions.",,,0.0,0.0
"A 19-year-old man is brought to the emergency department by ambulance because of unusual behavior that started 3 hours ago while he was at a party. He has a history of major depressive disorder and seasonal allergies. His mother has a history of anxiety. He drinks 5 beers on the weekends. Current medications include amitriptyline and diphenhydramine. The patient does not respond to questions and repeatedly says, """"The government is following me everywhere."""" His temperature is 37.9°C (100.2°F), pulse is 115/min, respirations are 24/min, and blood pressure is 160/89 mm Hg. He is diaphoretic. He is not oriented to place or time. Neurologic examination shows dilated pupils bilaterally and diffuse hyperreflexia. His feet are cold, and capillary refill time is 3 seconds. After the examination, the patient starts screaming and tries to bite the physician. Urine toxicology screening is positive for ethyl glucuronide. Which of the following is the most likely explanation for this patient's symptoms?""

Options:
A: Brief psychotic disorder
B: Neuroleptic malignant syndrome
C: Anticholinergic toxicity
D: Lysergic acid diethylamide intoxication
E: Synthetic cathinone intoxication",E,E,True,"The patient is a 19-year-old man with a history of major depressive disorder and seasonal allergies, currently on amitriptyline and diphenhydramine. He presents with unusual behavior, including paranoia, as well as physical symptoms such as fever, tachycardia, hypertension, diaphoresis, and neurologic signs including dilated pupils and hyperreflexia. His disorientation and agitation, along with the positive urine toxicology screening for ethyl glucuronide, suggest intoxication with a substance.

Let's evaluate the options:

A: Brief psychotic disorder - While the patient does exhibit psychotic symptoms, the physical findings and positive toxicology screening make a primary psychiatric disorder less likely.

B: Neuroleptic malignant syndrome - This is a serious reaction to antipsychotic drugs, characterized by fever, altered mental status, muscle rigidity, and autonomic dysfunction. However, the patient is not on any antipsychotic medication, and the presence of ethyl glucuronide suggests intoxication with a substance, not medication-induced neuroleptic malignant syndrome.

C: Anticholinergic toxicity - This could explain the dilated pupils, hyperreflexia, and agitation, as anticholinergic drugs can cause these symptoms. However, amitriptyline, an antidepressant, is more likely to cause anticholinergic side effects, and the presence of ethyl glucuronide suggests recent substance use.

D: Lysergic acid diethylamide (LSD) intoxication - LSD can cause hallucinations and altered mental status, but it is not typically associated with the autonomic instability (such as tachycardia and hypertension) seen in this patient.

E: Synthetic cathinone intoxication - Synthetic cathinones (bath salts) can cause hallucinations, paranoia, tachycardia, hypertension, and hyperthermia, which aligns well with the patient's presentation. The presence of ethyl glucuronide, a metabolite of synthetic cathinones, supports this diagnosis.

Considering the clinical presentation and the positive urine toxicology screening, the most likely explanation for this patient's symptoms is intoxication with a substance that has similar effects to synthetic cathinones. Therefore, the answer is (E) Synthetic cathinone intoxication.",,,0.0,0.0
"A 22-year-old male presents to the emergency room complaining of neck stiffness. He reports that his neck started “locking” three hours ago. He is now unable to move it. His past medical history is notable for schizophrenia and asthma and he currently takes albuterol as well as another medication whose name he does not remember. His temperature is 99.0°F (37.2°C), blood pressure is 130/90 mmHg, pulse is 105/min, and respirations are 18/min. On physical examination, the patient appears anxious and diaphoretic. He speaks in full sentences and is oriented to person, place, and time. The patient’s neck is flexed and rotated to the right approximately 40 degrees. The right sternocleidomastoid and trapezius are firm and contracted. Extraocular movements are full and intact. Upon further questioning, he reports that he took more medication four hours ago because he was hearing voices. Which of the following should most likely be administered to this patient?

Options:
A: Glycopyrrolate
B: Benztropine
C: Levodopa
D: Dantrolene
E: Propranolol",B,B,True,"The patient presents with neck stiffness and a history of taking more medication due to auditory hallucinations, which suggests that he may have ingested an overdose of his antipsychotic medication. Antipsychotics, particularly first-generation ones, can cause extrapyramidal side effects, and in the case of an overdose, they can lead to acute dystonia, which is characterized by muscle contractions that result in twisting and repetitive movements or abnormal postures. The description of the patient's neck being flexed and rotated to the right and the sternocleidomastoid and trapezius muscles being firm and contracted is consistent with this condition.

The treatment for acute dystonia caused by antipsychotic medication overdose is anticholinergic medication, which can relieve the muscle contractions. Among the options provided:

A: Glycopyrrolate is an anticholinergic medication that can be used to treat acute dystonia.
B: Benztropine is also an anticholinergic medication commonly used to treat extrapyramidal symptoms, including acute dystonia.
C: Levodopa is used in the treatment of Parkinson's disease and would not be appropriate for treating dystonia caused by antipsychotic medication overdose.
D: Dantrolene acts directly on skeletal muscle to reduce muscle contraction and is used for conditions like malignant hyperthermia and spasticity, but it is not the first-line treatment for acute dystonia.
E: Propranolol is a beta-blocker and would not be appropriate for treating dystonia caused by antipsychotic medication overdose.

Between options A and B, benztropine (option B) is more commonly used for acute dystonia caused by antipsychotic medication overdose. Therefore, the answer is (B) Benztropine.",,,0.0,0.0
"A 41-year-old man comes to the emergency department with nausea, abdominal discomfort, and diarrhea for the past 2 days. His abdominal discomfort is worse shortly after meals. He has also had progressive perioral numbness and upper-extremity muscle cramping for the past 24 hours. Six months ago, he underwent a Roux-en-Y gastric bypass to treat obesity. He underwent a total thyroidectomy to treat a Hurthle cell lesion 4 days ago. His mother died of lung cancer at age 68. He has smoked 1 pack of cigarettes daily for 22 years. His only current medication is a multivitamin supplement. He appears fatigued. His temperature is 36°C (96.8°F), pulse is 72/min, respirations are 20/min, and blood pressure is 130/70 mm Hg. While measuring the patient's blood pressure, the nurse observes spasm of the patient's hand. Physical examination shows a well-healing surgical wound on the neck. The abdomen is mildly tender to palpation with well-healed laparoscopic incisional sites. The remainder of the examination shows no abnormalities. Serum studies show:
Na+ 138 mEq/L
K+ 4.2 mEq/L
Cl- 102 mEq/L
HCO3- 25 mEq/L
Mg2+ 1.7 mEq/L
Phosphorus 4.3 mg/dL
25-hydroxyvitamin D 20 ng/mL (N: 20-100 ng/mL)
Parathyroid hormone 115 pg/mL
Total bilirubin, serum 0.7 mg/dL
Alanine aminotransferase, serum 14 U/L
Aspartate aminotransferase, serum 15 U/L
Alkaline phosphatase, serum 42 U/L
Which of the following is the most appropriate initial step in the management of this patient?""

Options:
A: Obtain abdominal CT
B: Observation only
C: Begin rehydration therapy
D: Administer calcium gluconate
E: Supplementation with vitamin D",D,C,False,"The patient presents with nausea, abdominal discomfort, diarrhea, perioral numbness, and muscle cramping. These symptoms, along with the recent total thyroidectomy, suggest a possible case of hypocalcemia, which is a common complication after thyroid surgery due to accidental removal or damage to the parathyroid glands. The serum studies show a normal calcium level (Na+ 138 mEq/L), but the magnesium level is low (Mg2+ 1.7 mEq/L), which can contribute to hypocalcemia by decreasing the binding of calcium and resulting in a relative deficiency of free calcium. The normal parathyroid hormone (PTH) level makes primary hyperparathyroidism unlikely.

The patient's symptoms of muscle cramping and perioral numbness, along with the low magnesium level, suggest hypomagnesemia, which can cause hypocalcemia by decreasing PTH secretion and resistance to PTH. Therefore, magnesium repletion is often necessary to correct hypocalcemia.

Given the patient's symptoms and the recent thyroid surgery, the most appropriate initial step in management would be to address the hypomagnesemia, as this is likely contributing to the patient's symptoms and may also be affecting calcium levels.

Therefore, the answer is (C) Begin rehydration therapy.",,,0.0,0.0
"A 32-year-old man with HIV infection is brought to the emergency department by his roommate because of a 2-week history of progressively worsening headache and vomiting. Current medications include trimethoprim-sulfamethoxazole, dolutegravir, and tenofovir-emtricitabine. His temperature is 38.5°C (101.3°F). Physical examination shows nuchal rigidity. Kernig and Brudzinski signs are present. A lumbar puncture is performed and shows an opening pressure of 32 cm H2O (N: < 20). The pathogen isolated from the cerebrospinal fluid (CSF) can be cultured on Sabouraud agar. Further evaluation of this patient's CSF is most likely to show which of the following additional findings?

Options:
A: Positive latex agglutination test
B: Positive PCR for HSV-2 DNA
C: Presence of tachyzoites
D: Increased adenosine deaminase concentration
E: Positive PCR for JC virus DNA",A,A,True,"The patient presents with symptoms of meningitis, as evidenced by the headache, vomiting, fever, nuchal rigidity, and positive Kernig and Brudzinski signs. The elevated opening pressure during the lumbar puncture is also consistent with meningitis. The fact that the patient has HIV and is on antiretroviral therapy suggests that he is immunocompromised, which puts him at higher risk for opportunistic infections.

The pathogen can be cultured on Sabouraud agar, which is a medium used for the isolation of fungi. Given the patient's immunocompromised status and the use of Sabouraud agar, the most likely pathogen is Cryptococcus neoformans, a common cause of meningitis in patients with HIV/AIDS.

Now, let's evaluate the answer choices in the context of Cryptococcus neoformans infection:

A: Positive latex agglutination test - This test is used for the diagnosis of cryptococcal meningitis. It detects antigen from Cryptococcus in the CSF.

B: Positive PCR for HSV-2 DNA - This would indicate herpes simplex virus type 2, which is not consistent with the use of Sabouraud agar for culture.

C: Presence of tachyzoites - Tachyzoites are associated with toxoplasmosis, not a fungal infection.

D: Increased adenosine deaminase concentration - This finding is associated with HIV infection and not specifically with fungal meningitis.

E: Positive PCR for JC virus DNA - This would indicate a diagnosis of progressive multifocal leukoencephalopathy (PML), which is not consistent with the use of Sabouraud agar.

Given the information provided and the likely diagnosis of cryptococcal meningitis, the most likely additional finding in this patient's CSF would be a positive latex agglutination test, which is used for the diagnosis of cryptococcal meningitis.

Therefore, the answer is (A) Positive latex agglutination test.",,,0.0,0.0
"A 43-year-old woman is brought to the emergency department by her brother for severe chest pain. The patient recently lost her husband in a car accident and is still extremely shocked by the event. On physical examination, her blood pressure is 105/67 mm Hg, the heart rate is 96/min and regular, breathing rate is 23/min, and the pulse oximetry is 96%. An S3 heart sound and rales in the lower right and left lung lobes are heard. A 12-lead ECG shows no significant findings. Echocardiography shows an enlarged left ventricle and left atrium. The patient is stabilized and informed about the diagnosis and possible treatment options. Which of the following is the most likely diagnosis?

Options:
A: Aortic stenosis
B: Atrial fibrillation
C: Constrictive pericarditis
D: Takotsubo cardiomyopathy
E: Restrictive cardiomyopathy",D,D,True,"The patient is a 43-year-old woman presenting with severe chest pain following a significant emotional event (recent loss of her husband). Her vital signs show a relatively low blood pressure and a slightly elevated heart rate. The presence of an S3 heart sound and rales in the lung lobes could indicate heart failure or fluid overload. The ECG shows no significant findings, which means there are no signs of ischemia or infarction. However, the echocardiography reveals an enlarged left ventricle and left atrium.

Let's evaluate the options:

A: Aortic stenosis typically presents with a systolic ejection murmur and would not typically cause an enlarged left ventricle and left atrium without significant pressure overload or long-standing disease.

B: Atrial fibrillation would likely show an irregularly irregular rhythm on ECG, which is not present in this case.

C: Constrictive pericarditis could cause an enlarged ventricle due to the increased pressure from the constricted pericardium, but it is less likely to be associated with pleuritic chest pain and would not typically present with an S3 heart sound.

D: Takotsubo cardiomyopathy, also known as stress-induced cardiomyopathy, is often precipitated by emotional or physical stress and can present with symptoms mimicking acute coronary syndrome. It is characterized by transient regional wall motion abnormalities, often with an enlarged left ventricle, which fits the presentation of this patient.

E: Restrictive cardiomyopathy would not typically present acutely after an emotional event and is characterized by stiff ventricular walls that impair diastolic filling, not typically causing an enlarged left ventricle and left atrium.

Given the acute presentation following a significant emotional event, the presence of an S3 heart sound, rales, and an enlarged left ventricle and left atrium on echocardiography, the most likely diagnosis is Takotsubo cardiomyopathy. Therefore, the answer is (D) Takotsubo cardiomyopathy.",A 33-year-old woman presents to the emergency department with sharp retrosternal chest pain which is pleuritic in nature. Well’s low and PERC negative. ECG consistent with acute pericarditis. Other lab investigations normal.,sgem-86.md,0.7087396304324034,0.7087396304324034
"A 56-year-old man is brought to the emergency department. He was found unconscious on the street. The staff recognizes him as a local homeless man with a long history of alcoholism. At the hospital, his pulse is 95/min, the blood pressure is 110/70 mm Hg, the respirations are 20/min, and the oxygen saturation is 98% on room air. On physical exam, the unconscious man is covered in bloody vomit with small clots and food particles. He smells of alcohol. A digital exam reveals black tarry stool in the rectal vault. The patient is given oxygen, IV fluids, and an NG-tube is placed and set to intermittent suction. Labs are sent and the patient is prepared for a procedure. Which of the following is the most appropriate next step in his management?

Options:
A: Undergo colonoscopy
B: Undergo upper GI endoscopy
C: Selective mesenteric angiography
D: Proton pump inhibitors with anti-H.pylori regimen
E: Surgery for peptic ulcer disease",B,B,True,"The patient presents with a history of alcoholism and is found unconscious with bloody vomit and black tarry stools, which suggests upper gastrointestinal (GI) bleeding. The presence of blood in the vomit and black tarry stools (melena) indicates that the bleeding is likely originating from an upper GI source. The fact that he is unconscious and has bloody vomit suggests that the bleeding may be significant and could be life-threatening.

The initial management steps described, such as providing oxygen, IV fluids, and placing an NG-tube, are appropriate for a patient with suspected upper GI bleeding to stabilize the patient and prevent aspiration.

Given the clinical presentation and the need to identify and manage the source of bleeding, the most appropriate next step in management would be to perform an upper GI endoscopy. This procedure allows direct visualization of the upper GI tract to identify the source of bleeding, which could be a peptic ulcer, Mallory-Weiss tear, or another cause of upper GI bleeding. It also allows for therapeutic interventions such as cautery or clipping of bleeding vessels, biopsy if needed, and stabilization of varices if present.

Colonoscopy (A) is not indicated in this scenario as the presentation suggests an upper GI source rather than a lower GI source. Selective mesenteric angiography (C) is typically reserved for cases where bleeding is ongoing and not easily controlled with endoscopy. Proton pump inhibitors with anti-H.pylori regimen (D) are part of the treatment for peptic ulcer disease but are not the immediate next step in the management of an acute upper GI bleed. Surgery for peptic ulcer disease (E) is usually reserved for cases where endoscopic treatment fails or is not possible.

Therefore, the answer is (B) Undergo upper GI endoscopy.",,,0.0,0.0
"A 25-year-old man presents to the emergency department with altered mental status. He was found down in the middle of the street. His past medical history is unknown. His temperature is 99.0°F (37.2°C), blood pressure is 104/64 mmHg, pulse is 70/min, respirations are 5/min, and oxygen saturation is 91% on room air. The patient is being resuscitated in the trauma bay. Which of the following was most likely to be found on exam?

Options:
A: Ataxia
B: Conjunctival injection
C: Miosis
D: Mydriasis
E: Nystagmus",C,C,True,"The patient is a 70-year-old man who fell and experienced a loss of consciousness but is now neurologically intact with a GCS of 15. There are no external signs of trauma, and he is not on anticoagulation with no history of seizures.

The 25-year-old man presents with altered mental status, and his vital signs show a low respiratory rate (5/min) and low oxygen saturation (91% on room air). This patient is likely experiencing some form of drug intoxication or poisoning, given the altered mental status and respiratory depression.

Now, let's analyze the options in the context of the clinical scenario:

A: Ataxia - This is a sign of cerebellar dysfunction and could be seen in various conditions, including intoxication with substances that affect the cerebellum. However, it is not specific to any particular substance.

B: Conjunctival injection - This is redness of the eyes and can be associated with various conditions, including trauma, allergies, or drug use (e.g., marijuana).

C: Miosis - This is the constriction of the pupils and is typically associated with opioid intoxication.

D: Mydriasis - This is the dilation of the pupils and can be seen with anticholinergic poisoning or stimulant use.

E: Nystagmus - This is an involuntary eye movement and can be seen in various conditions, including intoxication with certain substances, but it is not specific to any particular substance.

Given the patient's presentation with altered mental status and respiratory depression, opioid intoxication is a likely cause, which would present with miosis (constriction of the pupils). Therefore, the answer is (C) Miosis.","It’s a busy night in the emergency department, your next patient is a well appearing 70-year-old man, presenting after a mechanical fall from standing with loss of consciousness. He is neurologically intact with a Glasgow Coma Scale (GCS) of 15 one hour after the fall. There are no other external signs of trauma on your exam. He is not on anticoagulation and there is no history of seizures.",sgem-266.md,0.7038173632150888,0.7038173632150888
"A 23-year-old man is brought to the emergency department 25 minutes after being involved in a high-speed motor vehicle collision in which he was the restrained driver. On questioning by the paramedics, he reported severe chest pain and mild dyspnea. On arrival, he is confused and unable to provide a history. His pulse is 93/min, respirations are 28/min, and blood pressure is 91/65 mm Hg. Pulse oximetry on room air shows an oxygen saturation of 88%. He is able to move his extremities in response to commands. He opens his eyes spontaneously. Pupils are equal and reactive to light. Examination shows multiple bruises over the trunk and extremities. There is a 3-cm (1.2-in) wound at the left fifth intercostal space at the midclavicular line. There is jugular venous distention. Decreased breath sounds and hyperresonance on percussion are noted on the left. Which of the following is the most appropriate next step in management?

Options:
A: CT scan of the chest
B: Bronchoscopy
C: Emergency thoracotomy
D: Needle decompression
E: X-ray of the chest
""",D,D,True,"The patient presents with signs of a tension pneumothorax following a motor vehicle collision. The clinical signs include confusion, severe chest pain, dyspnea, hypotension, tachycardia, and jugular venous distention. The presence of a wound at the left fifth intercostal space at the midclavicular line and decreased breath sounds with hyperresonance on percussion over the left chest suggest a pneumothorax. In the setting of trauma with these clinical signs, a tension pneumothorax is a life-threatening condition that requires immediate intervention to prevent cardiovascular collapse.

The appropriate management for a tension pneumothorax is to decompress the pleural space to relieve the pressure on the heart and other mediastinal structures. This is typically done with a needle decompression in the emergency setting, followed by a chest tube placement.

Option A (CT scan of the chest) is not appropriate as it would delay the necessary immediate intervention.
Option B (Bronchoscopy) is not indicated in this acute setting and would not address the tension pneumothorax.
Option C (Emergency thoracotomy) is a more invasive procedure and is not the first-line treatment for tension pneumothorax.
Option D (Needle decompression) is the correct initial management for tension pneumothorax.
Option E (X-ray of the chest) would confirm the diagnosis but would delay the necessary treatment.

Therefore, the answer is (D) Needle decompression.","A 43-year-old male presents to your emergency department (ED) the day after being involved in an all-terrain vehicle (ATV) accident. He reports he was riding his ATV along an embankment when it rolled, landing on top of him briefly. He did not seek medical attention at the time of the incident, but he has had persistent chest wall pain and worsening shortness of breath since yesterday evening. He is hemodynamically stable, oxygen saturation is 91% on room air, physical exam reveals ecchymosis and tenderness over the right chest wall with diminished right sided lung sounds. CT scans reveal multiple right sided rib fractures and a hemothorax estimated to measure 500cc with no additional injuries.
---
A 24-year-old patient is involved in a high-speed motor vehicle collision. The patient was the intoxicated driver of a sport utility vehicle that left the road and collided head-on with a traffic light. The driver was ejected from the vehicle. On scene, he has a Glasgow Coma Scale (GCS) score of 14, is tachycardic at 130 beats per minute and hypotensive at 85/50 mmHg. He complains of severe pain in his abdomen and left upper extremity. He has an obvious angulated deformity of his left wrist.
Pre-hospital personnel placed the patient in a cervical spine collar, obtained peripheral intravenous (IV) access, administered 250cc of 0.9% saline and provided rapid transport to the local trauma center which is less than 15 minutes away. On arrival at the trauma center, the patient’s vital signs and symptoms remain essentially unchanged from those on scene.
---
A 53-year-old woman in good health is brought in by ambulance after a motor vehicle collision. She did not lose consciousness but did bump her head. Her main complaint is chest pain with difficulty breathing. She is tachycardic, tachypnic, and has some mild abdominal pain. You suspect a flail chest on your clinical examination. A FAST examination is performed and is negative.
---
You are driving home from a busy shift and see a car collision occur right in front of you. The driver is a restrained self-extricated male who lost control of his vehicle into a light post and the vehicle’s airbags deployed. After safely pulling over and having a bystander call 911, you evaluate the patient. He is speaking in full sentences without confusion, has a strong, rapid pulse, significant pain in his chest and is having a very hard time breathing. As you wait for EMS to arrive, you quickly dash back to your car to retrieve your stethoscope and an angiocatheter you have in your glovebox. You notice a marked difference between breath sounds on the left side and decide the patient needs treatment for a tension pneumothorax. After obtaining consent from the patient, you debate whether to decompress at the second intercostal space in the midclavicular line as you originally learned, or in the fourth/fifth intercostal space midaxillary line as per the current ATLS guidelines.
---
A 28-year-old male is involved in an altercation and shot multiple times in the chest, presenting to the emergency department. His initial vital signs include a BP of 72/46, HR 140, RR 30, O2 sat 89% on NRB, and a temp of 98.7F. You intubate the patient successfully, begin intravenous fluids, and place bilateral chest tubes with significant blood return from the right chest tube. Due to the patient's blood loss, you initiate damage control resuscitation including permissive hypotension, source control of bleeding, and a massive transfusion protocol.",sgem-355.md | sgem-443.md | sgem-181.md | sgem-339.md | sgem-109.md,0.7788518190875185,0.7426957404827024
"A 40-year-old businessman who was previously well is brought into the emergency department by his assistant with a complaint of left-sided weakness after a chiropractic neck manipulation. He has never felt like this before. Past medical history is insignificant. His blood pressure is 125/75 mm Hg, pulse 86/min, respiratory rate 13/min, temperature 36.8°C (98.2°F). A T2-weighted MRI shows a left C5 hemicord lesion. The patient is treated with cervical immobilization, a course of steroids, and physical therapy. What other finding will most likely be seen in this patient?

Options:
A: Spastic paralysis at the level of lesion
B: Right-sided Horner's syndrome
C: Contralateral corticospinal tract involvement
D: Right-sided analgesia
E: Contralateral loss of vibration and proprioception",D,A,False,"The patient presents with left-sided weakness following a chiropractic neck manipulation, which suggests a cervical spine injury. The MRI finding of a left C5 hemicord lesion supports this. Hemicord lesions typically result in ipsilateral motor deficits due to damage to the anterior horn cells and corticospinal tract, which cross to the opposite side of the body at the level of the medulla. However, the damage to the dorsal columns (which carry vibration and proprioception information) and the spinothalamic tract (which carries pain and temperature information) occurs at the level of the lesion.

Given the location of the lesion at C5, the ipsilateral (same side) symptoms would be expected. This would include spastic paralysis at the level of the lesion due to damage to the anterior horn cells, which would cause upper motor neuron signs such as spasticity, hyperreflexia, and the presence of pathological reflexes like the Babinski sign.

Option A (Spastic paralysis at the level of lesion) is consistent with an upper motor neuron lesion at C5. Options B (Right-sided Horner's syndrome), C (Contralateral corticospinal tract involvement), D (Right-sided analgesia), and E (Contralateral loss of vibration and proprioception) are not consistent with a left C5 hemicord lesion. Horner's syndrome would be seen with a lesion affecting the sympathetic pathway, typically at the level of the cervical spinal cord below C5. Contralateral involvement of the corticospinal tract would not occur with a unilateral C5 lesion. Loss of vibration and proprioception would be ipsilateral, not contralateral, to the lesion due to the crossing of these sensory pathways at the level of the medulla. Analgesia would not be expected with a C5 lesion as this does not affect the spinothalamic tract, which carries pain and temperature sensations.

Therefore, the answer is (A) Spastic paralysis at the level of lesion.",,,0.0,0.0
"A 35-year-old Caucasian female presents to the emergency room with unilateral leg swelling. She reports that she developed painful left-sided leg swelling and redness earlier in the day. She is otherwise healthy and takes no medications. She denies any recent prolonged travel. She experienced a similar episode affecting the opposite leg one year ago and was diagnosed with a thrombus in the right femoral vein. On examination, the left leg is erythematous and swollen. Passive dorsiflexion of the left ankle elicits pain in the left calf. Ultrasound of the leg reveals a thrombus in the left popliteal vein. A genetic workup reveals that she has an inherited condition. What is the most likely pathophysiology of this patient’s condition?

Options:
A: Elevated serum homocysteine
B: Thrombin inhibitor deficiency
C: Deficiency in protein C
D: Auto-antibodies directed against phospholipids
E: Resistance to clotting factor degradation",E,C,False,"The patient presents with unilateral leg swelling, redness, and pain, which are symptoms suggestive of deep vein thrombosis (DVT). The fact that she had a similar episode in the past and was diagnosed with a thrombus in the right femoral vein indicates that she may have a predisposition to thrombotic events. The genetic workup suggests an inherited condition that predisposes her to thrombosis.

Let's evaluate the options:

A: Elevated serum homocysteine can be associated with hyperhomocysteinemia, which is a risk factor for thrombosis. However, it is not typically considered an inherited condition but rather a condition that can be influenced by genetic factors, diet, and other lifestyle choices.

B: Thrombin inhibitor deficiency, such as Protein C or S deficiency, is an inherited condition that increases the risk of thrombosis. These proteins are important for the regulation of coagulation, and their deficiency can lead to an increased risk of DVT.

C: Deficiency in protein C is a specific type of thrombin inhibitor deficiency and could be the cause of her condition. Protein C deficiency is an inherited condition that increases the risk of thrombosis.

D: Auto-antibodies directed against phospholipids are characteristic of antiphospholipid syndrome, which is an acquired condition rather than an inherited one. It is associated with recurrent thrombosis, pregnancy complications, and other symptoms.

E: Resistance to clotting factor degradation is seen in conditions like Factor V Leiden, which is a genetic mutation that leads to resistance to the anticoagulant effects of activated protein C. This condition increases the risk of DVT.

Given that the question specifies that the patient has an inherited condition and the fact that she has had a previous DVT, the most likely inherited conditions that could explain her recurrent DVTs are thrombin inhibitor deficiency (option B) or resistance to clotting factor degradation (option E). Since option C is a specific type of thrombin inhibitor deficiency, it is a more precise answer than option B. Therefore, the answer is (C) Deficiency in protein C.",,,0.0,0.0
"An unconscious 55-year-old man is brought to the Emergency Department by ambulance. He had recently lost his job and his house was about to begin foreclosure. His adult children were concerned for his well being and called the police requesting a welfare check. He was found unresponsive in his gurague. There were several empty bottles of vodka around him and one half empty container of antifreeze. A review of his medical records reveals that he was previously in good health. Upon arrival to the ED he regains consciousness.  His blood pressure is 135/85 mmHg, heart rate 120/min, respiratory rate 22/min, and temperature 36.5°C (97.7°F). On physical exam his speech is slurred and he has difficulty following commands. His abdomen is diffusely tender to palpation with no rebound tenderness. Initial laboratory tests show an elevated serum creatinine (Cr) of 1.9 mg/dL, and blood urea nitrogen (BUN) of 29 mg/dL. Which of the following findings would be expected in this patient’s urine?

Options:
A: Eosinophilia
B: Calcium oxalate crystals
C: Hyaline casts
D: Urine ketones
E: Urate crystals",B,B,True,"The patient's presentation suggests he has ingested a toxic substance, as evidenced by the empty bottles of vodka and the container of antifreeze found with him. Antifreeze contains ethylene glycol, which is metabolized to toxic metabolites that can cause kidney injury. The elevated serum creatinine and BUN suggest renal impairment, which is consistent with ethylene glycol poisoning.

Eosinophilia (A) is typically associated with allergic reactions or parasitic infections, not with ethylene glycol poisoning. Calcium oxalate crystals (B) can be found in the urine of patients who have ingested ethylene glycol, as the metabolites of ethylene glycol precipitate as calcium oxalate crystals in the renal tubules. Hyaline casts (C) are often seen in urine when there is dehydration or in normal circumstances, but they are not specific to ethylene glycol poisoning. Urine ketones (D) are associated with diabetic ketoacidosis or starvation, not with ethylene glycol poisoning. Urate crystals (E) are associated with gout or high purine turnover, not with ethylene glycol poisoning.

Given the history of ingestion of antifreeze and the renal impairment, the most likely finding in this patient's urine would be calcium oxalate crystals, which are a result of the metabolism of ethylene glycol.

Therefore, the answer is (B) Calcium oxalate crystals.",,,0.0,0.0
"A 34-year-old woman is assaulted and suffers a number of stab wounds to her abdomen. Bystanders call paramedics and she is subsequently taken to the nearest hospital. On arrival to the emergency department, her vitals are T: 36 deg C, HR: 110 bpm, BP: 100/60, RR: 12, SaO2: 99%. A FAST and abdominal CT are promptly obtained which are demonstrated in Figures A and B, respectively. Her chart demonstrates no other medical problems and vaccinations/boosters up to date. The patient is diagnosed with a Grade V splenic laceration and is immediately brought to the OR for emergent splenectomy. The splenectomy is successfully performed with removal of the damaged spleen (Figure C). Following the operation, the patient should receive which of the following vaccines: (I) H. influenzae (II) Tetanus (III) N. meningitidis (IV) S. pneumoniae (V) Hepatitis B

Options:
A: I, II
B: I, III, IV
C: I, V
D: II only
E: III, IV",B,B,True,"The patient has undergone an emergent splenectomy due to a Grade V splenic laceration. The spleen plays a crucial role in filtering bacteria and mounting an immunologic response, particularly against encapsulated organisms. Patients without a spleen (asplenic) are at increased risk for infections by certain encapsulated bacteria. Therefore, it is standard practice to vaccinate asplenic patients against these pathogens to prevent overwhelming post-splenectomy infection (OPSI).

The encapsulated bacteria that are most commonly vaccinated against in asplenic patients are:
- Streptococcus pneumoniae
- Haemophilus influenzae type b (Hib)
- Neisseria meningitidis

Tetanus and hepatitis B vaccines are not specifically indicated based on the asplenic status. Tetanus vaccination is generally given in the context of wound management if the patient's vaccination status is not current, and hepatitis B vaccination is given based on exposure risks or as part of a routine vaccination schedule, but not specifically due to splenectomy.

Given this information, the appropriate vaccines for this patient post-splenectomy would be those that protect against the encapsulated organisms.

Therefore, the answer is (B) I, III, IV.",,,0.0,0.0
"A 67-year-old woman presents from home hospice with a change in her mental status. She has seemed more confused lately and is unable to verbalize her symptoms. Her temperature is 102°F (38.9°C), blood pressure is 117/65 mmHg, pulse is 110/min, respirations are 19/min, and oxygen saturation is 95% on room air. Physical exam is notable for a right upper quadrant mass that elicits discomfort when palpated. Ultrasound is notable for pericholecystic fluid and gallbladder wall thickening without any gallstones. Which of the following is the most likely diagnosis?

Options:
A: Acalculous cholecystitis
B: Calculous cholescystitis
C: Choledocholithiasis
D: Emphysematous cholecystitis
E: Hepatic adenoma",A,A,True,"The patient is a 67-year-old woman who is presenting with a change in mental status, confusion, and an inability to verbalize symptoms. She has a fever of 102°F (38.9°C), which indicates an infection or inflammation. Her vital signs also show tachycardia with a pulse of 110/min, which could be due to fever or another systemic response. The physical exam reveals a right upper quadrant mass that is painful upon palpation, and the ultrasound shows pericholecystic fluid and gallbladder wall thickening without any gallstones.

Let's analyze the options:

A: Acalculous cholecystitis is inflammation of the gallbladder without the presence of gallstones. It is often seen in critically ill patients and can present with fever, abdominal pain, and altered mental status.

B: Calculous cholescystitis is inflammation of the gallbladder with the presence of gallstones, which is not consistent with the ultrasound findings in this case, as no gallstones are mentioned.

C: Choledocholithiasis refers to the presence of one or more gallstones in the common bile duct, which is not indicated by the ultrasound findings or the clinical presentation.

D: Emphysematous cholecystitis is a severe form of acute cholecystitis with gas-forming organisms and is more common in diabetic patients. There is no mention of diabetes or the presence of gas within the gallbladder wall on imaging, which would be suggestive of emphysematous cholecystitis.

E: Hepatic adenoma is a benign liver tumor and would not typically present with acute inflammatory signs or symptoms of cholecystitis.

Given the clinical presentation and ultrasound findings, the most likely diagnosis is acalculous cholecystitis, which can occur in critically ill patients and the elderly, and can present with systemic signs of infection and inflammation without the presence of gallstones.

Therefore, the answer is (A) Acalculous cholecystitis.",,,0.0,0.0
"A 35-year-old female is brought to the emergency department after being found unconscious. The patient is found to have a blood glucose level of 35 mg/dL. Hgb A1c was found to be 5.1%. C-peptide level was found to be decreased. The patient returned to her baseline after glucose replacement. She states that she has never had an episode like this before. She has no significant past medical history but reports a family history of diabetes in her mother. She states that she has been undergoing a difficult divorce over the past few months. What is the likely cause of this patient's condition?

Options:
A: Insulinoma
B: Factitious disorder
C: Alimentary hypogylcemia
D: Hypothyroidism
E: Somatization disorder",B,B,True,"The patient presented with unconsciousness and a significantly low blood glucose level (35 mg/dL), which is indicative of hypoglycemia. The Hgb A1c level of 5.1% is within the normal range, suggesting that the patient does not have chronic diabetes. The decreased C-peptide level indicates that the hypoglycemia is not due to endogenous hyperinsulinism (as seen in insulinoma) because C-peptide is co-secreted with endogenous insulin.

Insulinoma (A) would typically present with an increased C-peptide level due to endogenous insulin production. Factitious disorder (B) involves the intentional production of symptoms, and there is no indication that the patient is intentionally producing symptoms. Alimentary hypogylcemia (C) is a condition where hypoglycemia occurs due to excessive insulin secretion by the pancreas in response to gastrointestinal tumors, but there is no evidence of such a tumor here. Hypothyroidism (D) can cause hypoglycemia, but it is usually associated with other symptoms of hypothyroidism, which are not mentioned. Somatization disorder (E) is a psychiatric condition where patients present with multiple, recurrent, and often changing physical symptoms, but it is not typically associated with acute hypoglycemia.

Given the acute onset of hypoglycemia, the absence of a history of diabetes, and the decreased C-peptide level, the most likely cause of this patient's condition is factitious disorder (B). The patient may be intentionally lowering her blood glucose levels or manipulating the levels to assume the role of a diabetic patient, possibly due to psychological stressors such as a difficult divorce.

Therefore, the answer is (B) Factitious disorder.",,,0.0,0.0
"A 37-year-old primigravid woman at 12 weeks' gestation comes to the emergency department because of vaginal bleeding and dull suprapubic pain for 3 hours. She has had spotting during the last 3 days. Her medications include folic acid and a multivitamin. She has smoked one pack of cigarettes daily for 15 years. Her temperature is 37°C (98.6°F), pulse is 110/min, and blood pressure is 89/65 mm Hg. Pelvic examination shows a dilated cervical os and a uterus consistent in size with an 11-week gestation. Ultrasonography shows an embryo of 4 cm in crown-rump length and no fetal cardiac activity. Which of the following is the most appropriate next step in management?

Options:
A: Misoprostol therapy
B: Follow-up ultrasonography
C: Methotrexate therapy
D: Dilation and curettage
E: Complete bed rest",D,D,True,"The patient is a 37-year-old woman who is in her first pregnancy and presents with vaginal bleeding and suprapubic pain. She is hemodynamically stable with a blood pressure of 89/65 mm Hg, which indicates that she may be starting to show signs of instability, but is not there yet. The key finding here is that the ultrasonography shows an embryo of 4 cm with no fetal cardiac activity. This suggests a nonviable pregnancy, which could be due to an ectopic pregnancy or a missed abortion.

Given the options provided:

A: Misoprostol therapy is used for medical management of missed abortion, but this is typically done when the patient is hemodynamically stable and the pregnancy is confirmed to be nonviable.

B: Follow-up ultrasonography is important to ensure that there is no retained products of conception after a miscarriage or to monitor the progression of an ectopic pregnancy. However, with the current information, it is not the immediate next step.

C: Methotrexate therapy is used in the case of an ectopic pregnancy to treat the ectopic tissue and prevent rupture. However, this is typically used when an ectopic pregnancy is confirmed, and the patient is hemodynamically stable.

D: Dilation and curettage (D&C) is a procedure to remove tissue from inside the uterus, which is typically done for a missed abortion to remove the nonviable pregnancy tissue.

E: Complete bed rest is often recommended for patients with a threatened miscarriage or ectopic pregnancy to prevent rupture, but with the information provided, this is not the most appropriate next step.

Given the findings of a nonviable pregnancy (no fetal cardiac activity at 4 cm crown-rump length), and the fact that the patient is hemodynamically stable, the most appropriate next step would be to proceed with a D&C to remove the nonviable pregnancy tissue and prevent further complications such as infection or rupture.

Therefore, the answer is (D) Dilation and curettage.","23-year-old woman presents to the emergency department with sudden onset of vaginal bleeding and lower abdominal pain. There has been no change in her bowel or bladder habits. She has a history of irregular periods, does not know when her last *“normal”* period was and has never been pregnant. She is sexually active and sometimes uses condoms.  
Her vitals are blood pressure 110/70, heart rate 90, afebrile, and oxygen saturation 99% on room air. Abdominal exam reveals a tender suprapubic area, voluntary guarding with positive bowel sounds. The pelvic exam is normal. Urine pregnancy test is positive. You are concerned about an ectopic pregnancy.",sgem-105.md,0.736622763148604,0.736622763148604
"A 17-year-old female accidentally eats a granola bar manufactured on equipment that processes peanuts. She develops type I hypersensitivity-mediated histamine release, resulting in pruritic wheals on the skin. Which of the following layers of this patient's skin would demonstrate histologic changes on biopsy of her lesions?

Options:
A: Stratum corneum
B: Stratum granulosum
C: Stratum spinosum
D: Stratum basale
E: Dermis",E,E,True,"Type I hypersensitivity-mediated histamine release typically affects the dermis layer of the skin. When an allergic reaction occurs, histamine is released, which causes vasodilation and increased vascular permeability, leading to the characteristic signs of an allergic reaction such as pruritic wheals (hives). The dermis is the layer of skin where these histologic changes would be observed, as it contains blood vessels that would become more prominent due to the increased blood flow and leakage of fluid.

The stratum corneum, stratum granulosum, and stratum spinosum are layers of the epidermis, and while they may show some changes in association with skin reactions, the primary histologic changes associated with type I hypersensitivity would be in the dermis. The stratum basale is the deepest layer of the epidermis and does not typically show histologic changes associated with type I hypersensitivity reactions.

Therefore, the answer is (E) Dermis.",,,0.0,0.0
"A 25-year-old male is hospitalized for acute agitation, photophobia, and dysphagia. His parents report that he has been experiencing flu-like symptoms for one week prior to hospital admission. Five weeks ago, the patient was in Mexico, where he went on several spelunking expeditions with friends. The patient ultimately becomes comatose and dies. Autopsy of brain tissue suggests a viral infection. The likely causal virus spreads to the central nervous system (CNS) in the following manner:

Options:
A: Hematogenous dissemination to the meninges
B: Entrance via cribiform plate
C: Retrograde migration up peripheral nerve axons
D: Reactivation of virus previously latent in dorsal root ganglia
E: Infection of oligodendrocytes and astrocytes",C,A,False,"The patient's symptoms of acute agitation, photophobia, and dysphagia, combined with a history of flu-like symptoms and a recent trip to Mexico, suggest an infectious etiology. The fact that the patient ultimately becomes comatose and the autopsy suggests a viral infection points towards an encephalitis or a similar CNS infection.

The history of spelunking could be significant, as it may suggest exposure to viruses that are typically found in bats or other cave-dwelling animals, which can lead to infections in humans. One of the most notorious viruses associated with such activities is the Nipah virus, which is known to be transmitted from bats to humans and can lead to encephalitis.

The Nipah virus, along with other viruses like rabies, can spread to the CNS through various mechanisms. In the case of Nipah, it is known to spread through the hematogenous route, entering the CNS via the meninges. This is consistent with the autopsy findings of a viral infection in the brain tissue.

Option (B) entrance via cribiform plate is more typical for viruses that spread through the respiratory route, like the herpes simplex virus causing encephalitis. Option (C) retrograde migration up peripheral nerve axons is a mechanism by which rabies virus spreads, but this is less likely given the patient's history. Option (D) reactivation of virus previously latent in dorsal root ganglia is typical for herpes viruses, which establish latency in sensory neurons. Option (E) infection of oligodendrocytes and astrocytes is not a typical mode of spread for any known viruses.

Given the information provided and the common modes of spread for viruses that affect the CNS, the most likely mechanism by which the virus spread to the CNS in this case is through hematogenous dissemination to the meninges.

Therefore, the answer is (A) Hematogenous dissemination to the meninges.",,,0.0,0.0
"A 21-year-old male presents to his primary care provider for fatigue. He reports that he graduated from college last month and returned 3 days ago from a 2 week vacation to Vietnam and Cambodia. For the past 2 days, he has developed a worsening headache, malaise, and pain in his hands and wrists. The patient has a past medical history of asthma managed with albuterol as needed. He is sexually active with both men and women, and he uses condoms “most of the time.” On physical exam, the patient’s temperature is 102.5°F (39.2°C), blood pressure is 112/66 mmHg, pulse is 105/min, respirations are 12/min, and oxygen saturation is 98% on room air. He has tenderness to palpation over his bilateral metacarpophalangeal joints and a maculopapular rash on his trunk and upper thighs. Tourniquet test is negative. Laboratory results are as follows:

Hemoglobin: 14 g/dL
Hematocrit: 44%
Leukocyte count: 3,200/mm^3
Platelet count: 112,000/mm^3

Serum:
Na+: 142 mEq/L
Cl-: 104 mEq/L
K+: 4.6 mEq/L
HCO3-: 24 mEq/L
BUN: 18 mg/dL
Glucose: 87 mg/dL
Creatinine: 0.9 mg/dL
AST: 106 U/L
ALT: 112 U/L
Bilirubin (total): 0.8 mg/dL
Bilirubin (conjugated): 0.3 mg/dL

Which of the following is the most likely diagnosis in this patient?

Options:
A: Chikungunya
B: Dengue fever
C: Epstein-Barr virus
D: Hepatitis A
E: Typhoid fever",A,A,True,"The patient presents with fever, headache, malaise, joint pain, and a rash following recent travel to Southeast Asia. The presence of a maculopapular rash, fever, and joint pain are common symptoms of several travel-related illnesses. The patient's laboratory results show leukopenia (low white blood cell count) and thrombocytopenia (low platelet count), which can be associated with certain infections.

Let's evaluate the options:

A) Chikungunya: This is a viral illness transmitted by mosquitoes, common in Southeast Asia. It typically presents with fever, joint pain, and rash, which fits the patient's symptoms.

B) Dengue fever: Also transmitted by mosquitoes in Southeast Asia, dengue fever can cause high fever, headache, pain behind the eyes, joint and muscle pain, and rash. However, the patient does not have hemorrhagic symptoms, which are common in dengue but not present in all cases.

C) Epstein-Barr virus (EBV): EBV infection usually presents with fever, sore throat, and lymphadenopathy. It is less likely to cause a rash and the joint symptoms described.

D) Hepatitis A: This viral infection affects the liver and can cause fever, malaise, and jaundice (yellowing of the skin and eyes), but it is less likely to cause the joint symptoms and rash described, and the AST and ALT levels are not markedly elevated.

E) Typhoid fever: Caused by the bacterium Salmonella typhi, typhoid fever can cause high fever, weakness, stomach pains, headache, and a rash known as ""rose spots,"" typically without significant joint pain.

Given the patient's symptoms, travel history, and laboratory findings, the most likely diagnosis is chikungunya, which is known for causing fever, joint pain, and rash, and is endemic to the regions the patient visited.

Therefore, the answer is (A) Chikungunya.",,,0.0,0.0
"A 59-year-old man comes to the emergency department because of excruciating left knee pain for 4 days. He underwent a total knee arthroplasty of his left knee joint 4 months ago. He has hypertension and osteoarthritis. Current medications include glucosamine, amlodipine, and meloxicam. His temperature is 38.1°C (100.6°F), pulse is 97/min, and blood pressure is 118/71 mm Hg. Examination shows a tender, swollen left knee joint; range of motion is limited by pain. Analysis of the synovial fluid confirms septic arthritis, and the prosthesis is removed. Which of the following is the most likely causal organism?

Options:
A: Staphylococcus epidermidis
B: Escherichia coli
C: Staphylococcus aureus
D: Pseudomonas aeruginosa
E: Group B Streptococcus",A,C,False,"A 59-year-old man presents with excruciating left knee pain for 4 days following a total knee arthroplasty that was performed 4 months ago. He has a fever (38.1°C), and examination reveals a tender, swollen left knee joint with limited range of motion due to pain. Synovial fluid analysis confirms septic arthritis, and the prosthesis has been removed.

Septic arthritis following a joint replacement surgery is most commonly caused by bacterial infection. The most common causative organisms for septic arthritis in prosthetic joint infections are Staphylococcus aureus and Staphylococcus epidermidis. Staphylococcus epidermidis is part of the normal skin flora and is a common cause of infection associated with prosthetic material, while Staphylococcus aureus is a more common cause of acute infections and can be more aggressive.

Escherichia coli is a common cause of urinary tract infections and is less commonly associated with septic arthritis in the absence of a urinary tract-related procedure or infection. Pseudomonas aeruginosa is also less commonly associated with septic arthritis in this clinical context and is more often seen in patients with puncture wounds through the sole of the shoe or in immunocompromised patients. Group B Streptococcus is more commonly associated with infections in neonates and infants.

Given the clinical scenario of a prosthetic joint infection, the most likely causal organisms would be either Staphylococcus aureus or Staphylococcus epidermidis. Between these two, Staphylococcus epidermidis is often implicated in chronic or subacute infections, while Staphylococcus aureus is more likely to cause an acute presentation.

Since the patient's symptoms have been present for 4 days, which suggests an acute presentation, Staphylococcus aureus is the more likely causal organism.

Therefore, the answer is (C) Staphylococcus aureus.",,,0.0,0.0
"A 47-year-old man presents to the emergency department with fever, fatigue, and loss of appetite for 1 week, followed by right shoulder pain, generalized abdominal pain, and paroxysmal cough. He has had diabetes mellitus for 15 years, for which he takes metformin and gliclazide. His vital signs include a temperature of 38.3°C (101.0°F), pulse of 85/min, and blood pressure of 110/70 mm Hg. On examination, he is ill-appearing, and he has a tender liver edge that is palpable approx. 2 cm below the right costal margin. Percussion and movement worsens the pain. Abdominal ultrasonography is shown. Stool is negative for Entamoeba histolytica antigen. Which of the following is the best initial step in management of this patient condition?

Options:
A: Metronidazole and paromomycin
B: Antifungal therapy
C: Cholecystectomy
D: Antibiotics and drainage
E: Endoscopic retrograde cholangiopancreatography (ERCP)",D,D,True,"The patient presents with fever, fatigue, loss of appetite, right shoulder pain, generalized abdominal pain, and paroxysmal cough. These symptoms, along with the finding of a tender liver edge that is palpable below the right costal margin and pain on percussion and movement, suggest a hepatobiliary origin. The negative stool test for Entamoeba histolytica antigen rules out amoebic liver abscess.

Given the patient's diabetes mellitus, he is at increased risk for infections, including bacterial liver abscesses. The presentation is not typical for a fungal infection, which makes antifungal therapy (option B) less likely to be the correct initial step. Cholecystectomy (option C) is a surgical procedure to remove the gallbladder and is not indicated as an initial management step without evidence of gallbladder disease such as cholelithiasis or cholecystitis. ERCP (option E) is a diagnostic and therapeutic procedure for biliary and pancreatic ductal systems but is not typically the first step in the management of a liver abscess.

The most appropriate initial management for a suspected bacterial liver abscess would be antibiotics and drainage (option D). Metronidazole and paromomycin (option A) are used for amoebic liver abscess, which has been ruled out with the negative stool antigen test.

Therefore, the answer is (D) Antibiotics and drainage.",,,0.0,0.0
"A 70-year-old woman is brought to the emergency department for the evaluation of abdominal pain, nausea, and vomiting for 1 day. Computed tomography shows a small bowel perforation. The patient is prepared for emergent exploratory laparotomy. She is sedated with midazolam, induced with propofol, intubated, and maintained on nitrous oxide and isoflurane for the duration of the surgery. A single perforation in the terminal ileum is diagnosed intraoperatively and successfully repaired. The patient is transferred to the intensive care unit. The ventilator is set at an FiO2 of 50%, tidal volume of 1000 mL, respiratory rate of 12/min, and positive end-expiratory pressure of 2.5 cm H2O. Her temperature is 37.3°C (99.1°F), pulse is 76/min, and blood pressure is 111/50 mm Hg. She is responsive to painful stimuli. Lung examination shows bilateral rales. Abdominal examination shows a distended abdomen and intact abdominal surgical incisions. The remainder of the physical examination shows no abnormalities. Arterial blood gas analysis shows:
pH 7.44
pO2 54 mm Hg
pCO2 31 mm Hg
HCO3- 22 mm Hg
Which of the following is the best next step in the management of this patient?""

Options:
A: Increase the FiO2
B: Extubate
C: Increase the tidal volume
D: Increase PEEP
E: Increase the respiratory rate",D,A,False,"The patient's arterial blood gas (ABG) analysis shows a pH of 7.44, which is within the normal range (7.35-7.45), indicating a neutral pH. The pO2 is 54 mm Hg, which is below the normal range (80-100 mm Hg), indicating hypoxemia. The pCO2 is 31 mm Hg, which is below the normal range (35-45 mm Hg), suggesting a respiratory alkalosis. The HCO3- level is 22 mm Hg, which is within the normal range (22-26 mm Hg), indicating that there is no metabolic compensation.

Given the patient's ABG results, the primary concern is the hypoxemia (low pO2). The patient is currently on a FiO2 of 50%, which is not providing adequate oxygenation, as evidenced by the low pO2. The tidal volume is 1000 mL, which is within the recommended range (6-8 mL/kg of ideal body weight) to avoid lung injury. The respiratory rate is 12/min, which is within the normal range. The positive end-expiratory pressure (PEEP) is 2.5 cm H2O, which helps to keep the alveoli open and prevent atelectasis but may not be sufficient in this case.

The options provided are interventions that could be considered to improve the patient's oxygenation and ventilation. Increasing the FiO2 (option A) would provide more oxygen to the patient, which is a logical step to address the hypoxemia. Extubation (option B) is not indicated as the patient is not ready for weaning from the ventilator, given her recent surgery and current respiratory status. Increasing the tidal volume (option C) is not appropriate as the current tidal volume is already within the recommended range and increasing it could lead to lung injury. Increasing PEEP (option D) could help improve oxygenation by increasing alveolar recruitment, but given the presence of bilateral rales, there is a risk of overdistension and worsening of pulmonary edema. Increasing the respiratory rate (option E) would not be appropriate as the patient's rate is already within the normal range and increasing it could lead to hyperventilation and respiratory alkalosis.

Considering the patient's hypoxemia and the need to improve oxygenation, the best next step would be to increase the FiO2.

Therefore, the answer is (A) Increase the FiO2.
User 1: The patient's ABG results show a pH of 7.44, which is within the normal range (7.35-7.45), indicating a neutral pH. The pO2 is 54 mm Hg, which is below the normal range (80-100 mm Hg), indicating hypoxemia. The pCO2 is 31 mm Hg, which is below the normal range (35-45 mm Hg), suggesting a respiratory alkalosis. The HCO3- level is 22 mm Hg, which is within the normal range (22-26 mm Hg), indicating that there is no metabolic compensation.

Given the patient's ABG results, the primary concern is the hypoxemia (low pO2). The patient is currently on a FiO2 of 50%, which is not providing adequate oxygenation, as evidenced by the low pO2. The tidal volume is 1000 mL, which is within the recommended range (6-8 mL/kg of ideal body weight) to avoid lung injury. The respiratory rate is 12/min, which is within the normal range. The positive end-expiratory pressure (PEEP) is 2.5 cm H2O, which helps to keep the alveoli open and prevent atelectasis but may not be sufficient in this case.

The options provided are interventions that could be considered to improve the patient's oxygenation and ventilation. Increasing the FiO2 (option A) would provide more oxygen to the patient, which is a logical step to address the hypoxemia. Extubation (option B) is not indicated as the patient is not ready for weaning from the ventilator, given her recent surgery and current respiratory status. Increasing the tidal volume (option C) is not appropriate as the current tidal volume",,,0.0,0.0
"A 43-year-old man with a history of hepatitis C and current intravenous drug use presents with 5 days of fever, chills, headache, and severe back pain. On physical exam, temperature is 100.6 deg F (38.1 deg C), blood pressure is 109/56 mmHg, pulse is 94/min, and respirations are 18/min. He is thin and diaphoretic with pinpoint pupils, poor dentition, and track marks on his arms and legs. A high-pitched systolic murmur is heard, loudest in the left sternal border and with inspiration. He is admitted to the hospital and started on broad-spectrum antibiotics. One of the blood cultures drawn 12 hours ago returns positive for Staphylococcus aureus. Which of the following is the most appropriate next step to confirm the diagnosis?

Options:
A: Repeat blood cultures now
B: Repeat blood cultures 24 hours after initial cultures were drawn
C: Repeat blood cultures 36 hours after initial cultures were drawn
D: Repeat blood cultures 48 hours after initial cultures were drawn
E: Do not repeat blood cultures",A,A,True,"The patient presents with signs and symptoms suggestive of infective endocarditis (IE), which include fever, chills, headache, severe back pain, and a high-pitched systolic murmur heard at the left sternal border that is loudest during inspiration. The presence of Staphylococcus aureus in blood cultures is consistent with this diagnosis. In the setting of IE, blood cultures are typically drawn at the time of fever and then redrawn 12-24 hours later to confirm the diagnosis. This is because Staphylococcus aureus can sometimes be present in the bloodstream as a result of a recent infection or colonization and not necessarily indicative of a new infection. The repeat blood culture helps to differentiate between a true infection and colonization.

Given that 12 hours have passed since the initial blood cultures were drawn, and the patient is already on broad-spectrum antibiotics, it is appropriate to repeat the blood cultures now to confirm the diagnosis of infective endocarditis. Waiting longer than 24 hours could potentially allow for the clearance of the bacteria from the bloodstream, making the repeat cultures negative even if the patient does have IE.

Therefore, the answer is (A) Repeat blood cultures now.",,,0.0,0.0
"A 16-year-old girl is brought to the emergency department with constant abdominal pain over the past 8 hours. The pain is in her right lower quadrant (RLQ), which is also where it began. She has had no nausea or vomiting despite eating a snack 2 hours ago. She had a similar episode last month which resolved on its own. Her menstrual cycles are 28–30 days apart with 3–5 days of vaginal bleeding. Her last menses ended 9 days ago. Her blood pressure is 125/75 mm Hg, the pulse is 78/min, the respirations are 15/min, and the temperature is 37.2°C (99.0°F). Abdominal examination shows moderate pain on direct pressure over the RLQ which decreases with the release of pressure. The remainder of the physical examination shows no abnormalities. Laboratory studies show:
Hemoglobin 12.5 mg/dL
Leukocyte count 6000/mm3
Segmented neutrophils 55%
Lymphocytes 39%
Platelet count 260,000/mm3
Serum  
C-reactive protein 5 mg/L (N < 8 mg/L)
Urine  
RBC 1-2 phf
WBC None
Which of the following is the most appropriate next step in management?

Options:
A: Methotrexate
B: Nitrofurantoin
C: Reassurance
D: Referral for surgery
E: Tamsulosin",C,C,True,"The 28-year-old woman with a history of ovarian cysts presents with RLQ pain, which is a common presentation for appendicitis. However, her vital signs are stable, and her blood work is unremarkable, including a negative pregnancy test. Since ultrasound and CT are not available overnight, the management should be based on the clinical presentation and the most likely diagnosis. Given the history of ovarian cysts, it is possible that her pain could be related to an ovarian issue, but this would typically be accompanied by other signs such as fever or vaginal discharge, which she does not have.

The 38-year-old female with left flank pain that comes in waves and radiates to the groin is suggestive of renal colic, possibly due to a kidney stone. The absence of fever and other urinary symptoms such as dysuria makes infection less likely.

The 16-year-old girl presents with RLQ pain that is constant, began in the RLQ, and has been present for 8 hours. She has no nausea or vomiting and a similar past episode. Her vital signs are stable, and her physical examination is unremarkable except for pain on direct pressure over the RLQ which decreases with the release of pressure, suggesting a possible musculoskeletal cause. Her laboratory studies are within normal limits, and there is no evidence of infection or inflammation.

Given the information provided, the most appropriate next step in management for this patient would be reassurance and observation. The pain could be due to a benign cause such as a musculoskeletal issue, especially considering it resolved with the release of pressure. There is no indication for immediate intervention with medications like methotrexate (used for ectopic pregnancy or certain cancers), nitrofurantoin (used for urinary tract infections), tamsulosin (used for urinary retention in benign prostatic hyperplasia), or a referral for surgery, which would be premature without a definitive diagnosis.

Therefore, the answer is (C) Reassurance.","28-year-old woman presents to the emergency department at 2am with steadily increasing right lower quadrant (RLQ) pain. She has a past medical history of ovarian cysts. Her vital signs are stable, afebrile and tender over the RLQ. The blood work is unremarkable and specifically her pregnancy test is negative. Ultrasound and CT scan are not available overnight. What is your disposition and management of this patient?
---
A 38-year-old female presents to the emergency department (ED) with a five-hour history of acute onset left flank pain. The pain comes in waves, radiates into her left groin and is associated with nausea and vomiting. She noticed darkening of her urine, but does not have dysuria, fever, or vaginal discharge.",sgem-23.md | sgem-389.md,0.7321650174221523,0.718086505416528
"A 30-year-old male presents to the emergency department with a complaint of abdominal pain. The patient states he was at a barbecue around noon. Lunch was arranged as a buffet without refrigeration. Within 2 to 3 hours, he had abdominal pain with 3 episodes of watery diarrhea. On exam, vital signs are T 99.1, HR 103, BP 110/55, RR 14. Abdominal exam is significant for pain to deep palpation without any rebounding or guarding. There is no blood on fecal occult testing (FOBT). What is the most likely cause of this patient's presentation?

Options:
A: Salmonella enteritidis
B: Listeria monocytogenes
C: Staphylococcus aureus
D: Campylobacter jejuni
E: Vibrio cholerae",C,C,True,"The patient in the first scenario presents with severe nausea, vomiting, and abdominal pain that has been continuous for 4 or 5 hours. Over-the-counter medications like acetaminophen and ibuprofen have not helped, and he finds relief by taking really long, hot showers. His vital signs are normal, and he is afebrile. The abdomen exam shows no peritoneal sign, and normal bowel sounds are heard. Laboratory values are unremarkable, and an ultrasound does not show any free fluids or signs of an ileus, appendicitis, or gallbladder disease. His pain and nausea are difficult to control with standard medications.

The patient in the second scenario presents with abdominal pain and multiple episodes of watery diarrhea occurring within a few hours after eating a meal. The patient's vital signs show a slightly elevated temperature and tachycardia. The abdominal exam is significant for pain to deep palpation without rebounding or guarding, and there is no blood on fecal occult testing.

Given the information, we can start to narrow down the possible causes based on the onset and characteristics of the symptoms, as well as the findings on examination.

Option A: Salmonella enteritidis typically presents with fever, abdominal cramps, and diarrhea that can be bloody. The absence of fever and bloody diarrhea makes this less likely.

Option B: Listeria monocytogenes is associated with fever, muscle aches, and gastrointestinal symptoms. It is more commonly associated with pregnant women, newborns, elderly, and immunocompromised individuals.

Option C: Staphylococcus aureus food poisoning is characterized by rapid onset of symptoms, typically within hours of consuming contaminated food, especially if the food is not properly refrigerated. Symptoms include nausea, vomiting, and diarrhea, which can be severe but are usually self-limiting.

Option D: Campylobacter jejuni infection often presents with fever, abdominal pain, and bloody diarrhea. The absence of fever and bloody diarrhea makes this less likely.

Option E: Vibrio cholerae causes profuse watery diarrhea, often described as ""rice-water stools,"" and is usually associated with consumption of contaminated water or raw shellfish. The absence of a history of consuming potentially contaminated water or shellfish, as well as the absence of severe, profuse diarrhea, makes this less likely.

Based on the rapid onset of symptoms following a meal at a buffet without refrigeration, the most likely cause of this patient's presentation is Staphylococcus aureus food poisoning. Therefore, the answer is (C) Staphylococcus aureus.","A 32-year-old male patient presents to your emergency department (ED) with severe nausea, vomiting and abdominal pain. He reports the symptoms have been continuous for 4 or 5 hours. Over-the-counter medications like acetaminophen (paracetamol) and ibuprofen have not helped. His flatmate (roommate) says he only gets relief by taking really long, hot showers.
On examination, his vital signs are normal, and he is afebrile. The abdomen exam shows no peritoneal sign and normal bowel sounds are heard. Laboratory values are unremarkable. An ultrasound does not show any free fluids or any signs of an ileus, appendicitis or gallbladder disease.
His pain and nausea are difficult to control with standard medications. You admit him to hospital and the next day he undergoes gastroscopy which is unremarkable.",sgem-318.md,0.7053564396821612,0.7053564396821612
"A 70-year-old man is brought to the emergency department by staff of the group home where he resides because of worsening confusion for the past week. He has a history of major depressive disorder and had an ischemic stroke 4 months ago. Current medications are aspirin and sertraline. He is lethargic and disoriented. His pulse is 78/min, and blood pressure is 135/88 mm Hg. Physical examination shows moist oral mucosa, normal skin turgor, and no peripheral edema. While in the waiting room, he has a generalized, tonic-clonic seizure. Laboratory studies show a serum sodium of 119 mEq/L and an elevated serum antidiuretic hormone concentration. Which of the following sets of additional laboratory findings is most likely in this patient?
 $$$ Serum osmolality %%% Urine sodium %%% Serum aldosterone $$$

Options:
A: ↑ normal normal
B: ↓ ↓ ↓
C: ↑ ↓ normal
D: ↓ ↑ ↑
E: ↓ ↑ ↓",E,E,True,"The patient presents with symptoms of confusion, lethargy, and disorientation, which, along with the laboratory finding of a serum sodium concentration of 118 mmol/L, suggests hyponatremia. The history of diarrhea could have led to a loss of sodium and water, but the decreased level of consciousness and the seizure indicate a severe and acute issue with sodium balance. The elevated serum antidiuretic hormone (ADH) concentration suggests that the hyponatremia is due to syndrome of inappropriate antidiuretic hormone secretion (SIADH) or a similar condition causing excessive ADH release.

In SIADH, the body secretes too much ADH, which leads to water retention and dilutional hyponatremia. The presence of a seizure is a sign of acute symptomatic hyponatremia, which is a medical emergency.

Given the options:

A: ↑ normal normal - This would not be consistent with SIADH, as we would expect a lower serum osmolality due to the dilutional effect of water retention.

B: ↓ ↓ ↓ - This option suggests low serum osmolality, low urine sodium, and low serum aldosterone. Low urine sodium is consistent with SIADH, as the kidneys retain water and sodium due to the effects of ADH. However, aldosterone is not typically affected by ADH, and serum osmolality would be expected to be normal or high due to the dilution of serum by excess water.

C: ↑ ↓ normal - This option suggests an increased serum osmolality, which is not consistent with SIADH, and normal serum aldosterone, which does not fit with the effects of ADH.

D: ↓ ↑ ↑ - This option suggests low serum osmolality, which is consistent with SIADH, high urine sodium, which is not consistent with SIADH (as the kidneys should be retaining sodium due to ADH), and high serum aldosterone, which is not typically associated with SIADH.

E: ↓ ↑ ↓ - This option suggests low serum osmolality, which is consistent with SIADH, high urine sodium, which is consistent with SIADH as the kidneys are retaining water and excreting sodium, and low serum aldosterone, which is not typically affected by ADH but could be low due to the dilutional effect.

The most likely set of additional laboratory findings in a patient with SIADH and acute symptomatic hyponatremia would be low serum osmolality, low urine sodium (due to water retention), and potentially low serum aldosterone due to the dilutional effect. However, it is important to note that aldosterone levels might not change in response to ADH, but for the purpose of this question, considering the dilutional effect, it could be low.

Therefore, the answer is (E) ↓ ↑ ↓.","A 60-year-old man presents to the emergency department (ED) after his wife found him to be drowsy and confused at home. He had been vomiting that morning. He had a background of hypertension treated with a thiazide diuretic. His wife reports that he had experienced diarrhea in the week prior to this presentation. On arrival to the ED, his vitals are normal aside from a decreased level of consciousness, and he is found to have a serum sodium concentration of 118 mmol/L. You are unsure as to the best way to correct his sodium and are aware that rapid overcorrection may lead to an osmotic demyelination syndrome. However, he is also at risk of a seizure and further harm at this level.",sgem-326.md,0.7443897529795857,0.7443897529795857
"A 45-year-old man arrives by ambulance to the emergency room after being involved in a very severe construction accident. The patient was found unconscious with a large metal spike protruding from his abdomen by a coworker who was unable to estimate the amount of time the patient went without medical aid. Upon arrival to the ER, the patient was unconscious and unresponsive. His vital signs are BP: 80/40, HR: 120 bpm, RR: 25 bpm, Temperature: 97.1 degrees, and SPO2: 99%.He is taken to the operating room to remove the foreign body and control the bleeding. Although both objectives were accomplished, the patient had an acute drop in his blood pressure during the surgery at which time ST elevations were noted in multiple leads. This resolved with adequate fluid resuscitation and numerous blood transfusions. The patient remained sedated after surgery and continued to have relatively stable vital signs until his third day in the intensive care unit, when he experiences an oxygen desaturation of 85% despite being on a respirator with 100% oxygen at 15 breaths/minute. On auscultation air entry is present bilaterally with the presence of crackles. A 2/6 systolic murmur is heard. Readings from a Swan-Ganz catheter display the following: central venous pressure (CVP): 4 mmHg, right ventricular pressure (RVP) 20/5 mmHg, pulmonary artery pressure (PAP): 20/5 mmHg. Pulmonary capillary wedge pressure (PCWP): 5 mm Hg. A chest x-ray is shown as Image A. The patient dies soon after this episode. What is the most likely direct cause of his death?

Options:
A: Diffuse alveolar damage
B: Ventricular septal defect
C: Myocardial free wall rupture
D: Papillary muscle rupture
E: Myocardial reinfarction",A,A,True,"The patient in the scenario experienced a severe trauma and underwent surgery to remove a foreign body and control bleeding. Postoperatively, the patient had an acute drop in blood pressure and ST elevations in multiple leads, which resolved with fluid resuscitation and blood transfusions. On the third day, the patient experienced oxygen desaturation despite being on a respirator with 100% oxygen, and auscultation revealed bilateral crackles with a 2/6 systolic murmur. The Swan-Ganz catheter readings showed normal CVP, normal RVP, normal PAP, and a PCWP of 5 mm Hg, which suggests that there is no significant left ventricular end-diastolic pressure.

The presence of bilateral crackles on auscultation and the low PCWP indicate that the patient may be suffering from acute respiratory distress syndrome (ARDS), which is characterized by diffuse alveolar damage and can lead to non-cardiogenic pulmonary edema. This is supported by the fact that the patient was sedated and had relatively stable vital signs until the third day, which is when ARDS typically develops. ARDS can lead to severe hypoxemia and respiratory failure, which can be fatal.

The other options are less likely given the clinical context:
- A ventricular septal defect (B) would typically present with a new harsh systolic murmur and signs of heart failure, but the PCWP would likely be elevated if this were the cause.
- Myocardial free wall rupture (C) would likely lead to acute hemopericardium and cardiac tamponade, which would present with high CVP and low RVP, not the normal pressures seen in this patient.
- Papillary muscle rupture (D) would lead to severe mitral regurgitation, which would present with an elevated PCWP due to the backflow of blood into the left atrium and subsequently the pulmonary circulation.
- Myocardial reinfarction (E) could present with ST elevations, but without an elevated PCWP, it is less likely to be the direct cause of acute respiratory failure.

Given the information provided and the typical clinical presentation of ARDS, the most likely direct cause of death in this patient is diffuse alveolar damage due to ARDS. Therefore, the answer is (A) Diffuse alveolar damage.","A 28-year-old male is involved in an altercation and shot multiple times in the chest, presenting to the emergency department. His initial vital signs include a BP of 72/46, HR 140, RR 30, O2 sat 89% on NRB, and a temp of 98.7F. You intubate the patient successfully, begin intravenous fluids, and place bilateral chest tubes with significant blood return from the right chest tube. Due to the patient's blood loss, you initiate damage control resuscitation including permissive hypotension, source control of bleeding, and a massive transfusion protocol.",sgem-109.md,0.7142118086556638,0.7142118086556638
"A 13-year-old boy is brought to the emergency department by his mother because of a 6-hour history of severe eye pain and blurry vision. He wears soft contact lenses and has not removed them for 2 days. Ophthalmologic examination shows a deep corneal ulcer, severe conjunctival injection, and purulent discharge on the right. Treatment with topical ciprofloxacin is initiated. A culture of the ocular discharge is most likely to show which of the following?

Options:
A: Gram-negative, non-maltose fermenting diplococci
B: Gram-positive, bacitracin-sensitive cocci
C: Gram-negative, lactose-fermenting bacilli
D: Gram-negative, oxidase-positive bacilli
E: Gram-positive, optochin-sensitive diplococci
""",D,D,True,"The patient is a 13-year-old boy with a history of severe eye pain, blurry vision, and poor contact lens hygiene. The ophthalmologic examination reveals a deep corneal ulcer, severe conjunctival injection, and purulent discharge. These symptoms are suggestive of a bacterial keratitis, which is an infection of the cornea.

Contact lens wearers are at increased risk for corneal ulcers caused by various bacteria. The most common pathogens associated with contact lens-related keratitis include Pseudomonas aeruginosa and Staphylococcus aureus. Pseudomonas aeruginosa is a Gram-negative, oxidase-positive bacillus, which is consistent with option (D). Staphylococcus aureus is a Gram-positive, coagulase-positive cocci, which is not listed as an option here.

Gram-negative, non-maltose fermenting diplococci (option A) could refer to Neisseria gonorrhoeae, which is not typically associated with contact lens-related infections. Gram-positive, bacitracin-sensitive cocci (option B) would likely refer to Streptococcus species, which are less commonly associated with severe corneal ulcers in contact lens wearers. Gram-negative, lactose-fermenting bacilli (option C) could refer to Escherichia coli, which is also not typically associated with this condition. Gram-positive, optochin-sensitive diplococci (option E) would refer to Streptococcus pneumoniae, which is not commonly associated with contact lens-related infections.

Given the clinical scenario and the common pathogens associated with contact lens-related keratitis, the most likely organism is Pseudomonas aeruginosa. Therefore, the answer is (D) Gram-negative, oxidase-positive bacilli.",,,0.0,0.0
"A 62-year-old man presents to the emergency department with shortness of breath. The patient says he feels as if he is unable to take a deep breath. The patient has a past medical history of COPD and a 44-pack-year smoking history. The patient has been admitted before for a similar presentation. His temperature is 98.7°F (37.1°C), blood pressure is 177/118 mmHg, pulse is 123/min, respirations are 33/min, and oxygen saturation is 80% on room air. The patient is started on 100% oxygen, albuterol, ipratropium, magnesium, and prednisone. The patient claims he is still short of breath. Physical exam reveals bilateral wheezes and poor air movement. His oxygen saturation is 80%. Which of the following is the best next step in management?

Options:
A: BiPAP
B: Chest radiograph
C: Chest tube placement
D: Intubation
E: Needle decompression",A,D,False,"The patient is a 62-year-old man with a history of COPD and a significant smoking history presenting with shortness of breath, feeling as if he cannot take a deep breath. His vital signs indicate tachycardia (pulse 123/min), tachypnea (respirations 33/min), and hypoxemia (oxygen saturation 80% on room air). Despite being started on supplemental oxygen and bronchodilators, the patient continues to experience shortness of breath and shows signs of respiratory distress with bilateral wheezes and poor air movement.

Given the patient's history and presentation, the primary concern is an exacerbation of COPD with possible respiratory failure. The patient's inability to improve with initial management suggests the need for advanced respiratory support.

Option A (BiPAP) could be considered for COPD exacerbations, but the patient's poor oxygenation and respiratory distress may not be adequately managed with BiPAP alone.

Option B (Chest radiograph) is typically part of the workup for acute respiratory symptoms, but in the context of a known COPD patient in acute distress, the immediate priority is to stabilize the patient's respiratory status rather than obtain imaging.

Option C (Chest tube placement) is indicated for pneumothorax or pleural effusion, but there is no evidence of these conditions in the patient's presentation.

Option D (Intubation) is indicated for patients in respiratory failure who are not responding to initial management. Given the patient's persistent hypoxemia and respiratory distress despite aggressive treatment, intubation is the most appropriate next step to provide controlled ventilation and improve oxygenation.

Option E (Needle decompression) is indicated for the treatment of a pneumothorax, which is not suggested by the patient's presentation.

Therefore, the answer is (D) Intubation.","55-year-old man with a history of chronic obstructive pulmonary disease, asthma, and congestive heart failure calls 911 complaining of shortness of breath. Emergency Medical Services arrive to find a patient very short of breath, diaphoretic, and speaking only one-two word sentences. His respiratory rate is 40, heart rate is 110, O2 saturation 88%, and afebrile. He is clearly working hard to breathe. The paramedics decide to use non-invasive positive pressure ventilation on-route to support this man’s respiratory distress.
---
A 70-year-old man presents to the emergency department (ED) with an exacerbation of COPD. He is hypoxic on arrival with an oxygen saturation of 80% on room air. Although his oxygenation improves to 92% with supplemental oxygen by nasal cannula, he desaturates with minimal exertion and shows increasing fatigue indicating a need for greater respiratory support. He refuses non-invasive mechanical ventilation, as he has not tolerated it in the past, but is agreeable to intubation. His wife, who has been watching the monitors intently, says she is worried. “His oxygen levels keep dropping. How will you intubate him without them going too low?”
---
The 55-year-old man with acute respiratory distress arrives with non-invasive positive pressure ventilation in place and doing better. His respiratory rate is normal, HR<100, and O2 saturation is 97%. You start working him up to differentiate what the cause of his decompensation and are optimistic you will not need to intubate him.
---
73yo man presents to the emergency department with an exacerbation of his COPD. He quit smoking two days ago when his breathing got worse. He has a history of hypertension but no history of congestive heart failure. He has been taking all his medication and puffers as prescribed. Vital signs are BP165/85, HR 95, Temp 37.2C, RR 22 and O2 Sat 92% on room air.
---
A 68-year-old female presents with shortness of breath. She has experienced fever, chills, and a productive cough worsening over the past five days. Chest X-ray demonstrated bilateral infiltrates consistent with multifocal pneumonia.  
Over her emergency department course, the patient starts to decompensate despite high-flow nasal cannula and broad-spectrum antibiotics. The decision is made to intubate the patient. The Point arises whether apneic oxygenation should be used during the rapid sequence intubation.
---
A 60-year-old male with no major past medical history presents to your community emergency department with a three-day history of cough, fever, and increasing shortness of breath. He is tachypneic with a respiratory rate of 28 and an oxygen saturation of 89% despite facemask oxygen, but he is mentating normally. Your Respiratory Therapist asks you whether you want her to try the new high flow nasal oxygen machine we have?
---
A 72-year-old gentleman presents to your emergency department. He has been generally unwell for around one week, with a worsening cough, shortness of breath, and fever. He is now feeling extremely short of breath, appears confused, and is pyrexial at 39 degrees centigrade. His observations are heart rate of 102 beats per minute, respiratory rate of 34 breaths per minute, blood pressure of 110/67 mmHg, and oxygen saturation of 91% on room air.
---
A 14-month-old boy presents to the emergency department (ED) with two days of upper respiratory symptoms and respiratory distress. He has a cough, fever of 38.5°C, runny nose, and increased work of breathing that started today. He is breathing at a rate of 48 breaths per minute with intercostal retractions and oxygen saturation of 88%. His lung exam reveals bilateral wheezing, rhonchi but no focal findings. He is drinking well, and parents report normal urine output. He is suctioned and given a trial of Beta agonist because he has a history of eczema and a sibling with asthma with no change. Despite your interventions, he continues to breathe rapidly with an oxygen saturation of 89% on room air. You are working with an eager medical student, and she asks, ""Should we start high flow nasal cannula (HFNC) at 2L/kg/min and admit the patient?""
---
The astute emergency physician obtains a chest x-ray in both patients. They are both read as negative. However, the 85-year old patient has marked tenderness over the right lower chest wall. A CT is obtained that shows three rib fractures. The patient is admitted given her very high risk for pneumonia or other respiratory complications. She receives pain medication and pulmonary therapy and is discharged four days later. The 65-year old patient has some bruising over the chest wall but no significant point tenderness, no splinting, no respiratory distress, and no hypoxia. Since she is generally healthy, ambulatory, oxygen saturation is good, and is unlikely to require admission even if she has an isolated rib fracture, she is discharged with acetaminophen and does well recovering at home.
---
67-year-old woman presents with a one-week history of productive cough and no fever. She is a non-smoker and has no history of lung disease. Her past medical history is positive for hypertension, and she is taking a calcium channel blocker. She has no allergies to medication. On exam, she has no fever, oxygen saturation is 97% on room air, and has clear air entry. X-rays are reported as slight patchy infiltrate in the right lower lobe, possibly early pneumonia.",sgem-96.md | sgem-447.md | sgem-96.md | sgem-62.md | sgem-186.md | sgem-135.md | sgem-216.md | sgem-401.md | sgem-212.md | sgem-36.md,0.8482311056571658,0.76102155583915
"A 76-year-old man is brought to the physician by his wife because of low back pain and weakness for the past 4 weeks. He says that the pain is sharp, radiates to his left side, and has a burning quality. He has had a cough occasionally productive of blood-streaked sputum for the past 2 months. He has had 3.2-kg (7.0-lb) weight loss in that time. He is now unable to walk without assistance and has had constipation and difficulty urinating for the past 2 weeks. He has hypertension treated with enalapril. He has smoked 1 pack of cigarettes daily for 60 years. His temperature is 37°C (98.6°F), pulse is 75/min, and blood pressure is 150/80 mm Hg. He is oriented to person, place, and time. Neurologic examination shows 3/5 strength of the lower extremities. Deep tendon reflexes are hyperreflexive. Babinski sign is present bilaterally. Sensory examination shows decreased sensation to pinprick below the T4 dermatome. He is unable to lie recumbent due to severe pain. An x-ray of the chest shows multiple round opacities of varying sizes in both lungs. Which of the following is the most appropriate next step in the management of this patient?

Options:
A: Radiation therapy
B: Intravenous dexamethasone therapy
C: Intravenous acyclovir therapy
D: Intravenous ceftriaxone and azithromycin therapy
E: Oral ibuprofen therapy
""",B,B,True,"The patient is a 76-year-old man presenting with low back pain, weakness, sharp and radiating pain with a burning quality, cough with blood-streaked sputum, weight loss, inability to walk without assistance, constipation, difficulty urinating, and a history of hypertension treated with enalapril. He has a significant smoking history. His vital signs are relatively stable, and his neurologic examination reveals decreased strength in the lower extremities, hyperreflexive deep tendon reflexes, a positive Babinski sign, and decreased sensation to pinprick below the T4 dermatome. The chest x-ray shows multiple round opacities of varying sizes in both lungs.

The combination of the patient's symptoms, including neurological deficits, weight loss, and the presence of multiple round opacities in the lungs on x-ray, suggests a possible diagnosis of metastatic cancer, likely from the lung given his smoking history. The presence of blood-streaked sputum and weight loss further supports this. The next step in management should focus on addressing the underlying cause, which is likely malignancy.

Option A (Radiation therapy) could be considered for treatment of metastatic cancer, but it is not the immediate next step before a definitive diagnosis is made.

Option B (Intravenous dexamethasone therapy) is a corticosteroid used to reduce inflammation and could be used to treat spinal cord compression, which is a possible complication of metastatic cancer to the spine. Given the patient's neurological symptoms and the presence of spinal cord compression, this would be an appropriate immediate treatment to reduce symptoms and prevent further damage.

Option C (Intravenous acyclovir therapy) is an antiviral medication used to treat infections such as herpes simplex virus and varicella-zoster virus. There is no indication from the information provided that the patient has a viral infection.

Option D (Intravenous ceftriaxone and azithromycin therapy) is used to treat bacterial infections, such as community-acquired pneumonia. While the patient does have lung opacities, the clinical picture is more suggestive of malignancy than an infectious process.

Option E (Oral ibuprofen therapy) is a nonsteroidal anti-inflammatory drug (NSAID) used for pain relief. While it may help with the patient's pain, it does not address the underlying cause and is not the most appropriate next step.

Given the clinical presentation and the need for urgent treatment of potential spinal cord compression, the most appropriate next step in management is to administer a corticosteroid to reduce inflammation and pressure on the spinal cord.

Therefore, the answer is (B) Intravenous dexamethasone therapy.",,,0.0,0.0
"Twelve hours after admission to the hospital because of a high-grade fever for 3 days, a 15-year-old boy has shortness of breath. During this period, he has had generalized malaise and a cough productive of moderate amounts of green sputum. For the past 10 days, he has had fever, a sore throat, and generalized aches; these symptoms initially improved, but worsened again over the past 5 days. His temperature is 38.7°C (101.7°F), pulse is 109/min, respirations are 27/min, and blood pressure is 100/70 mm Hg. Pulse oximetry on room air shows an oxygen saturation of 93%. There are decreased breath sounds and crackles heard over the upper right lung field. His hemoglobin concentration is 13.3 g/dL, leukocyte count is 15,000/mm3, and platelet count is 289,000/mm3. An x-ray of the chest shows a right upper-lobe infiltrate. Which of the following is the most likely cause of this patient's symptoms?

Options:
A: Streptococcus pneumoniae
B: Mycoplasma pneumoniae
C: Staphylococcus aureus
D: Chlamydophila pneumoniae
E: Haemophilus influenzae",A,A,True,"The patient is a 15-year-old boy with a high-grade fever for 3 days, shortness of breath, generalized malaise, cough productive of green sputum, and a history of fever, sore throat, and generalized aches that initially improved but then worsened. His vital signs indicate a fever, tachycardia, tachypnea, and mild hypoxemia. The physical exam reveals decreased breath sounds and crackles over the upper right lung field, and a chest x-ray shows a right upper-lobe infiltrate.

The clinical presentation and findings suggest the patient has pneumonia. The presence of a lobar infiltrate on chest x-ray, along with the acute presentation and productive cough, is suggestive of a bacterial etiology. The most common causes of community-acquired pneumonia (CAP) in otherwise healthy children and adolescents are Streptococcus pneumoniae and Mycoplasma pneumoniae. Staphylococcus aureus is a possible cause but is less common. Chlamydophila pneumoniae is a cause of pneumonia primarily in adults. Haemophilus influenzae is a cause of respiratory tract infections but is less likely to cause lobar pneumonia.

Given the patient's age and the presence of lobar infiltrates, Streptococcus pneumoniae is the most likely cause of his symptoms. Mycoplasma pneumoniae typically presents with a more indolent course and is less likely to cause lobar infiltrates. Staphylococcus aureus could be a cause but is less common. Chlamydophila pneumoniae is unlikely in this age group, and Haemophilus influenzae is not typically associated with lobar pneumonia.

Therefore, the answer is (A) Streptococcus pneumoniae.","A 3-year-old boy arrives at the emergency department (ED) with a high fever, rapid breathing, and lethargy. His parents state that he has had a fever and cough for the past three days. He tested positive for influenza two days ago but seems to be getting worse. On exam, he has crackles in his right lung field. His pulse oximeter reads 88% on room air. His heart rate is elevated. He looks sleepy but is clinging to his parents. A medical trainee you are working with asks, *“He looks really sick. Is this pneumonia or could this be sepsis?”*
---
Five-year-old boy presents to the emergency department with a 2-day history of rhinorrhea and congestion. He has been coughing, and it is especially bad at night. Mild fever is reported at home. He is eating and drinking well. On examination, he looks well, is in no apparent distress, and vital signs are all normal. Chest exam reveals no focal crackles or wheeze. You diagnose him with an upper respiratory tract infection (URI) ""cold"".
---
A three-year-old boy presents to the emergency department (ED) with fever and cough. On exam, he is breathing a little fast and his oxygen saturation is 94% on room air but otherwise appears comfortable. You appreciate some decreased breath sounds and crackles on your lung exam. You make a clinical diagnosis of community-acquired pneumonia (CAP) and plan to send him home with a 10-day course of amoxicillin. His mother asks you, *“Last time he took antibiotics for that long, he had terrible diarrhea. Do you think we can do fewer days of antibiotics and still treat the pneumonia?”*
---
A 72-year-old gentleman presents to your emergency department. He has been generally unwell for around one week, with a worsening cough, shortness of breath, and fever. He is now feeling extremely short of breath, appears confused, and is pyrexial at 39 degrees centigrade. His observations are heart rate of 102 beats per minute, respiratory rate of 34 breaths per minute, blood pressure of 110/67 mmHg, and oxygen saturation of 91% on room air.
---
62-year-old man presents to your emergency department with a four-day history of increasing shortness of breath, purulent cough, fever, and generally feeling quite unwell. You measure his vitals, and he is mildly tachycardic and tachypneic, normotensive, O2 Sats are 96% on room air and his temperature is 38.2C.
You obtain routine blood work including a lactate level and blood cultures. A chest x-ray reveals a left lower lobe infiltrate in his lungs suggestive of pneumonia, and the decision is made to admit him to your general medicine floor. You are about to start him on empiric antibiotics and wonder whether to use β-Lactam monotherapy or β-Lactam plus macrolide combination therapy.
---
A 6-week-old boy is brought by his family to the emergency department for fever. He was found to have a temperature of 38.4C at home this evening. His parents tell you that he has been congested for the past few days and his cough seems to have worsened. They have been using a bulb suction device at home to help him breathe better, and he is still tolerating breastmilk and formula. There is a school-age sibling at home with cough and congestion as well which she has successfully passed on to the rest of the family. On your physical exam, you note that he has clear nasal secretions, normal oxygen saturation, and appears well. His parents ask you, “He’s so little. Do you think he has pneumonia? His sister had pneumonia in the past and got a chest x-ray. Does he need a chest x-ray as well?”",sgem-463.md | sgem-26.md | sgem-359.md | sgem-216.md | sgem-120.md | sgem-446.md,0.7629098368585456,0.7325564562776973
"An 8-year-old girl presents to the emergency department with respiratory distress, facial edema, and a skin rash after eating a buffet dinner with her family. She was born at 39 weeks via spontaneous vaginal delivery, has met all developmental milestones and is fully vaccinated. Past medical history is significant for mild allergies to pet dander and ragweed, as well as a severe peanut allergy. She also has asthma. She normally carries both an emergency inhaler and EpiPen but forgot them today. Family history is noncontributory. The vital signs include: blood pressure 112/87 mm Hg, heart rate 111/min, respiratory rate 25/min, and temperature 37.2°C (99.0°F). On physical examination, the patient has severe edema over her face and an audible stridor in both lungs. Of the following options, which is the most appropriate next step in the management of this patient?

Options:
A: IM epinephrine
B: oral diphenhydramine
C: IV epinephrine
D: extra-strength topical diphenhydramine
E: inhaled sodium cromolyn - mast cell stabilizer",A,A,True,"The 6-month-old girl presents with symptoms of respiratory distress, fever, and ""noisy breathing,"" which could be indicative of a viral respiratory infection. The presence of wheezing is concerning, but given the lack of a history of atopy or asthma and the acute presentation, it is less likely to be an asthma exacerbation. The child's vitals show fever, tachycardia, tachypnea, and mild hypotension, which could be consistent with a systemic infection.

The 8-year-old girl, on the other hand, has a known history of severe peanut allergy and asthma. She presents with respiratory distress, facial edema, and a skin rash after eating, which are signs of anaphylaxis, likely triggered by a food allergen. The presence of severe edema and stridor indicates a severe allergic reaction that is progressing to airway compromise.

Given the options provided, the most appropriate next step in the management of the 8-year-old girl with signs of anaphylaxis is to administer epinephrine. Since the patient is conscious and the airway is not compromised (yet), intramuscular (IM) administration is preferred over intravenous (IV) due to its rapid onset and efficacy in anaphylaxis. IM epinephrine is the first-line treatment for anaphylaxis.

Oral diphenhydramine is an antihistamine that can be used for allergic reactions but is not the first-line treatment for anaphylaxis. IV epinephrine is typically reserved for patients who are not responding to IM epinephrine or those in cardiac arrest. Extra-strength topical diphenhydramine would not be appropriate in this acute, life-threatening situation. Inhaled sodium cromolyn is a mast cell stabilizer used for prophylaxis of asthma and would not be helpful in an acute anaphylactic reaction.

Therefore, the answer is (A) IM epinephrine.","Parents present to your community emergency department with their 6-month-old daughter. She has had a cough, fever, and *“noisy breathing”* for the past 24 hours. She is otherwise healthy, having had a previously uncomplicated prenatal, delivery, and post-natal course. Her immunizations are up to date. There is no family history of atopy or asthma.
On exam, she is febrile at 38.4 Celsius, pulse 150bpm, respiratory rate 50bpm, and an oxygen saturation of 93% on room air. You even manage to get a blood pressure, which is 78/48. She has a lot of clear nasal discharge and mildly increased work of breathing, with subcostal indrawing. Her cardiac exam is unremarkable, but there is diffuse wheezing throughout the lungs bilaterally, which the parents say has never happened before. The remainder of her exam is reassuring.",sgem-167.md,0.734218074706815,0.734218074706815
"A 35-year-old man presents to the emergency room due to shortness of breath that started an hour ago while playing football with some friends. He has had similar episodes in the past when he also had to be rushed to the hospital. Physical examination shows body temperature is 37.2°C (98.9°F), pulse rate is 100/min, respiratory rate is 28/min and blood pressure is 110/60 mm Hg. Also, it shows decreased breath sounds on both sides, the peak expiratory flow rate is 200 L/min and SpO2 is 89% on room air. The man is given an initial treatment with nebulization using an inhaled short-acting β-agonist. An arterial blood gas analysis shows the following:
pH 7.48
PaO2 59 mm Hg
PaCO2 26 mm Hg
HCO3- 26 mEq/L
After administering oxygen by mask, the man’s PaO2 increases to 75 mm Hg. Which of the following is the most likely cause of this patient’s condition?

Options:
A: Asthma attack
B: Carbon monoxide (CO) poisoning
C: Atelectasis
D: Neuromuscular disease
E: Acute respiratory distress syndrome (ARDS)",A,A,True,"The patient is a 35-year-old man presenting with acute shortness of breath that started during physical activity, with a history of similar episodes in the past. His physical examination reveals decreased breath sounds bilaterally, a peak expiratory flow rate of 200 L/min, and an SpO2 of 89% on room air. These findings suggest an obstructive pulmonary process. The arterial blood gas analysis shows a pH of 7.48, PaO2 of 59 mm Hg, PaCO2 of 26 mm Hg, and HCO3- of 26 mEq/L. After oxygen therapy, his PaO2 improves to 75 mm Hg.

The normal pH and PaCO2 suggest that the patient is not in respiratory acidosis or failure. The normal HCO3- rules out metabolic acidosis or compensation for a primary respiratory disorder. The improvement in PaO2 with oxygen therapy indicates that the patient's primary problem is a ventilation-perfusion mismatch rather than a problem with oxygen binding or transport, which would not improve with oxygen therapy.

Given the history of similar episodes, the acute onset during exercise, and the lack of other systemic symptoms or signs of infection, this is most likely an asthma attack. Asthma can present with sudden onset of dyspnea, wheezing, and decreased breath sounds, and is often triggered by exercise or allergens. The patient's history of similar episodes and the response to nebulized short-acting β-agonist support this diagnosis.

Carbon monoxide poisoning (option B) would not typically present with wheezing or a history of similar episodes. Atelectasis (option C) usually presents with a history of surgery, immobility, or other risk factors, and would not typically cause a decrease in breath sounds bilaterally. Neuromuscular disease (option D) would not typically present with acute episodes triggered by exercise. Acute respiratory distress syndrome (ARDS) (option E) is usually associated with a history of severe illness or trauma and would not typically present with isolated episodes of dyspnea during exercise.

Therefore, the answer is (A) Asthma attack.","55-year-old man with a history of chronic obstructive pulmonary disease, asthma, and congestive heart failure calls 911 complaining of shortness of breath. Emergency Medical Services arrive to find a patient very short of breath, diaphoretic, and speaking only one-two word sentences. His respiratory rate is 40, heart rate is 110, O2 saturation 88%, and afebrile. He is clearly working hard to breathe. The paramedics decide to use non-invasive positive pressure ventilation on-route to support this man’s respiratory distress.
---
A 72-year-old gentleman presents to your emergency department. He has been generally unwell for around one week, with a worsening cough, shortness of breath, and fever. He is now feeling extremely short of breath, appears confused, and is pyrexial at 39 degrees centigrade. His observations are heart rate of 102 beats per minute, respiratory rate of 34 breaths per minute, blood pressure of 110/67 mmHg, and oxygen saturation of 91% on room air.
---
73yo man presents to the emergency department with an exacerbation of his COPD. He quit smoking two days ago when his breathing got worse. He has a history of hypertension but no history of congestive heart failure. He has been taking all his medication and puffers as prescribed. Vital signs are BP165/85, HR 95, Temp 37.2C, RR 22 and O2 Sat 92% on room air.",sgem-96.md | sgem-216.md | sgem-62.md,0.7872860567507004,0.7452542902096654
"A 48-year-old homeless male is brought to the emergency department, by the police, for altered mental status. Past medical records are unavailable. A physical exam on admission reveals scleral icterus and a flapping tremor of the wrists during extension. The patient is admitted to the hospital and his treatment is started after appropriate investigation. The next morning on rounds, he complains of eleven episodes of diarrhea and near-constant flatulence overnight. His mental status has improved and his hand tremor has resolved. Which of the following medications did this patient most likely receive after admission?

Options:
A: Thiamine
B: Lactulose
C: Naloxone
D: Loperamide
E: Rifaximin",B,B,True,"The patient presented with altered mental status, scleral icterus, and a flapping tremor of the wrists, which are signs consistent with Wernicke's encephalopathy, a condition often seen in individuals with alcohol use disorder. Wernicke's encephalopathy is caused by a deficiency of thiamine (vitamin B1). The treatment for Wernicke's encephalopathy is thiamine replacement.

The improvement in the patient's mental status and resolution of the hand tremor after admission suggests that the treatment he received was effective. Given that he was also experiencing diarrhea and flatulence, it is possible that he was given a medication to help with these gastrointestinal symptoms.

Among the options provided:

A: Thiamine is the correct treatment for Wernicke's encephalopathy, but it would not typically cause diarrhea and flatulence.
B: Lactulose is a medication used to treat constipation and hepatic encephalopathy, and it can cause diarrhea.
C: Naloxone is an opioid antagonist and would not be indicated in this scenario.
D: Loperamide is an anti-diarrheal medication, which would not typically cause diarrhea.
E: Rifaximin is an antibiotic that is sometimes used to reduce the recurrence of hepatic encephalopathy, but it is not commonly associated with causing diarrhea.

Given that the patient's mental status improved and the hand tremor resolved, which indicates successful treatment of Wernicke's encephalopathy, and considering the new symptoms of diarrhea and flatulence, it is likely that the patient was given lactulose for the gastrointestinal symptoms. Lactulose can indeed cause diarrhea, which aligns with the patient's complaints.

Therefore, the answer is (B) Lactulose.",,,0.0,0.0
"A 67-year-old man is brought to the emergency department with sudden onset of slurred speech. The patient’s eldest daughter says that he couldn’t move his arm during the episode. Past medical history is significant for hypertension and a hemorrhagic stroke 6 years ago, which was treated surgically. After admission, the patient gets increasingly worse and loses consciousness. A noncontrast CT of the head shows a subarachnoid hemorrhage (SAH). The patient is taken to the operating room, where the SAH evacuated, and the vessel is repaired. Postoperatively, the patient is unresponsive. Several days later, a repeat CT of the head shows an enlarging aneurysm in a different vessel in the brain. The patient’s daughter is asked to consent to a non-emergent, life-saving operation since the patient is in a comatose state. She does not consent to the operation even though the physician stresses it would be life-saving. Upon further discussion, the physician finds out that the patient was abusive and neglectful to his children, and the daughter wants “to live in peace.” The patient has no written advanced directive. Which of the following is the most appropriate course of action?

Options:
A: Follow the daughter’s wishes to withhold the operation
B: Refer this case to the court
C: Contact another family member for consent
D: Perform the surgery without consent
E: Report the daughter to the police",C,B,False,"The patient is in a comatose state and unable to provide consent for medical procedures. The daughter, who is the legal surrogate decision-maker in the absence of an advanced directive, is refusing to consent to a life-saving operation. The physician has stressed that the operation is life-saving, which implies that the patient's life is in danger without it. 

In such a situation, the physician must consider the best interest of the patient. The patient's history of abuse and neglect may influence the daughter's decision, but it does not negate the physician's duty to act in the patient's best interest. Since the patient is in a comatose state and there is no advanced directive, the physician cannot ethically perform the surgery without consent, as this would be coercive and against the patient's autonomy. Reporting the daughter to the police is not appropriate as this does not address the immediate medical concern for the patient.

Referring the case to the court (option B) is the most appropriate course of action when there is a dispute about the management of a patient who is incapacitated and there is no advanced directive. The court can then weigh the options and make a decision that is in the best interest of the patient, potentially overriding the daughter's wishes if it is determined that the operation is indeed life-saving and in the patient's best interest.

Therefore, the answer is (B) Refer this case to the court.",,,0.0,0.0
"A 56-year-old man is brought to the emergency room after a motor vehicle accident. The patient’s vitals are as follows: blood pressure 80/40 mm Hg, heart rate 111/min, respiratory rate 39/min, and temperature 37.1°C (98.8℉). On physical examination, the patient is unconscious with a GCS of 9/15 and is cyanotic. There are open fractures of the left femur and left tibia, a likely shoulder dislocation, multiple contusions on the limbs and thorax, and a puncture wound on the left side of his chest. There are no breath sounds on the left side and there is hyperresonance to percussion on the left. Preparations are made for an emergency needle thoracostomy to be performed to treat this patient’s likely tension pneumothorax. Which one of the following is the best choice to provide informed consent for this procedure?

Options:
A: The patient’s closest relatives (spouse, child or parent), who must be brought to the hospital as fast as possible
B: One of the witnesses at the scene of the car accident, who should be brought to the hospital as fast as possible
C: The hospital ethics committee
D: Informed consent is not needed in this case
E: The hospital lawyer should immediately give temporary medical power of attorney to a member of the hospital ethics committee who will make all the medical decisions for the patient only until the patient is conscious again.",D,B,False,"The patient is unconscious with a Glasgow Coma Scale (GCS) of 9/15, indicating a severe injury and impaired consciousness. The patient is also cyanotic, which suggests inadequate oxygenation. The physical examination findings of no breath sounds on the left side and hyperresonance to percussion are consistent with a tension pneumothorax, a life-threatening condition that requires immediate treatment.

In an emergency situation where the patient is unable to provide consent due to unconsciousness and there is no time to wait for the patient to regain consciousness or for complex ethical considerations, the next of kin or a legally authorized representative should be sought to provide consent on behalf of the patient. However, in the immediate pre-hospital setting, when there is no time to contact the next of kin and the procedure is urgently needed to prevent further harm or death, the person most readily available who can provide consent, typically a witness or first responder, may be deemed to have implied consent to proceed with the emergency treatment.

Option A suggests contacting the closest relatives, which is the appropriate course of action but may not be immediately feasible due to time constraints. Option B suggests using a witness from the scene, which is a reasonable choice given the urgency. Option C is not practical in an emergency situation. Option D is incorrect because informed consent is always needed, even in emergencies, if possible. Option E is not appropriate as it bypasses the usual hierarchy of consent and delegates decision-making authority without proper justification.

Given the urgency of the situation and the need to treat the tension pneumothorax immediately to prevent further deterioration, the best choice among the given options to provide informed consent would be the witness at the scene of the car accident, who should be brought to the hospital as fast as possible.

Therefore, the answer is (B) One of the witnesses at the scene of the car accident, who should be brought to the hospital as fast as possible.","You are driving home from a busy shift and see a car collision occur right in front of you. The driver is a restrained self-extricated male who lost control of his vehicle into a light post and the vehicle’s airbags deployed. After safely pulling over and having a bystander call 911, you evaluate the patient. He is speaking in full sentences without confusion, has a strong, rapid pulse, significant pain in his chest and is having a very hard time breathing. As you wait for EMS to arrive, you quickly dash back to your car to retrieve your stethoscope and an angiocatheter you have in your glovebox. You notice a marked difference between breath sounds on the left side and decide the patient needs treatment for a tension pneumothorax. After obtaining consent from the patient, you debate whether to decompress at the second intercostal space in the midclavicular line as you originally learned, or in the fourth/fifth intercostal space midaxillary line as per the current ATLS guidelines.",sgem-339.md,0.7116295976879469,0.7116295976879469
"A 95-year-old woman who is a resident at a long term care facility, got up from her chair, tripped on a rug, and fell on her right knee. She could not get up without assistance and complained of severe pain in her right hip and buttock. The nurse who evaluated her tried to stand her up, but when the patient tried to stand on her right leg, she dropped her left hip and lost her balance. The nurse then recognized that her patient had a foreshortened right leg fixed in the adducted position and a large swelling in her right buttock. At the receiving hospital, the patient was confused and, though she knew her name, she couldn’t remember the date and insists to leave the hospital immediately to see her family. Past medical history includes diabetes, congestive heart failure, and incontinence. She is currently taking metformin, lisinopril, hydrochlorothiazide, metoprolol, and oxybutynin. Physical exam confirmed the nurse’s findings. Radiographs proved the presence of a right posterior hip dislocation without fractures. What medication is most likely associated with this patient’s confusion?

Options:
A: Metformin
B: Oxybutynin
C: Metoprolol
D: Lisinopril
E: Hydrochlorothiazide",B,B,True,"The first scenario describes a 75-year-old woman with a femoral neck fracture and no mention of confusion or altered mental status. The second scenario describes a 95-year-old woman with a hip dislocation and confusion. The question asks which medication is most likely associated with the patient's confusion.

Confusion and altered mental status can be side effects of several medications. However, we need to focus on the medications listed that are known to potentially cause confusion or cognitive impairment.

A: Metformin is an antidiabetic medication and is not commonly associated with confusion.
B: Oxybutynin is an anticholinergic medication used to treat incontinence and is known to cause confusion, especially in the elderly.
C: Metoprolol is a beta-blocker used for hypertension and heart conditions, and while it can cause fatigue or dizziness, it is not typically associated with confusion.
D: Lisinopril is an ACE inhibitor used for hypertension and heart failure, and it is not commonly associated with confusion.
E: Hydrochlorothiazide is a diuretic used for hypertension and edema, and it is not typically associated with confusion.

Given the options, the medication most likely to be associated with confusion, especially in the elderly, is oxybutynin due to its anticholinergic properties. Therefore, the answer is (B) Oxybutynin.",A 75-year-old woman has a ground level fall in her apartment. She is brought to the emergency department with an isolated hip injury. She has a past medical history of high blood pressure and gastroesophageal reflex disease. Her only complaint is hip pain. On exam her vital signs are normal. The only abnormality found is a shortened and externally rotated left leg. An x-ray demonstrates a femoral neck fracture. The nurse wants to know what you want to give her for pain.,sgem-138.md,0.714582890583378,0.714582890583378
"A 21-year-old woman presents to the emergency room with right arm pain and limited range of motion. She does not recall trauma to the arm. She also complains of diarrhea and nausea. She is sexually active with one male partner and admits to having pain during intercourse. There is vague and diffuse tenderness to palpation in all four abdominal quadrants. No erythema or edema is noted on the right arm. The fecal occult test is negative. Past records show that this patient has been in the ER 7 times in the past year with similar symptoms. Which of the following is the most likely diagnosis?

Options:
A: Ulcerative colitis
B: Illness anxiety disorder
C: Somatization disorder
D: Somatoform pain disorder
E: Conversion disorder",C,C,True,"The patient is a 21-year-old woman who presents with right arm pain and limited range of motion without recall of trauma, diarrhea, nausea, and dyspareunia (pain during intercourse). She has vague and diffuse tenderness in all four abdominal quadrants, and a negative fecal occult blood test. Her past medical history is significant for multiple emergency room visits with similar symptoms.

Let's evaluate the options:

A: Ulcerative colitis typically presents with bloody diarrhea, which is not mentioned in the case. Additionally, the fecal occult blood test is negative, making this diagnosis less likely.

B: Illness anxiety disorder, formerly known as hypochondriasis, involves preoccupation with having a serious illness based on misinterpretation of bodily symptoms. This patient's presentation does not suggest a preoccupation with having a serious illness but rather a pattern of seeking medical attention without clear medical findings.

C: Somatization disorder is part of the somatic symptom and related disorders category and is characterized by multiple physical complaints that are not fully explained by a medical condition, substance use, or another mental disorder. This patient's history of multiple ER visits with various complaints could fit this pattern.

D: Somatoform pain disorder is characterized by pain that is not explained by a medical condition, substance use, or another mental disorder. The pain is not intentionally produced or feigned, and it results in significant distress or impairment. This diagnosis could be considered, but it does not account for the full range of symptoms, including gastrointestinal and sexual function.

E: Conversion disorder involves neurological symptoms incompatible with neurological pathways but not explained by another medical or mental disorder. The lack of neurological symptoms in this case makes this diagnosis less likely.

Given the information, the most likely diagnosis is somatization disorder, as it encompasses the variety of physical complaints over time that are not fully explained by a medical condition and do not seem to be intentionally produced or feigned.

Therefore, the answer is (C) Somatization disorder.",,,0.0,0.0
"A 32-year-old woman comes to the emergency department because a 5-week history of abdominal pain and bloody diarrhea that has worsened in the past 24 hours. She was diagnosed with ulcerative colitis 1 year ago but has had difficulty complying with her drug regimen. Her temperature is 38.2°C (100.8°F), pulse is 120/min, and blood pressure is 92/56 mm Hg. Examination shows a distended, rigid abdomen and hypoactive bowel sounds. Fluid resuscitation is initiated. In addition to complete bowel rest, which of the following is the most appropriate next step in management of this patient?

Options:
A: Double-contrast barium enema
B: Abdominal CT scan with contrast
C: CT angiography
D: Abdominal x-ray
E: Colonoscopy",D,B,False,"The 32-year-old woman presents with a history of abdominal pain and bloody diarrhea, which has worsened over the past 24 hours. She has a known diagnosis of ulcerative colitis and has difficulty complying with her medication regimen. Her symptoms, along with the fever, tachycardia, hypotension, and abdominal examination findings, suggest a possible severe exacerbation of her condition, such as a severe colitis or toxic megacolon.

In such a clinical scenario, the most appropriate next step in management after initiating fluid resuscitation and complete bowel rest would be to assess for complications such as perforation or ischemia. An abdominal CT scan with contrast is the best choice as it can provide detailed information about the colonic wall, presence of free air or fluid, and vascular compromise, which are critical in guiding further management.

Option A (Double-contrast barium enema) is not appropriate in this acute setting and can be dangerous if there is a perforation. Option B (Abdominal CT scan with contrast) is the correct choice as it can help diagnose complications of ulcerative colitis like toxic megacolon or ischemia. Option C (CT angiography) may be useful if there is a suspicion of mesenteric ischemia, but it is not the primary concern here. Option D (Abdominal x-ray) can show signs of obstruction or perforation but is less sensitive and specific than a CT scan. Option E (Colonoscopy) is generally avoided in the acute setting due to the risk of perforation and is not the best next step in this scenario.

Therefore, the answer is (B) Abdominal CT scan with contrast.","A 32-year-old male patient presents to your emergency department (ED) with severe nausea, vomiting and abdominal pain. He reports the symptoms have been continuous for 4 or 5 hours. Over-the-counter medications like acetaminophen (paracetamol) and ibuprofen have not helped. His flatmate (roommate) says he only gets relief by taking really long, hot showers.
On examination, his vital signs are normal, and he is afebrile. The abdomen exam shows no peritoneal sign and normal bowel sounds are heard. Laboratory values are unremarkable. An ultrasound does not show any free fluids or any signs of an ileus, appendicitis or gallbladder disease.
His pain and nausea are difficult to control with standard medications. You admit him to hospital and the next day he undergoes gastroscopy which is unremarkable.
---
A 71-year-old patient with a history of hypertension and well-controlled diabetes mellitus without organ involvement presents with left lower abdominal pain, afebrile, blood pressure 138/70 mm Hg, heart rate 82 beats per minute, and oxygen saturation on room air 99%. They are afebrile and tolerate oral intake. The emergency department (ED) evaluation reveals an unremarkable chemistry panel with normal renal function and a white blood cell count of 10,000. An abdominal pelvic CT scan demonstrates uncomplicated left-sided diverticulitis. The patient is feeling well enough to go home and you discharge the patient to home without antibiotics and ask them to follow up with their primary care provider or return if they get worse. In follow-up, the patient’s primary care provider is upset that the patient was not started on antibiotics.",sgem-318.md | sgem-445.md,0.7221631698754563,0.7210229395725547
"A 55-year-old man recovering from knee replacement surgery complains of breathlessness in the postoperative ward. He has been confined to bed for the past 5 days and is under observation. He felt a sudden difficulty in breathing and called for the ward nurse. He says that he is unable to take deep breaths and has a sharp pain on the right side of his chest with each inspiration. His temperature is 37.5°C (99.8°F), the pulse is 111/min, the respirations are 31/min, and the blood pressure is 85/55 mm Hg. He experiences pain in his right calf on dorsiflexion. There are no other prominent findings on physical examination. His chest X-ray does not show anything significant. The ECG reveals sinus tachycardia. Which of the following is the best course of management at this time?

Options:
A: Subcutaneous fondaparinux
B: CT scan
C: Inferior vena cava filter
D: Ventilation-perfusion scan
E: Lower extremity doppler",A,D,False,"The patient is presenting with symptoms of breathlessness, sharp chest pain on inspiration, tachycardia, and hypotension. The fact that he has been confined to bed for the past 5 days following knee replacement surgery is significant, as it increases his risk for venous thromboembolism (VTE), including deep vein thrombosis (DVT) and pulmonary embolism (PE). The pain in his right calf on dorsiflexion could indicate a positive Homan's sign, which is suggestive of DVT. The chest X-ray is not significant, which means that a PE has not been ruled out by this imaging modality alone. The ECG shows sinus tachycardia, which can be a sign of PE.

Given the clinical scenario, the best course of management would be to address the potential life-threatening condition of PE. A CT pulmonary angiogram (CTPA) is the gold standard for diagnosing PE, but it is not listed as an option here. However, a ventilation-perfusion (V/Q) scan is a suitable alternative, especially if CTPA is contraindicated or not available. It can help diagnose PE by identifying mismatches in lung areas that are ventilated but not perfused.

Subcutaneous fondaparinux (A) is an anticoagulant that could be used in the management of DVT or PE, but it would not be the immediate next step without first confirming the diagnosis. An inferior vena cava filter (C) is used in patients who cannot be anticoagulated or have recurrent PE despite adequate anticoagulation, which is not the case here. Lower extremity doppler (E) could be used to diagnose DVT, but given the patient's acute symptoms and the need for immediate assessment of a potentially life-threatening PE, this would not be the best initial step.

Therefore, the answer is (D) Ventilation-perfusion scan.",,,0.0,0.0
"A 55-year-old man is brought to the emergency department with altered mental status. The patient is in acute distress and cannot provide history due to disorientation. Temperature is 38.7°C (101.6°F), blood pressure is 80/50 mm Hg, pulse is 103/min, respiratory rate is 22/min, and BMI is 20 kg/m2. On examination, his sclera and skin are icteric. On abdominal examination, the patient moans with deep palpation to his right upper quadrant.
Laboratory test
Complete blood count
Hemoglobin 14.5 g/dL
MCV 88 fl
Leukocytes 16,500/mm3
Platelets 170,000/mm3
Basic metabolic panel
Serum Na+ 147 mEq/L
Serum K+ 3.8 mEq/L
Serum Cl- 106 mEq/L
Serum HCO3- 25 mEq/L
BUN 30 mg/dL
Serum creatinine 1.2 mg/dL
Liver function test
Total bilirubin 2.8 mg/dL
AST 50 U/L
ALT 65 U/L
ALP 180 U/L
The patient is treated urgently with intravenous fluid, dopamine, and broad spectrum antibiotics. The patient’s blood pressure improves to 101/70 mm Hg. On ultrasound of the abdomen, the common bile duct is dilated. What is the best next step in the management of this patient?

Options:
A: ERCP
B: Close monitoring
C: MRCP
D: Percutaneous transhepatic cholangiogram
E: CT abdomen",A,A,True,"Summary of available information:
- 55-year-old man with altered mental status and acute distress
- Fever (38.7°C) and hypotension (80/50 mm Hg)
- Tachycardia (pulse 103/min), normal respiratory rate (22/min), and normal BMI (20 kg/m2)
- Icteric sclera and skin
- Moaning with deep palpation to the right upper quadrant
- Lab tests show leukocytosis (white blood cell count of 16,500/mm3) and elevated total bilirubin (2.8 mg/dL)
- Mildly elevated AST and ALT, significantly elevated ALP
- Improvement in blood pressure after treatment
- Dilated common bile duct on abdominal ultrasound

The patient's presentation with fever, hypotension, altered mental status, and right upper quadrant pain, along with the lab findings of leukocytosis and elevated bilirubin, suggest an infectious process, likely cholangitis. The dilated common bile duct on ultrasound further supports this diagnosis.

The best next step in the management of a patient with suspected cholangitis and a dilated common bile duct is to relieve the obstruction and drain the infected biliary tree. An ERCP (Endoscopic Retrograde Cholangiopancreatography) is the procedure of choice as it allows for both diagnosis and therapeutic intervention, including the removal of gallstones or the placement of stents if necessary.

Therefore, the answer is (A) ERCP.",,,0.0,0.0
"A 22-year-old man from Nepal presents to the emergency department complaining of swelling and pain in his right testicle. The patient states that he just arrived in the United States to live with his wife, with whom he is monogamous. The patient denies painful urination or urethral discharge, but admits that 10 days ago he “felt like he had a fever” and the right side of his face was swollen and painful. Which of the following is characteristic of the most likely diagnosis?

Options:
A: Preventable by a live attenuated vaccine
B: Dilation of the pampiniform plexus
C: Original presentation in the form of a painless chancre
D: Cause buboes in the inguinal lymph nodes
E: Is a common cause of septic arthritis in this patient’s age group",A,D,False,"The patient presents with swelling and pain in his right testicle and a history of facial swelling and pain, which could suggest an infection that is affecting different parts of the lymphatic system. The lack of symptoms such as painful urination or urethral discharge makes a urethritis less likely.

The options given are characteristics of different diseases:

A: Preventable by a live attenuated vaccine - This could refer to diseases like mumps or varicella, which are preventable by vaccines. However, neither of these typically presents with isolated testicular swelling and pain.

B: Dilation of the pampiniform plexus - This is associated with conditions like testicular torsion, where the spermatic cord twists and cuts off the blood supply to the testicle, causing sudden severe pain and swelling. However, this does not fit with the patient's history of facial swelling and fever.

C: Original presentation in the form of a painless chancre - This is characteristic of syphilis, which is a sexually transmitted infection. However, the patient is monogamous and denies any painful urination or urethral discharge, which makes this less likely.

D: Cause buboes in the inguinal lymph nodes - Buboes are swollen lymph nodes and are characteristic of infections like bubonic plague or chancroid. Given the patient's history of fever and facial swelling, followed by testicular pain and swelling, this could suggest an infection that causes buboes.

E: Is a common cause of septic arthritis in this patient’s age group - Septic arthritis is an infection in a joint, which could cause joint pain and swelling, but it does not typically present with facial swelling or testicular swelling and pain.

Given the patient's symptoms and the options provided, the most likely diagnosis would be one that causes buboes in the inguinal lymph nodes, which fits with the history of facial swelling and fever, followed by testicular pain and swelling. Therefore, the answer is (D) Cause buboes in the inguinal lymph nodes.",,,0.0,0.0
"A 57-year-old woman is brought to the emergency department by ambulance for dysarthria and left-sided facial droop. She is accompanied by her son, who states that the patient had just returned home an hour ago from walking the dog when suddenly the patient stated she felt “strange.” When her son asked her what was wrong, her speech was slurred and her ""face looked funny.” The son quickly called an ambulance. The paramedic upon arrival noted that the patient had left-sided facial droop. Her medical history includes asthma and sickle cell disease. She takes hydroxyurea, uses oxycodone as needed for pain, and an albuterol inhaler as needed for shortness of breath. The patient’s temperature is 97°F (36.1°C), blood pressure is 145/72 mmHg, pulse is 93/min, and respirations are 14/min with an oxygen saturation of 96% on room air. On physical examination, a left-sided facial droop is appreciated. She has trouble articulating her words, and her speech is garbled. She is put on 2 L of oxygen by nasal cannula. Labs are obtained and pending. Which of the following therapies is most likely indicated?

Options:
A: Alteplase
B: Exchange transfusion
C: Hydralazine
D: Naloxone
E: Warfarin",B,B,True,"The patient presents with acute onset dysarthria and left-sided facial droop, which are signs of a possible stroke. Given her history of sickle cell disease and the acute presentation, it is important to consider the possibility of a stroke caused by sickle cell disease complications, such as vaso-occlusive crisis or cerebral infarction.

Option A, Alteplase, is a thrombolytic agent used in the treatment of acute ischemic stroke. However, the use of alteplase is contraindicated in patients with sickle cell disease due to the increased risk of hemorrhagic transformation of the infarct.

Option B, Exchange transfusion, is a procedure used to rapidly replace the patient's sickle cells with normal red blood cells. This can be used in the management of acute chest syndrome in sickle cell disease and also in severe cases of stroke when the patient has a high burden of sickled cells.

Option C, Hydralazine, is an antihypertensive medication that is not typically used in the acute management of stroke or sickle cell complications.

Option D, Naloxone, is an opioid antagonist used to reverse the effects of opioids like oxycodone. There is no indication that the patient's symptoms are due to opioid overdose, especially given the acute onset of neurological deficits.

Option E, Warfarin, is an anticoagulant used for the prevention of thromboembolic events. However, it is not indicated in the acute management of stroke and can be contraindicated in patients with sickle cell disease due to the risk of bleeding.

Given the patient's history and presentation, the most likely indicated therapy would be an exchange transfusion to reduce the number of sickled cells and improve oxygen delivery to the brain. Therefore, the answer is (B) Exchange transfusion.",,,0.0,0.0
"A 58-year-old male is hospitalized after sustaining multiple fractures in a severe automobile accident. Soon after hospitalization, he develops respiratory distress with crackles present bilaterally on physical examination. The patient does not respond to mechanical ventilation and 100% oxygen and quickly dies due to respiratory insufficiency. Autopsy reveals heavy, red lungs and histology is shown in Image A. Which of the following is most likely to have been present in this patient shortly before death:

Options:
A: Diaphragmatic hypertrophy
B: Proliferation of bronchiolar mucous glands
C: Interstitial edema
D: Large pulmonary embolus
E: Left apical bronchoalveolar carcinoma",C,C,True,"The patient's history of multiple fractures from a severe automobile accident and the development of respiratory distress with crackles present bilaterally suggest the possibility of acute respiratory distress syndrome (ARDS), which can occur as a complication of trauma and severe injury. ARDS is characterized by diffuse alveolar damage leading to pulmonary edema and impaired gas exchange. The description of heavy, red lungs at autopsy is consistent with pulmonary edema, which is a common finding in ARDS.

Let's evaluate the options:

A: Diaphragmatic hypertrophy is usually a result of chronic overuse or long-term mechanical ventilation, not an acute process like the one described.

B: Proliferation of bronchiolar mucous glands is seen in chronic bronchitis, which is a chronic condition and not consistent with the acute presentation described.

C: Interstitial edema is a hallmark of ARDS and would be consistent with the acute onset of respiratory distress and the autopsy findings of heavy, red lungs.

D: A large pulmonary embolus could cause acute respiratory distress, but it is less likely to cause bilateral crackles and heavy, red lungs histologically, as pulmonary embolism typically leads to infarction and a more localized response.

E: Left apical bronchoalveolar carcinoma would not typically present with acute respiratory distress and bilateral crackles; it would more likely present with a more chronic course and localized findings.

Based on the information provided and the typical histological findings associated with ARDS, the most likely finding shortly before death would be interstitial edema. Therefore, the answer is (C) Interstitial edema.",,,0.0,0.0
"A 55-year-old man presents to the emergency department with complaints of nausea, vomiting, palpitations, and dizziness, which have lasted for the past 3 hours. He was diagnosed with heart failure 1 year ago. During his last visit to his primary care physician, he was doing well and the lab results were normal. He reports that he has been taking low-dose aspirin and digoxin regularly for 1 year, and verapamil was recently added to prevent his frequent migraine headaches. An electrocardiogram is performed urgently and shows paroxysmal atrial tachycardia with block. Suspecting digitalis toxicity, the emergency medicine physician sends blood to the lab for a serum digoxin level, which is 3.7 ng/mL (therapeutic range: 0.8–2 ng/mL). Which of the following mechanisms most likely explains the development of digitalis toxicity in this patient?

Options:
A: Drug-induced hypokalemia
B: Increased intestinal absorption of digoxin
C: Inhibition of CYP 3A4 isoenzyme
D: Inhibition of P-glycoprotein
E: Increased enterohepatic circulation of digoxin",D,A,False,"The patient has a history of heart failure and is on digoxin, a medication used to treat various heart conditions including atrial tachycardia. The patient's symptoms of nausea, vomiting, palpitations, and dizziness, along with the ECG findings of paroxysmal atrial tachycardia with block, are suggestive of digoxin toxicity, especially given the elevated serum digoxin level of 3.7 ng/mL, which is above the therapeutic range of 0.8–2 ng/mL.

Digitalis toxicity can be caused by several mechanisms, but the most common ones are drug-induced hypokalemia and increased intestinal absorption of digoxin. Drug-induced hypokalemia can increase the risk of digoxin toxicity because digoxin and potassium compete for the same binding sites on the Na+/K+ ATPase pump; when potassium levels are low, digoxin has more opportunity to bind and exert its effects, leading to toxicity.

Verapamil, which the patient was recently prescribed for migraine prevention, can cause hypokalemia by inhibiting potassium efflux into the gut, which can lead to increased serum potassium levels. This could contribute to digitalis toxicity.

Increased intestinal absorption of digoxin is another mechanism that can lead to toxicity, but there is no information provided that suggests an increase in the absorption mechanism in this case.

Inhibition of CYP 3A4 isoenzyme and inhibition of P-glycoprotein, as well as increased enterohepatic circulation of digoxin, are not commonly associated with digoxin toxicity.

Given the information provided and the common mechanisms of digoxin toxicity, drug-induced hypokalemia is the most likely explanation for the development of digitalis toxicity in this patient, especially considering the use of verapamil, which can cause hypokalemia.

Therefore, the answer is (A) Drug-induced hypokalemia.",,,0.0,0.0
"A 36-year-old man is brought to the emergency department 25 minutes after being involved in a high speed motor-vehicle collision in which he was an unrestrained passenger. He has acute myeloid leukemia and is currently receiving chemotherapy. On arrival, his temperature is 37°C (98.6°F), pulse is 63/min, respirations are 10/min, and blood pressure is 100/70 mm Hg. The pupils are equal and sluggish. There are multiple bruises over the face, trunk, and right upper and lower extremities. There is a 4-cm (1.6-in) laceration over his right cheek. He does not respond to any commands, but does groan. Painful stimuli cause him to open his eyes and withdraw all extremities. There are decreased breath sounds over the right lung base. There is tenderness to palpation over the left chest wall. Cardiac examination shows no abnormalities. The abdomen is soft and shows diffuse tenderness to palpation with no guarding or rebound. There is swelling of the right elbow and wrist. The right lower extremity is shorter than the left lower extremity. There are 2 lacerations around 2 cm (0.8 in) each on the right leg. The right knee is swollen. Which of the following is the most appropriate next step in management?

Options:
A: Focussed assessment sonography for trauma (FAST)
B: Insertion of intercostal chest tube
C: CT scan of the head and neck
D: X-rays of the extremities
E: Intubation and mechanical ventilation",E,E,True,"The patient presents with multiple injuries following a high-speed motor vehicle collision. He has a head injury as evidenced by the laceration over his right cheek and the fact that he is not fully responsive, only groaning and opening his eyes in response to painful stimuli. The presence of multiple bruises and the laceration suggest significant trauma. The decreased breath sounds over the right lung base could indicate a pneumothorax or hemothorax, and the tenderness over the left chest wall could be a sign of injury on that side as well. The swelling of the right elbow and wrist, along with the shorter right lower extremity, suggest potential fractures or dislocations. The swollen right knee could also be indicative of injury or fracture.

Given the patient's altered mental status (not responding to any commands but groaning, and only opening eyes and withdrawing all extremities upon painful stimuli), the need for airway protection and potential respiratory support should be considered. The presence of a head injury and the altered mental status increase the risk of airway compromise.

Option A (FAST) is used to identify free fluid in the abdomen suggestive of internal bleeding, but the patient's primary concern at this moment is his altered mental status and potential airway compromise due to the head injury.

Option B (Insertion of intercostal chest tube) would be indicated if there was evidence of a pneumothorax or hemothorax, but the physical exam findings are not conclusive for this, and it would not address the immediate need for airway management.

Option C (CT scan of the head and neck) would be indicated to assess the extent of the head injury, but this would follow airway management and stabilization.

Option D (X-rays of the extremities) would be indicated to assess the extent of the injuries to the extremities, but this is not the immediate concern given the patient's altered mental status and potential airway compromise.

Option E (Intubation and mechanical ventilation) is the most appropriate next step in management because it addresses the immediate need to secure the airway and provide respiratory support due to the patient's altered mental status and potential for airway compromise.

Therefore, the answer is (E) Intubation and mechanical ventilation.","A 53-year-old woman in good health is brought in by ambulance after a motor vehicle collision. She did not lose consciousness but did bump her head. Her main complaint is chest pain with difficulty breathing. She is tachycardic, tachypnic, and has some mild abdominal pain. You suspect a flail chest on your clinical examination. A FAST examination is performed and is negative.
---
A 43-year-old male presents to your emergency department (ED) the day after being involved in an all-terrain vehicle (ATV) accident. He reports he was riding his ATV along an embankment when it rolled, landing on top of him briefly. He did not seek medical attention at the time of the incident, but he has had persistent chest wall pain and worsening shortness of breath since yesterday evening. He is hemodynamically stable, oxygen saturation is 91% on room air, physical exam reveals ecchymosis and tenderness over the right chest wall with diminished right sided lung sounds. CT scans reveal multiple right sided rib fractures and a hemothorax estimated to measure 500cc with no additional injuries.
---
A 24-year-old patient is involved in a high-speed motor vehicle collision. The patient was the intoxicated driver of a sport utility vehicle that left the road and collided head-on with a traffic light. The driver was ejected from the vehicle. On scene, he has a Glasgow Coma Scale (GCS) score of 14, is tachycardic at 130 beats per minute and hypotensive at 85/50 mmHg. He complains of severe pain in his abdomen and left upper extremity. He has an obvious angulated deformity of his left wrist.
Pre-hospital personnel placed the patient in a cervical spine collar, obtained peripheral intravenous (IV) access, administered 250cc of 0.9% saline and provided rapid transport to the local trauma center which is less than 15 minutes away. On arrival at the trauma center, the patient’s vital signs and symptoms remain essentially unchanged from those on scene.
---
A 49-year-old male presents to the emergency department after being in a motor vehicle collision. You diagnose him with an isolated sternal fracture on X-ray. Specifically, there are no rib fractures or lung abnormalities identified. He also has a normal ECG and troponin. As you are preparing to discharge him, he asks if there are any potential complications to expect from the injury, and how long he should expect to have pain?
---
A ten-year-old boy presents to your emergency department (ED) after being involved in a motor vehicle collision at high speed. Emergency Medical Service (EMS) tells you that he was properly restrained. His parents were also in the vehicle and are currently being brought to the ED as well. He appeared a bit dazed initially, but he has had a Glasgow Coma Scale (GCS) score of 15 throughout transport. Your primary survey is unremarkable. He complains of some abdominal pain, although you note a soft abdomen on exam and no seatbelt sign. As you complete your secondary survey, he vomits once, which is non-bloody. A medical trainee working with says to you, “He says his stomach hurts and threw up. Do you think we need to CT scan his abdomen?”
---
A 28-year-old male is involved in an altercation and shot multiple times in the chest, presenting to the emergency department. His initial vital signs include a BP of 72/46, HR 140, RR 30, O2 sat 89% on NRB, and a temp of 98.7F. You intubate the patient successfully, begin intravenous fluids, and place bilateral chest tubes with significant blood return from the right chest tube. Due to the patient's blood loss, you initiate damage control resuscitation including permissive hypotension, source control of bleeding, and a massive transfusion protocol.",sgem-181.md | sgem-355.md | sgem-443.md | sgem-161.md | sgem-479.md | sgem-109.md,0.7444507605428052,0.7222922165011219
"A 23-year-old man presents with sudden loss of consciousness while pitching in a baseball game. There is no history of injury. Consciousness is regained after cardiopulmonary resuscitation. Past medical history is negative for any neurological and cardiovascular problems. Physical examination reveals a prominent A wave on the jugular venous pulse and a double apical impulse. There are no audible murmurs. An S4 is present. What is the most likely diagnosis?

Options:
A: Dilated cardiomyopathy
B: Hypertrophic cardiomyopathy
C: Aortic stenosis
D: Takotsubo cardiomyopathy
E: Restrictive cardiomyopathy",B,B,True,"The patient is a young athlete who experienced a sudden loss of consciousness, which can be indicative of a cardiac event. The fact that consciousness was regained after cardiopulmonary resuscitation suggests that the event was reversible, possibly due to a arrhythmia or a transient issue with cardiac output.

The physical examination findings are key here: a prominent A wave on the jugular venous pulse indicates increased resistance to atrial contraction, which can be seen in conditions that cause stiffening of the ventricle. A double apical impulse can suggest hypertrophy or an abnormal septal movement. An S4 heart sound is associated with a stiff or hypertrophic ventricle and is often heard in conditions that cause diastolic dysfunction.

Given these findings, we can consider the options:

A: Dilated cardiomyopathy typically presents with signs of heart failure and would not usually cause a prominent A wave or a double apical impulse.

B: Hypertrophic cardiomyopathy (HCM) is a common cause of sudden cardiac death in young athletes and can present with a prominent A wave, a double apical impulse due to a thickened septum, and an S4 heart sound due to the stiff ventricle.

C: Aortic stenosis typically presents with a systolic ejection murmur and would not typically cause a prominent A wave or a double apical impulse.

D: Takotsubo cardiomyopathy is usually triggered by emotional or physical stress and is characterized by transient regional wall motion abnormalities, not typically associated with the findings described.

E: Restrictive cardiomyopathy can cause diastolic dysfunction and might present with an S4, but it is less common in young individuals and less likely to cause sudden loss of consciousness compared to hypertrophic cardiomyopathy.

Based on the clinical presentation and the physical examination findings, the most likely diagnosis is hypertrophic cardiomyopathy. Therefore, the answer is (B) Hypertrophic cardiomyopathy.",,,0.0,0.0
"A 39-year-old man is brought to the emergency department unconscious following 2 episodes of generalized tonic-clonic seizures. According to the attendants, he has complained of recurrent headaches for the past 2 weeks. There is no history of fever, head trauma, or a seizure disorder. The patient does not smoke cigarettes but reportedly drinks 2 glasses of wine daily. He has multiple sexual partners and history regarding the contraceptive use is unavailable. The patient’s vitals include: blood pressure 137/88 mm Hg, temperature 37.2°C (99.0°F). On physical examination, he is obtunded. He grimaces on pain and localizes in response to pain in both upper extremities. Pupils are bilateral 3-mm in diameter and equally round and reactive. Laboratory tests are within normal limits. An MRI of the brain with contrast is shown in the exhibit (see image). A brain biopsy is performed that reveals perivascular clusters of lymphocytes. Which of the following is most associated with this patient’s condition?

Options:
A: Epstein-Barr virus
B: Human herpes virus
C: Human papilloma virus
D: Human T-lymphotropic virus
E: Schistosoma haematobium",A,D,False,"The patient presents with recurrent headaches, seizures, and a brain MRI that likely shows lesions (although the actual image is not provided, the presence of a brain biopsy suggests there were findings). The biopsy reveals perivascular clusters of lymphocytes, which is a hallmark of central nervous system (CNS) lymphoma. CNS lymphoma can be associated with immunodeficiency, which may be related to HIV infection, often caused by the Human T-lymphotropic virus (HTLV). The patient's history of multiple sexual partners and unavailable information on contraceptive use could suggest a risk for sexually transmitted infections, including HIV. While Epstein-Barr virus (EBV) is associated with lymphomas, it is more commonly associated with extranodal NK/T-cell lymphomas, nasopharyngeal carcinoma, and Burkitt lymphoma. Human herpes virus (HHV) is not typically associated with CNS lymphoma. Human papilloma virus (HPV) is associated with cervical and other anogenital cancers and some head and neck cancers but not typically CNS lymphoma. Schistosoma haematobium is associated with urinary schistosomiasis and not CNS lymphoma.

Given the clinical presentation and the association with CNS lymphoma, the most likely etiology is related to an infectious agent known to cause immunodeficiency and CNS lymphoma. Therefore, the answer is (D) Human T-lymphotropic virus.",,,0.0,0.0
"A 25-year-old man with a past medical history of constipation and fibromyalgia presents to the emergency department with generalized malaise and severe diarrhea. The patient states that he has not felt well for the past 24 hours and his symptoms are no longer tolerable. He denies taking any medications or illicit drugs and states he is generally healthy. His temperature is 99.3°F (37.4°C), blood pressure is 122/88 mmHg, pulse is 107/min, respirations are 19/min, and oxygen saturation is 99% on room air. Physical exam demonstrates an ill appearing young man. Physical exam is notable for rhinorrhea, lacrimation, and piloerection. The patient’s pupils are dilated and reactive to light. During placement of an ultrasound guided IV, multiple scars are noted in the antecubital fossa, and it is noted that it is very difficult to place an IV in this patient. During the exam, he begins actively vomiting. Which of the following could be an appropriate treatment for this patient’s symptoms?

Options:
A: Clonidine
B: Diazepam taper
C: Haloperidol and diphenhydramine
D: Naloxone
E: Oseltamivir",A,C,False,"The patient presents with generalized malaise, severe diarrhea, rhinorrhea, lacrimation, and piloerection (goosebumps), which are signs of sympathetic overactivity. The presence of multiple scars in the antecubital fossa and difficulty placing an IV could suggest a history of intravenous drug use. The combination of these symptoms, along with the dilated pupils that are reactive to light, could be indicative of opioid withdrawal, especially considering the patient denies taking any medications or illicit drugs. Opioid withdrawal can cause severe symptoms including diarrhea, vomiting, and autonomic hyperactivity (elevated temperature, tachycardia, hypertension).

Given the clinical presentation, the most appropriate treatment would be to alleviate the symptoms of opioid withdrawal. Naloxone (option D) is an opioid antagonist and is used to treat opioid overdose, not withdrawal. Clonidine (option A) can be used in opioid withdrawal but is more commonly used for the management of hypertension and some off-label conditions. Diazepam taper (option B) can be used to treat alcohol withdrawal, which can present with similar symptoms but is not the first-line treatment for opioid withdrawal. Oseltamivir (option E) is an antiviral medication used to treat influenza and is not indicated in this scenario.

Haloperidol and diphenhydramine (option C) can be used to treat the symptoms of opioid withdrawal. Haloperidol is an antipsychotic that can help with agitation and restlessness, while diphenhydramine is an antihistamine that can help with the runny nose and lacrimation. This combination is not the standard of care for opioid withdrawal but can be used to manage some of the symptoms.

Considering the clinical presentation and the options provided, the most appropriate treatment for this patient’s symptoms, which are consistent with opioid withdrawal, would be a medication that can alleviate those symptoms. While not the standard first-line treatment, the combination of haloperidol and diphenhydramine could help manage the patient’s symptoms.

Therefore, the answer is (C) Haloperidol and diphenhydramine.",,,0.0,0.0
"A 55-year-old woman with a history of HIV presents to the emergency department with progressive dyspnea, fever, and dry cough for the past 4 days. She has not been compliant with antiretroviral or prophylactic medication. On evaluation, the patient is in moderate respiratory distress. The temperature is 38.8°C (102.0°F), the blood pressure is 124/82 mm Hg, the pulse is 96/min, and the respiratory rate is 20/min. Pulse oximetry is 92% on 4 L oxygen by nasal cannula. Her CD4 count is 180 cells/μL. IV antibiotics and glucocorticoids are administered. After 30 minutes, the patient develops severe respiratory distress. Repeat vital signs show: temperature 38.3°C (101.0°F), blood pressure 80/50 mm Hg, pulse 104/min, respiration rate 32/min and pulse oximetry 85% on nasal cannula. The trachea deviates to the left. Breath sounds are absent on the right side and the neck veins are distended. Telemetry shows sinus tachycardia. Which of the following is the best next step in the management of this patient?

Options:
A: Discontinue antibiotics
B: Administer epinephrine
C: Perform an arterial blood gas
D: Needle thoracostomy
E: Stat chest X-ray",D,D,True,"The patient is a 55-year-old woman with HIV, presenting with progressive dyspnea, fever, and dry cough. She is in moderate respiratory distress with a CD4 count of 180 cells/μL, indicating a compromised immune system. After being treated with IV antibiotics and glucocorticoids, her condition has worsened, with severe respiratory distress, hypotension (blood pressure 80/50 mm Hg), tachycardia (pulse 104/min), increased respiratory rate (32/min), decreased pulse oximetry (85% on nasal cannula), tracheal deviation to the left, absent breath sounds on the right side, and distended neck veins. These signs and symptoms suggest the possibility of a tension pneumothorax, which is a medical emergency.

Tracheal deviation away from the affected side, absent breath sounds on the right side, and distended neck veins are indicative of a tension pneumothorax. The hypotension and tachycardia could be due to decreased cardiac output as a result of increased intrathoracic pressure from the pneumothorax. Immediate decompression is necessary to prevent cardiovascular collapse.

The best next step in management is to relieve the pressure in the pleural cavity, which is achieved by performing a needle thoracostomy (also known as a needle decompression). This involves inserting a needle into the second intercostal space at the midclavicular line on the affected side, which allows the trapped air to escape and relieves the pressure.

Discontinuing antibiotics (A) is not appropriate as there is no indication that the antibiotics are causing the patient's deterioration. Administering epinephrine (B) is used for anaphylaxis or cardiac arrest, which is not the case here. Performing an arterial blood gas (C) would provide information on the patient's gas exchange and acid-base status but would not address the immediate life-threatening issue. A stat chest X-ray (E) would confirm the diagnosis of a pneumothorax but would take time that the patient may not have, given the severity of the situation.

Therefore, the answer is (D) Needle thoracostomy.","55-year-old man with a history of chronic obstructive pulmonary disease, asthma, and congestive heart failure calls 911 complaining of shortness of breath. Emergency Medical Services arrive to find a patient very short of breath, diaphoretic, and speaking only one-two word sentences. His respiratory rate is 40, heart rate is 110, O2 saturation 88%, and afebrile. He is clearly working hard to breathe. The paramedics decide to use non-invasive positive pressure ventilation on-route to support this man’s respiratory distress.",sgem-96.md,0.7196123161630315,0.7196123161630315
"A 22-year-old woman with polycystic ovarian syndrome comes to the emergency department because of a 1-day history of left lower abdominal pain that began suddenly while she was running. Her last menstrual period was 2 weeks ago. Physical examination shows tenderness to palpation over the left adnexa and rebound tenderness in the left lower quadrant. There is no tenderness in the right lower quadrant. Urine pregnancy test is negative. An ultrasound is ordered to confirm the diagnosis of ruptured ovarian cyst. Visualization of fluid in which of the following locations would be most consistent with this diagnosis?

Options:
A: Lesser sac
B: Rectouterine pouch
C: Hepatorenal space
D: Splenorenal angle
E: Rectovesical pouch",B,A,False,"The patient is a 22-year-old woman with a history of polycystic ovarian syndrome who presents with acute onset left lower abdominal pain. The absence of tenderness in the right lower quadrant and the presence of rebound tenderness in the left lower quadrant, along with a negative urine pregnancy test, suggest that the pain is not due to appendicitis or an ectopic pregnancy. The sudden onset of pain while running and tenderness over the left adnexa are suggestive of an ovarian issue, such as a ruptured ovarian cyst.

When an ovarian cyst ruptures, the fluid from the cyst is typically released into the peritoneal cavity. The peritoneal cavity is divided into several potential spaces where fluid can accumulate. The lesser sac of the peritoneal cavity is the most likely location for fluid to accumulate following the rupture of an ovarian cyst because it is an anterior extension of the peritoneal cavity that can accommodate fluid from the ruptured cyst.

The other options listed are less likely locations for fluid from a ruptured ovarian cyst:
- The rectouterine pouch (B) is a potential space between the rectum and the uterus, which is not typically where ovarian cyst fluid would accumulate.
- The hepatorenal space (C) is the potential space between the liver and the kidneys, which is not a common site for ovarian cyst fluid to collect.
- The splenorenal angle (D) is the area between the spleen and the kidneys, and is also not a typical site for ovarian cyst fluid accumulation.
- The rectovesical pouch (E) is the potential space between the rectum and the bladder, which is not where ovarian cyst fluid would typically be found.

Therefore, the answer is (A) Lesser sac.",,,0.0,0.0
"A 52-year-old man comes to the physician because of generalized pruritus and raised, erythematous plaques on the skin over his hands, chest, and legs for 6 hours. He reports having clear liquid discharge from his nose and sneezing. He says that his symptoms began suddenly the previous night, 30 minutes after he had dinner at a seafood restaurant. He has had similar symptoms occasionally in the past as well. Four months ago, he had an episode of narrow-angle glaucoma. He takes no medications. His vital signs are within normal limits. Nasal exam shows clear, serous secretions, with edematous and erythematous mucosa and turbinates. Paranasal sinuses are not tender to palpation. Which of the following is the most appropriate pharmacotherapy?

Options:
A: Diphenhydramine
B: Amoxicillin
C: Fexofenadine
D: Vitamin K
E: Calamine lotion",C,C,True,"The patient presents with generalized pruritus, raised erythematous plaques on the skin, clear liquid discharge from the nose, and sneezing. These symptoms began suddenly after eating at a seafood restaurant, which suggests a possible allergic reaction, possibly to something he ate. The fact that he has had similar symptoms in the past and the sudden onset of symptoms after a meal supports this. His history of narrow-angle glaucoma is relevant because certain medications can exacerbate this condition, but it does not directly suggest a treatment for his current symptoms.

Given the options provided:

A: Diphenhydramine is an antihistamine that is commonly used to treat allergic reactions.
B: Amoxicillin is an antibiotic, which would be used to treat bacterial infections, not allergic reactions.
C: Fexofenadine is also an antihistamine, similar to diphenhydramine, but it does not cause sedation and is often used for allergic rhinitis.
D: Vitamin K is used to treat warfarin overdose or to correct a deficiency that leads to bleeding disorders, not for allergic reactions.
E: Calamine lotion is used to soothe itching and irritated skin, but it is not a pharmacotherapy for the systemic allergic reaction.

Considering the patient's symptoms and the sudden onset after a meal, the most appropriate pharmacotherapy would be an antihistamine. Since there is no mention of sedation being a concern for the patient, fexofenadine (C) would be a suitable choice as it treats allergic symptoms without causing sedation. Diphenhydramine (A) could also be appropriate, but fexofenadine is more specific to the symptoms described.

Therefore, the answer is (C) Fexofenadine.",,,0.0,0.0
"A 7-year-old girl is brought to the emergency department with a 10-day history of fever and sore throat that acutely worsened over the past 2 days. Her sore throat is worse on the right side. She has difficulty swallowing and opening her mouth due to pain. She has also noticed a change in the quality of her voice over the last day. Her temperature is 38.2°C (100.8°F), pulse is 86/min, respirations are 18/min, and blood pressure is 110/75 mm Hg . Examination shows cervical lymphadenopathy. Oropharyngeal examination shows erythematous tonsils and swelling of the right tonsillar pillar. The uvula is deviated to the left. Laboratory studies show:
Hemoglobin 13.0 g/dL
Hematocrit 39%
Leukocyte count 12,000/mm3
Platelet Count 200,000/mm3
Serum
Na+ 138 mEq/L
Cl- 100 mEq/L
K+ 4.5 mEq/L
HCO3- 24 mEq/L
Urea nitrogen 14.0 mg/dL
Creatinine 1.1 mg/dL
Which of the following is the most appropriate next step in management?""

Options:
A: Intravenous dexamethasone therapy
B: Tonsillectomy
C: Incision and drainage with intravenous ampicillin-sulbactam therapy
D: Needle aspiration and oral clindamycin therapy
E: Intravenous ampicillin-sulbactam therapy",C,C,True,"The patient is a 7-year-old girl with a 10-day history of fever and sore throat that has acutely worsened, difficulty swallowing and opening her mouth, change in voice quality, and fever. The physical examination shows cervical lymphadenopathy, erythematous tonsils, swelling of the right tonsillar pillar, and uvula deviation to the left. These findings are suggestive of a severe throat infection, possibly a peritonsillar abscess, given the acute worsening, trismus (difficulty opening the mouth), and uvular deviation.

The laboratory studies show a slightly elevated leukocyte count, which is consistent with an infection. The rest of the laboratory values are within normal limits.

The most appropriate next step in management should address the likely diagnosis of peritonsillar abscess. The options are:

A: Intravenous dexamethasone therapy - This is typically used for inflammatory conditions, but not the first-line treatment for an abscess.
B: Tonsillectomy - This is a surgical procedure to remove the tonsils and is not the immediate next step in the management of an acute abscess.
C: Incision and drainage with intravenous ampicillin-sulbactam therapy - This is the standard treatment for a peritonsillar abscess. Incision and drainage of the abscess cavity, along with antibiotic therapy, is necessary to treat the infection.
D: Needle aspiration and oral clindamycin therapy - Needle aspiration may temporarily relieve symptoms, but it does not address the abscess cavity as effectively as incision and drainage. Oral antibiotics may not be sufficient for a severe infection like an abscess.
E: Intravenous ampicillin-sulbactam therapy - While antibiotics are an important part of the treatment, they are not sufficient without addressing the abscess cavity through incision and drainage.

Given the clinical presentation and the need to address both the infection and the abscess cavity, the most appropriate next step in management is incision and drainage of the abscess along with antibiotic therapy. Therefore, the answer is (C) Incision and drainage with intravenous ampicillin-sulbactam therapy.",,,0.0,0.0
"A 24-year-old man is brought to the emergency department by the police. He was found unconscious and covered in bruises outside of a local bar. The patient has a past medical history of polysubstance abuse, depression, multiple suicide attempts, neuropathic pain, and schizophrenia. As part of the patient’s initial workup, a head CT is performed which is unremarkable, and an arterial blood gas is performed as seen below:

pH: 7.29
PaCO2: 95 mm Hg
PaO2: 70 mm Hg
Bicarbonate: 24 mEq/L

Which of the following is the most likely etiology of this patient’s current presentation?

Options:
A: Alcohol
B: Amitriptyline
C: Cocaine
D: Ethylene glycol
E: Heroin",E,E,True,"The patient's arterial blood gas results show a pH of 7.29, which is below the normal range (7.35-7.45) and indicates acidosis. The PaCO2 is 95 mm Hg, which is above the normal range (35-45 mm Hg) and suggests respiratory acidosis. The PaO2 is 70 mm Hg, which is below the normal range (80-100 mm Hg) and indicates hypoxemia. The bicarbonate level is 24 mEq/L, which is on the higher side of the normal range (22-28 mEq/L) and does not suggest a primary metabolic acidosis.

Given the patient's history of polysubstance abuse, we need to consider which substances could lead to respiratory acidosis and hypoxemia. Let's evaluate the options:

A: Alcohol can cause respiratory depression, leading to respiratory acidosis, but it is less likely to cause hypoxemia without other signs of aspiration or pneumonia.

B: Amitriptyline is a tricyclic antidepressant that can cause respiratory depression, leading to respiratory acidosis and hypoxemia.

C: Cocaine is a stimulant and can cause hyperventilation, leading to respiratory alkalosis, not acidosis.

D: Ethylene glycol poisoning typically leads to a high anion gap metabolic acidosis, not respiratory acidosis.

E: Heroin, an opioid, can cause significant respiratory depression, leading to respiratory acidosis and hypoxemia.

Considering the patient's presentation with respiratory acidosis and hypoxemia, and the history of polysubstance abuse, the most likely etiology is an opioid overdose, such as heroin. Therefore, the answer is (E) Heroin.
User 1: The patient's ABG results show a pH of 7.29, which is below the normal range and indicates acidosis. The PaCO2 is 95 mm Hg, which is above the normal range and suggests respiratory acidosis. The PaO2 is 70 mm Hg, which is below the normal range and indicates hypoxemia. The bicarbonate level is 24 mEq/L, which is on the higher side of the normal range and does not suggest a primary metabolic acidosis.

Given the patient's history of polysubstance abuse, we need to consider which substances could lead to respiratory acidosis and hypoxemia. Let's evaluate the options:

A: Alcohol can cause respiratory depression, leading to respiratory acidosis, but it is less likely to cause hypoxemia without other signs of aspiration or pneumonia.

B: Amitriptyline is a tricyclic antidepressant that can cause respiratory depression, leading to respiratory acidosis and hypoxemia.

C: Cocaine is a stimulant and can cause hyperventilation, leading to respiratory alkalosis, not acidosis.

D: Ethylene glycol poisoning typically leads to a high anion gap metabolic acidosis, not respiratory acidosis.

E: Heroin, an opioid, can cause significant respiratory depression, leading to respiratory acidosis and hypoxemia.

Considering the patient's presentation with respiratory acidosis and hypoxemia, and the history of polysubstance abuse, the most likely etiology is an opioid overdose, such as heroin. Therefore, the answer is (E) Heroin.",,,0.0,0.0
"A 3-year-old girl is brought to the emergency department by her parents for an acute arm injury. The mother reports that they were walking in the park and the patient’s dad was swinging the patient in the air by her arms. The dad reports he then heard a click and the patient immediately began to cry. On examination, the patient is holding her right forearm in a pronated position and her elbow slightly flexed. Pain is localized to the lateral aspect of the elbow. She refuses to use the affected limb. She does allow passive flexion and extension with full range of motion but supination is limited and causes pain. Which of the following is the next step in management?

Options:
A: Immobilization
B: Moderate flexion then hyperpronation
C: Open reduction
D: Radiograph
E: Supination then maximal extension",B,B,True,"The patient is a 3-year-old girl who has sustained an acute arm injury while being swung by her arms. The history provided suggests a possible fracture or dislocation, especially given the ""click"" sound heard by the father and the immediate onset of pain. The examination findings are consistent with a specific injury pattern: the patient is holding her forearm in pronation and there is pain on the lateral aspect of the elbow, with limited supination. This presentation is suggestive of a nursemaid's elbow, which is a subluxation of the radial head.

The typical management for a nursemaid's elbow involves gentle manipulation to reduce the subluxation. The correct technique is to apply moderate flexion to the arm and then hyperpronate the forearm (turning it inward and downward) to pop the radial head back into its socket. Immobilization (A) is not typically required as this is a non-displaced subluxation. Open reduction (C) would be indicated for a displaced fracture or a dislocation that cannot be reduced by manual methods. Radiograph (D) is usually not necessary for typical nursemaid's elbow unless there is concern for a fracture or the reduction is not easily achieved. Supination then maximal extension (E) is not the correct technique for reducing a nursemaid's elbow and could potentially worsen the subluxation.

Therefore, the answer is (B) Moderate flexion then hyperpronation.",,,0.0,0.0
